,Country,Year,Total Exports,Population,Total Exports Per Capita
0,Afghanistan,2018,26164153,335056497,7.808877975585115
1,Albania,2018,4221500,335056497,1.2599367682161375
2,Algeria,2018,8189964,335056497,2.4443531384499613
3,Andorra,2018,143275,335056497,0.042761445094437314
4,Angola,2018,2502012,335056497,0.7467433171427206
5,Anguilla,2018,1717970,335056497,0.5127403931522629
6,Antigua Barbuda,2018,3930383,335056497,1.1730508243211293
7,Argentina,2018,267488553,335056497,79.83386545105556
8,Armenia,2018,722445,335056497,0.2156188602425459
9,Aruba,2018,5902518,335056497,1.7616485735538505
10,Australia,2018,1303241107,335056497,388.96159861660584
11,Austria,2018,109798202,335056497,32.77005608997339
12,Azerbaijan,2018,3436230,335056497,1.0255673388718083
13,Bahamas,2018,27087389,335056497,8.084424341128356
14,Bahrain,2018,12888386,335056497,3.846630677333202
15,Bangladesh,2018,2559118,335056497,0.7637870099262692
16,Barbados,2018,6398764,335056497,1.9097567297732478
17,Belarus,2018,7154677,335056497,2.1353643531944404
18,Belgium,2018,515144060,335056497,153.74841694235226
19,Belize,2018,6338149,335056497,1.8916657509255819
20,Benin,2018,46841986,335056497,13.980324637608803
21,Bermuda,2018,11052152,335056497,3.2985935503289165
22,Bhutan,2018,7677,335056497,0.0022912553759552976
23,Bolivia,2018,20431050,335056497,6.09779251646626
24,Bosnia-Hercegovina,2018,282428,335056497,0.08429264990495021
25,Botswana,2018,565763,335056497,0.16885600042550436
26,Br Indian Ocean Territory,2018,68289,335056497,0.02038133885223542
27,Brazil,2018,1229461048,335056497,366.9414140624768
28,British Virgin Islands,2018,4919438,335056497,1.468241339609063
29,Brunei,2018,1062530,335056497,0.3171196528088814
30,Bulgaria,2018,3382045,335056497,1.0093954393607834
31,Burkina (Upper Volta),2018,1228615,335056497,0.3666889050057728
32,Burma (Myanmar),2018,684480,335056497,0.20428793535676462
33,Burundi,2018,25236,335056497,0.007531864096340744
34,Cambodia (Kampuchea),2018,60350387,335056497,18.012003211506148
35,Cameroon,2018,3388536,335056497,1.0113327245822665
36,Canada,2018,30749813818,335056497,9177.501135875602
37,Cape Verde,2018,889355,335056497,0.26543433957049933
38,Cayman Islands,2018,9734090,335056497,2.9052085505448355
39,Central African Republic,2018,119163,335056497,0.035565046810598036
40,Chad,2018,315147,335056497,0.0940578686943056
41,Chile,2018,374391440,335056497,111.73979413985218
42,China,2018,3661971653,335056497,1092.9415444225813
43,Christmas Island,2018,21820,335056497,0.006512334545179704
44,Cocos (Keeling) Islands,2018,0,335056497,0.0
45,Colombia,2018,314549123,335056497,93.87942804165353
46,Comoros,2018,0,335056497,0.0
47,Congo,2018,736826,335056497,0.21991097220836758
48,"Congo, Dem Republic (Former Zaire)",2018,865384,335056497,0.25828002374178705
49,Cook Islands,2018,202306,335056497,0.06037966785046404
50,Costa Rica,2018,60763210,335056497,18.135213178689682
51,Croatia,2018,1197045,335056497,0.3572666134571329
52,Cuba,2018,25630,335056497,0.007649456204993393
53,Curacao,2018,6049615,335056497,1.8055507217936442
54,Cyprus,2018,530679,335056497,0.1583849305271045
55,Czech Republic,2018,76792179,335056497,22.919173240207307
56,Denmark,2018,25706439,335056497,7.672269969443392
57,Djibouti,2018,803906,335056497,0.23993147639217394
58,Dominica,2018,1821895,335056497,0.5437575502378633
59,Dominican Republic,2018,173808472,335056497,51.874377472525175
60,East Timor,2018,46738,335056497,0.01394928927463836
61,Ecuador,2018,97865701,335056497,29.20871610497378
62,Egypt,2018,75266817,335056497,22.463918077672734
63,El Salvador,2018,49420699,335056497,14.749959914969207
64,Equatorial Guinea,2018,4052864,335056497,1.2096061518842895
65,Eritrea,2018,231650,335056497,0.06913759383092935
66,Estonia,2018,6927640,335056497,2.0676035420975585
67,Ethiopia,2018,7897965,335056497,2.357203955367563
68,Falkland Islands,2018,4100,335056497,0.0012236742270960949
69,Faroe Islands,2018,4405,335056497,0.0013147036513069018
70,Fed States of Micronesia,2018,196152,335056497,0.058542962681305655
71,Fiji,2018,1113239,335056497,0.33225411534103155
72,Finland,2018,38559965,335056497,11.508496431274992
73,France,2018,447151657,335056497,133.45559957907636
74,French Guiana,2018,935910,335056497,0.2793290111906112
75,French Polynesia,2018,2614505,335056497,0.7803176549058233
76,French S. Antarctic Terr,2018,0,335056497,0.0
77,Gabon,2018,1337442,335056497,0.39916909893557445
78,Gambia,2018,1923265,335056497,0.5740121493599929
79,Gaza Strip,2018,12627,335056497,0.003768618162327412
80,Georgia,2018,18265727,335056497,5.451536431481285
81,Germany,2018,2510446944,335056497,749.2607863085252
82,Ghana,2018,24600185,335056497,7.342100577145352
83,Gibraltar,2018,531005,335056497,0.15848222755101507
84,Greece,2018,6225550,335056497,1.8580597767068519
85,Greenland,2018,63640,335056497,0.018993811661559872
86,Grenada,2018,1598011,335056497,0.4769377744673311
87,Guadeloupe,2018,1449484,335056497,0.43260883253369653
88,Guatemala,2018,103035050,335056497,30.75154516403841
89,Guinea,2018,4822160,335056497,1.4392080270570011
90,Guinea-Bissau,2018,16896,335056497,0.005042731644150151
91,Guyana,2018,10286756,335056497,3.070155657957589
92,Haiti,2018,10773343,335056497,3.215381016772225
93,Heard Isl & McDonald Isl,2018,13340,335056497,0.0039814180949907085
94,Honduras,2018,78084055,335056497,23.304742841622915
95,Hong Kong,2018,621361030,335056497,185.44962881289837
96,Hungary,2018,139797521,335056497,41.72356669746953
97,Iceland,2018,5389578,335056497,1.6085579740302722
98,India,2018,637471291,335056497,190.2578510513109
99,Indonesia,2018,53641754,335056497,16.009763869763134
100,Iran,2018,78250,335056497,0.02335427030982181
101,Iraq,2018,32389795,335056497,9.666965210347794
102,Ireland,2018,26231197,335056497,7.828887735312293
103,Israel,2018,62301926,335056497,18.594453937719045
104,Italy,2018,837015834,335056497,249.81334237491296
105,Ivory Coast,2018,3329143,335056497,0.993606460345701
106,Jamaica,2018,18846746,335056497,5.624945693860101
107,Japan,2018,1927854286,335056497,575.3818544816936
108,Jordan,2018,19286251,335056497,5.756119094147874
109,Kazakhstan,2018,11587280,335056497,3.458306316620985
110,Kenya,2018,3512585,335056497,1.0483560329230088
111,Kiribati (Gilbert Isl),2018,83065,335056497,0.02479134138383832
112,Korea,2018,793461244,335056497,236.81416450790388
113,Kosovo,2018,101193,335056497,0.03020177221037442
114,Kuwait,2018,49709935,335056497,14.836284461005393
115,Kyrgyzstan,2018,1247764,335056497,0.3724040605605687
116,Laos,2018,54975,335056497,0.016407680642587272
117,Latvia,2018,5586506,335056497,1.6673325394433405
118,Lebanon,2018,36677305,335056497,10.94660313362018
119,Lesotho,2018,0,335056497,0.0
120,Liberia,2018,4610985,335056497,1.3761813429333383
121,Libya,2018,12629501,335056497,3.7693646036059407
122,Liechtenstein,2018,903601,335056497,0.26968615982396543
123,Lithuania,2018,13021472,335056497,3.8863511427447412
124,Luxembourg,2018,13687122,335056497,4.08501913037072
125,Macao,2018,529481,335056497,0.1580273788870896
126,Macedonia,2018,20872417,335056497,6.229521643927412
127,Madagascar,2018,905031,335056497,0.2701129535178063
128,Malawi,2018,139464,335056497,0.04162402497749507
129,Malaysia,2018,130120507,335056497,38.83539288599439
130,Maldive Islands,2018,1102103,335056497,0.32893049675738717
131,Mali,2018,1295311,335056497,0.3865948016522121
132,Malta and Gozo,2018,4878691,335056497,1.4560801069916278
133,Marshall Islands,2018,851672,335056497,0.254187579594972
134,Martinique,2018,1836239,335056497,0.5480386192899283
135,Mauritania,2018,3865631,335056497,1.1537251283326106
136,Mauritius,2018,511336,335056497,0.15261187428936798
137,Mayotte,2018,52588,335056497,0.015695263476714495
138,Mexico,2018,32762586770,335056497,9778.227571572803
139,Moldova,2018,87436,335056497,0.026095897492774182
140,Monaco,2018,108527,335056497,0.03239065679123363
141,Mongolia,2018,7769016,335056497,2.3187182070968766
142,Montenegro,2018,375658,335056497,0.11211780800060116
143,Montserrat,2018,203167,335056497,0.06063663943815421
144,Morocco,2018,13545715,335056497,4.042815203192434
145,Mozambique,2018,2877225,335056497,0.8587283117211125
146,Namibia,2018,1556642,335056497,0.4645909015159315
147,Nauru,2018,218380,335056497,0.06517706773493785
148,Nepal,2018,276051,335056497,0.08238938879612294
149,Netherlands,2018,1681991811,335056497,502.0024461725331
150,Netherlands Antilles,2018,0,335056497,0.0
151,New Caledonia,2018,669778,335056497,0.19990001865267518
152,New Zealand,2018,62567461,335056497,18.67370475135123
153,Nicaragua,2018,18785611,335056497,5.606699517305584
154,Niger,2018,1068524,335056497,0.31890860483747013
155,Nigeria,2018,146609191,335056497,43.75655816636798
156,Niue,2018,874451,335056497,0.26098613452644076
157,Norfolk Island,2018,0,335056497,0.0
158,Norway,2018,50374983,335056497,15.03477277743998
159,Oman,2018,35884247,335056497,10.709909320158625
160,Pakistan,2018,14814522,335056497,4.421499697109291
161,Palau,2018,118845,335056497,0.035470137443715945
162,Panama,2018,137864187,335056497,41.14654938328207
163,Papua New Guinea,2018,1958876,335056497,0.5846405061651438
164,Paraguay,2018,317786352,335056497,94.84560211348476
165,Peru,2018,255870008,335056497,76.36622787231015
166,Philippines,2018,61227407,335056497,18.27375608239586
167,Pitcairn Island,2018,0,335056497,0.0
168,Poland,2018,207882527,335056497,62.044022086221474
169,Portugal,2018,24040431,335056497,7.175038005605365
170,Qatar,2018,40794518,335056497,12.175414703270176
171,Republic of South Africa,2018,669255366,335056497,199.74403480974732
172,Reunion,2018,1784619,335056497,0.5326322623136599
173,Romania,2018,36052315,335056497,10.76007041284145
174,Russia,2018,426559099,335056497,127.30960384869063
175,Rwanda,2018,319619,335056497,0.09539256897322602
176,San Marino,2018,148549,335056497,0.044335507990462875
177,Sao Tome and Principe,2018,0,335056497,0.0
178,Saudi Arabia,2018,214759592,335056497,64.09653115904212
179,Senegal,2018,7530094,335056497,2.247410233027059
180,Serbia,2018,1319111,335056497,0.3936980813119407
181,Seychelles,2018,840748,335056497,0.2509272339225823
182,Sierra Leone,2018,4893336,335056497,1.4604510116393892
183,Singapore,2018,377015084,335056497,112.52283939445591
184,Sint Maarten,2018,8016789,335056497,2.392667825211579
185,Slovakia,2018,21753633,335056497,6.492526840928561
186,Slovenia,2018,1977046,335056497,0.5900634721910795
187,Solomon Islands,2018,445926,335056497,0.13308979351025688
188,Somalia,2018,421171,335056497,0.1257014872927535
189,South Sudan,2018,27223,335056497,0.008124898410789509
190,Spain,2018,503597784,335056497,150.30234856183074
191,Sri Lanka (Ceylon),2018,2332787,335056497,0.6962369095621507
192,St Christopher-Nevis,2018,2122074,335056497,0.6333481126318825
193,St Helena,2018,5797,335056497,0.001730155974262454
194,St Lucia,2018,2549720,335056497,0.7609821098320622
195,St Pierre and Miquelon,2018,0,335056497,0.0
196,St Vincent and Grenadines,2018,1511188,335056497,0.4510248311943642
197,Sudan,2018,120152,335056497,0.035860220910743895
198,Suriname,2018,16258566,335056497,4.852484922863621
199,"Svalbard, Jan Mayen Island",2018,0,335056497,0.0
200,Swaziland,2018,459879,335056497,0.13725416582505487
201,Sweden,2018,136636377,335056497,40.780100736264785
202,Switzerland,2018,23642786,335056497,7.056358020719115
203,Syria,2018,0,335056497,0.0
204,Taiwan,2018,71283480,335056497,21.275062754565838
205,Tajikistan,2018,30112,335056497,0.008987141055199417
206,Tanzania,2018,6397327,335056497,1.909327846879507
207,Thailand,2018,546413048,335056497,163.08086931381007
208,Togo,2018,12559443,335056497,3.7484552940932825
209,Tokelau Islands,2018,0,335056497,0.0
210,Tonga,2018,195424,335056497,0.058325685891713955
211,Trinidad and Tobago,2018,24062285,335056497,7.1815604876929156
212,Tunisia,2018,2402871,335056497,0.7171539789601513
213,Turkey,2018,259980315,335056497,77.5929782970303
214,Turkmenistan,2018,537194,335056497,0.16032937871967307
215,Turks and Caicos Islands,2018,4043347,335056497,1.2067657353917838
216,Tuvalu,2018,21845,335056497,0.006519795973393705
217,Uganda,2018,1125374,335056497,0.33587589259610745
218,Ukraine,2018,13599272,335056497,4.058799671626723
219,United Arab Emirates,2018,580421751,335056497,173.23100915724072
220,United Kingdom,2018,2060875606,335056497,615.0830156861575
221,Uruguay,2018,14059852,335056497,4.196263055898898
222,Uzbekistan,2018,1474911,335056497,0.44019770194159225
223,Vanuatu (New Hebrides),2018,243580,335056497,0.07269818737465043
224,Vatican City,2018,26663,335056497,0.007957762418795896
225,Venezuela,2018,46316154,335056497,13.82338632878383
226,Vietnam,2018,33166877,335056497,9.898890872723474
227,Wallis and Futuna,2018,0,335056497,0.0
228,West Bank,2018,0,335056497,0.0
229,Western Sahara,2018,0,335056497,0.0
230,Western Samoa,2018,555989,335056497,0.1659388804509587
231,Yemen (Sana),2018,1051329,335056497,0.31377663451188054
232,Zambia,2018,30225559,335056497,9.021033548261563
233,Zimbabwe (Rhodesia),2018,3456721,335056497,1.0316830238931316
234,Afghanistan,2019,23166924,337790067,6.858379290353733
235,Albania,2019,4673425,337790067,1.3835294333862103
236,Algeria,2019,7768895,337790067,2.2999181322877678
237,Andorra,2019,0,337790067,0.0
238,Angola,2019,2771089,337790067,0.8203583440480504
239,Anguilla,2019,529019,337790067,0.15661176916726802
240,Antigua Barbuda,2019,3433798,337790067,1.0165479495878722
241,Argentina,2019,194986715,337790067,57.72422994309066
242,Armenia,2019,418773,337790067,0.1239743381796955
243,Aruba,2019,6126684,337790067,1.8137549319944923
244,Australia,2019,1299923847,337790067,384.83187458558393
245,Austria,2019,86947159,337790067,25.739998743065467
246,Azerbaijan,2019,3811689,337790067,1.128419504413669
247,Bahamas,2019,24267066,337790067,7.1840673751960855
248,Bahrain,2019,7488067,337790067,2.2167812885984004
249,Bangladesh,2019,1566354,337790067,0.4637063528573207
250,Barbados,2019,5832595,337790067,1.7266922771888376
251,Belarus,2019,2049165,337790067,0.6066386197199812
252,Belgium,2019,570884549,337790067,169.00572419733112
253,Belize,2019,6156466,337790067,1.8225716506933285
254,Benin,2019,46003033,337790067,13.618823492521466
255,Bermuda,2019,4781226,337790067,1.4154430420240864
256,Bhutan,2019,0,337790067,0.0
257,Bolivia,2019,17524036,337790067,5.187848226454806
258,Bosnia-Hercegovina,2019,371080,337790067,0.1098552137117756
259,Botswana,2019,614914,337790067,0.1820402848020987
260,Br Indian Ocean Territory,2019,35473,337790067,0.010501492928742633
261,Brazil,2019,1132108057,337790067,335.151375839598
262,British Virgin Islands,2019,3361011,337790067,0.9949999506646239
263,Brunei,2019,773516,337790067,0.22899311601131245
264,Bulgaria,2019,2472278,337790067,0.7318977795756203
265,Burkina (Upper Volta),2019,684646,337790067,0.20268387584055275
266,Burma (Myanmar),2019,806760,337790067,0.23883473163229516
267,Burundi,2019,0,337790067,0.0
268,Cambodia (Kampuchea),2019,57646799,337790067,17.06586564607301
269,Cameroon,2019,3787931,337790067,1.1213861418843911
270,Canada,2019,29422005117,337790067,8710.145143788375
271,Cape Verde,2019,808806,337790067,0.23944043327952566
272,Cayman Islands,2019,8419728,337790067,2.4925919446885336
273,Central African Republic,2019,218235,337790067,0.06460669549528228
274,Chad,2019,4116177,337790067,1.2185606985299542
275,Chile,2019,415207483,337790067,122.91879589224274
276,China,2019,2587226278,337790067,765.9272816923891
277,Christmas Island,2019,47349,337790067,0.014017286067799027
278,Cocos (Keeling) Islands,2019,0,337790067,0.0
279,Colombia,2019,289664557,337790067,85.75283446685837
280,Comoros,2019,0,337790067,0.0
281,Congo,2019,1463988,337790067,0.43340173173298197
282,"Congo, Dem Republic (Former Zaire)",2019,1717172,337790067,0.5083547942219391
283,Cook Islands,2019,0,337790067,0.0
284,Costa Rica,2019,54909273,337790067,16.255443354999542
285,Croatia,2019,2168638,337790067,0.6420076289573073
286,Cuba,2019,60460,337790067,0.017898690904963762
287,Curacao,2019,4708025,337790067,1.3937724817704602
288,Cyprus,2019,640337,337790067,0.18956655702963582
289,Czech Republic,2019,84738748,337790067,25.086216641177906
290,Denmark,2019,32796330,337790067,9.709086561151013
291,Djibouti,2019,1033689,337790067,0.3060152150655158
292,Dominica,2019,2608010,337790067,0.7720801334279613
293,Dominican Republic,2019,163529280,337790067,48.411512349177514
294,East Timor,2019,24857,337790067,0.007358712534314989
295,Ecuador,2019,81014308,337790067,23.983626493078614
296,Egypt,2019,66714462,337790067,19.750273473849663
297,El Salvador,2019,49712161,337790067,14.716880647647937
298,Equatorial Guinea,2019,5719530,337790067,1.6932203041956233
299,Eritrea,2019,18422,337790067,0.005453683159961006
300,Estonia,2019,5118820,337790067,1.5153849979845617
301,Ethiopia,2019,8079183,337790067,2.391776369196789
302,Falkland Islands,2019,0,337790067,0.0
303,Faroe Islands,2019,59724,337790067,0.01768080409540284
304,Fed States of Micronesia,2019,881509,337790067,0.2609635646864655
305,Fiji,2019,557786,337790067,0.1651280053773754
306,Finland,2019,36934653,337790067,10.934203402730608
307,France,2019,475124247,337790067,140.656666200904
308,French Guiana,2019,428775,337790067,0.12693534887158184
309,French Polynesia,2019,2470679,337790067,0.7314244086401748
310,French S. Antarctic Terr,2019,0,337790067,0.0
311,Gabon,2019,2162469,337790067,0.6401813467179306
312,Gambia,2019,2054858,337790067,0.6083239860336095
313,Gaza Strip,2019,3483,337790067,0.0010311138012237642
314,Georgia,2019,26164364,337790067,7.745747005639452
315,Germany,2019,2182973052,337790067,646.2514044262882
316,Ghana,2019,25030544,337790067,7.410088823008523
317,Gibraltar,2019,1019721,337790067,0.3018801023536314
318,Greece,2019,6921523,337790067,2.049060548603994
319,Greenland,2019,117009,337790067,0.03463956209227431
320,Grenada,2019,1603847,337790067,0.47480585034491257
321,Guadeloupe,2019,837018,337790067,0.2477923662568799
322,Guatemala,2019,86430040,337790067,25.586909872041915
323,Guinea,2019,5107433,337790067,1.5120139693154446
324,Guinea-Bissau,2019,18390,337790067,0.0054442098204148795
325,Guyana,2019,10028287,337790067,2.9687927442816133
326,Haiti,2019,9797253,337790067,2.900397009009741
327,Heard Isl & McDonald Isl,2019,0,337790067,0.0
328,Honduras,2019,75881705,337790067,22.46416115012642
329,Hong Kong,2019,529905366,337790067,156.87417060727248
330,Hungary,2019,147575930,337790067,43.68865292892109
331,Iceland,2019,5486108,337790067,1.6241176209601214
332,India,2019,541940971,337790067,160.4372135075245
333,Indonesia,2019,54640693,337790067,16.175932432021455
334,Iran,2019,143820,337790067,0.04257674042262468
335,Iraq,2019,32610938,337790067,9.654202768490526
336,Ireland,2019,29928099,337790067,8.859970118659529
337,Israel,2019,62632177,337790067,18.5417462260665
338,Italy,2019,719312974,337790067,212.94675133238894
339,Ivory Coast,2019,3132831,337790067,0.9274491188635218
340,Jamaica,2019,18025311,337790067,5.336246610235581
341,Japan,2019,1548224267,337790067,458.33919296389496
342,Jordan,2019,12377284,337790067,3.6641941872139183
343,Kazakhstan,2019,8926268,337790067,2.642548988866508
344,Kenya,2019,6412976,337790067,1.898509348411361
345,Kiribati (Gilbert Isl),2019,30379,337790067,0.008993455689743536
346,Korea,2019,718152373,337790067,212.60316485268348
347,Kosovo,2019,271911,337790067,0.08049703841646712
348,Kuwait,2019,79327933,337790067,23.48438890004424
349,Kyrgyzstan,2019,902673,337790067,0.26722899462878524
350,Laos,2019,43761,337790067,0.012955087871189534
351,Latvia,2019,6463974,337790067,1.9136068912292794
352,Lebanon,2019,25530959,337790067,7.5582326107889966
353,Lesotho,2019,0,337790067,0.0
354,Liberia,2019,3877113,337790067,1.1477877471157256
355,Libya,2019,22025964,337790067,6.520607368836574
356,Liechtenstein,2019,899151,337790067,0.26618633519498963
357,Lithuania,2019,22622557,337790067,6.697223870706654
358,Luxembourg,2019,10411146,337790067,3.082135035071946
359,Macao,2019,812298,337790067,0.24047421145749676
360,Macedonia,2019,10597558,337790067,3.137320790430466
361,Madagascar,2019,537885,337790067,0.15923647630526686
362,Malawi,2019,18441,337790067,0.0054593079553165195
363,Malaysia,2019,116993968,337790067,34.63511199102252
364,Maldive Islands,2019,420850,337790067,0.12458921712461131
365,Mali,2019,2019734,337790067,0.5979258117142917
366,Malta and Gozo,2019,1940517,337790067,0.5744742636259935
367,Marshall Islands,2019,869575,337790067,0.2574306011194817
368,Martinique,2019,2653592,337790067,0.7855743135276977
369,Mauritania,2019,5537216,337790067,1.6392477283827296
370,Mauritius,2019,889889,337790067,0.26344439548010745
371,Mayotte,2019,28372,337790067,0.008399299675084881
372,Mexico,2019,33351165102,337790067,9873.340977193388
373,Moldova,2019,56821,337790067,0.01682139457345263
374,Monaco,2019,11055,337790067,0.0032727427713260733
375,Mongolia,2019,19252144,337790067,5.699440534466634
376,Montenegro,2019,311473,337790067,0.09220904651408829
377,Montserrat,2019,194085,337790067,0.057457284556564535
378,Morocco,2019,11537717,337790067,3.4156472102538173
379,Mozambique,2019,4236370,337790067,1.2541428579070681
380,Namibia,2019,1659838,337790067,0.4913815301738876
381,Nauru,2019,0,337790067,0.0
382,Nepal,2019,195727,337790067,0.05794338529202518
383,Netherlands,2019,1221606616,337790067,361.6466957863506
384,Netherlands Antilles,2019,0,337790067,0.0
385,New Caledonia,2019,2164879,337790067,0.6408948076024983
386,New Zealand,2019,58282996,337790067,17.254206589798866
387,Nicaragua,2019,16751059,337790067,4.959014677006474
388,Niger,2019,1538478,337790067,0.4554538899452008
389,Nigeria,2019,178965164,337790067,52.98118017188469
390,Niue,2019,0,337790067,0.0
391,Norfolk Island,2019,0,337790067,0.0
392,Norway,2019,61505152,337790067,18.208099647879816
393,Oman,2019,28354638,337790067,8.394159796297386
394,Pakistan,2019,12618886,337790067,3.735718492870899
395,Palau,2019,77602,337790067,0.02297344048307969
396,Panama,2019,109434971,337790067,32.39733245323641
397,Papua New Guinea,2019,493241,337790067,0.14601998347097636
398,Paraguay,2019,205890762,337790067,60.9522843074009
399,Peru,2019,227439394,337790067,67.33158142273022
400,Philippines,2019,51361753,337790067,15.2052289329159
401,Pitcairn Island,2019,0,337790067,0.0
402,Poland,2019,251238270,337790067,74.37704495911065
403,Portugal,2019,21511945,337790067,6.368436227581553
404,Qatar,2019,48471631,337790067,14.349631838049282
405,Republic of South Africa,2019,713160443,337790067,211.12534460641794
406,Reunion,2019,462746,337790067,0.13699218692537812
407,Romania,2019,35345979,337790067,10.463889395539864
408,Russia,2019,458945462,337790067,135.86706858375442
409,Rwanda,2019,125435,337790067,0.037134010811513886
410,San Marino,2019,0,337790067,0.0
411,Sao Tome and Principe,2019,187038,337790067,0.05537107756339087
412,Saudi Arabia,2019,213157286,337790067,63.10347959402844
413,Senegal,2019,10195215,337790067,3.0182104200239848
414,Serbia,2019,1806826,337790067,0.5348961312115789
415,Seychelles,2019,703893,337790067,0.20838179353568737
416,Sierra Leone,2019,3672164,337790067,1.087114263783251
417,Singapore,2019,367196103,337790067,108.7054176166761
418,Sint Maarten,2019,5539479,337790067,1.639917671113757
419,Slovakia,2019,21927554,337790067,6.4914738893136255
420,Slovenia,2019,5843178,337790067,1.7298252882018583
421,Solomon Islands,2019,5282808,337790067,1.5639323106561331
422,Somalia,2019,2678617,337790067,0.7929827610946298
423,South Sudan,2019,97238,337790067,0.028786518462071888
424,Spain,2019,643684034,337790067,190.5574192032118
425,Sri Lanka (Ceylon),2019,1367688,337790067,0.4048929005363559
426,St Christopher-Nevis,2019,2107242,337790067,0.6238318428706194
427,St Helena,2019,0,337790067,0.0
428,St Lucia,2019,2094087,337790067,0.6199374121915787
429,St Pierre and Miquelon,2019,0,337790067,0.0
430,St Vincent and Grenadines,2019,1603680,337790067,0.47475641135415625
431,Sudan,2019,44885,337790067,0.013287838922747246
432,Suriname,2019,20357156,337790067,6.026570343171162
433,"Svalbard, Jan Mayen Island",2019,0,337790067,0.0
434,Swaziland,2019,472630,337790067,0.13991826467768811
435,Sweden,2019,155891421,337790067,46.15038635816369
436,Switzerland,2019,28677197,337790067,8.489650762880485
437,Syria,2019,0,337790067,0.0
438,Taiwan,2019,73126097,337790067,21.64838583012567
439,Tajikistan,2019,336203,337790067,0.09953016173207958
440,Tanzania,2019,3328015,337790067,0.9852317534251237
441,Thailand,2019,819004819,337790067,242.459710634416
442,Togo,2019,11193519,337790067,3.31375019384451
443,Tokelau Islands,2019,0,337790067,0.0
444,Tonga,2019,178011,337790067,0.0526987076858006
445,Trinidad and Tobago,2019,21800713,337790067,6.453923643645803
446,Tunisia,2019,5477512,337790067,1.621572845124543
447,Turkey,2019,291533862,337790067,86.3062269974919
448,Turkmenistan,2019,405125,337790067,0.11993395886327232
449,Turks and Caicos Islands,2019,2410090,337790067,0.7134875283351656
450,Tuvalu,2019,3996,337790067,0.0011829832758226133
451,Uganda,2019,622996,337790067,0.1844328951212174
452,Ukraine,2019,23367155,337790067,6.917656048186876
453,United Arab Emirates,2019,611809884,337790067,181.12133652526853
454,United Kingdom,2019,1957206938,337790067,579.415183928425
455,Uruguay,2019,30473819,337790067,9.021526082944293
456,Uzbekistan,2019,3761909,337790067,1.113682540582225
457,Vanuatu (New Hebrides),2019,21077,337790067,0.006239674300428734
458,Vatican City,2019,0,337790067,0.0
459,Venezuela,2019,61425196,337790067,18.184429324856374
460,Vietnam,2019,56847600,337790067,16.829269286950346
461,Wallis and Futuna,2019,0,337790067,0.0
462,West Bank,2019,0,337790067,0.0
463,Western Sahara,2019,0,337790067,0.0
464,Western Samoa,2019,370892,337790067,0.1097995578419421
465,Yemen (Sana),2019,1549232,337790067,0.4586375241164211
466,Zambia,2019,5358788,337790067,1.5864255712409685
467,Zimbabwe (Rhodesia),2019,3562230,337790067,1.054569197856253
468,Afghanistan,2020,25039002,339436159,7.376645456325706
469,Albania,2020,3877790,339436159,1.1424210111922697
470,Algeria,2020,5478721,339436159,1.6140652239704374
471,Andorra,2020,17674,339436159,0.005206870137839381
472,Angola,2020,2001058,339436159,0.5895241113661082
473,Anguilla,2020,296540,339436159,0.08736252521641337
474,Antigua Barbuda,2020,3224913,339436159,0.9500793932799599
475,Argentina,2020,174470821,339436159,51.40018715566482
476,Armenia,2020,749807,339436159,0.2208977977505337
477,Aruba,2020,3672123,339436159,1.0818302360061764
478,Australia,2020,1175605909,339436159,346.34080012671836
479,Austria,2020,64445779,339436159,18.986126637144746
480,Azerbaijan,2020,2220066,339436159,0.6540452279864504
481,Bahamas,2020,20818527,339436159,6.1332673164027876
482,Bahrain,2020,6429524,339436159,1.8941776913048323
483,Bangladesh,2020,1457734,339436159,0.4294574874682105
484,Barbados,2020,4974101,339436159,1.4654010387856173
485,Belarus,2020,5937043,339436159,1.7490897308910451
486,Belgium,2020,395908355,339436159,116.63705957737992
487,Belize,2020,3207846,339436159,0.9450513491109827
488,Benin,2020,26753925,339436159,7.881872420080031
489,Bermuda,2020,3545342,339436159,1.0444797662231382
490,Bhutan,2020,0,339436159,0.0
491,Bolivia,2020,19969942,339436159,5.883268906539801
492,Bosnia-Hercegovina,2020,54372,339436159,0.016018328795666108
493,Botswana,2020,304000,339436159,0.08956028753554214
494,Br Indian Ocean Territory,2020,93369,339436159,0.027507087127980376
495,Brazil,2020,905093821,339436159,266.6462593927714
496,British Virgin Islands,2020,2784305,339436159,0.8202735407455515
497,Brunei,2020,1800707,339436159,0.530499462787051
498,Bulgaria,2020,2833376,339436159,0.8347301620273166
499,Burkina (Upper Volta),2020,2070800,339436159,0.6100705375940811
500,Burma (Myanmar),2020,1232342,339436159,0.36305560480962196
501,Burundi,2020,37866,339436159,0.01115555870993697
502,Cambodia (Kampuchea),2020,24198001,339436159,7.128881339951764
503,Cameroon,2020,2489275,339436159,0.7333558709047259
504,Canada,2020,21979574184,339436159,6475.319025749404
505,Cape Verde,2020,1402858,339436159,0.4132906771432091
506,Cayman Islands,2020,5238255,339436159,1.5432224473174057
507,Central African Republic,2020,60971,339436159,0.01796243516884717
508,Chad,2020,622934,339436159,0.1835202241962678
509,Chile,2020,345175980,339436159,101.69098690513995
510,China,2020,3427468841,339436159,1009.7536017074716
511,Christmas Island,2020,0,339436159,0.0
512,Cocos (Keeling) Islands,2020,0,339436159,0.0
513,Colombia,2020,185373314,339436159,54.61212928702743
514,Comoros,2020,0,339436159,0.0
515,Congo,2020,1361734,339436159,0.4011752914043551
516,"Congo, Dem Republic (Former Zaire)",2020,734807,339436159,0.2164787046155563
517,Cook Islands,2020,65000,339436159,0.0191494035849021
518,Costa Rica,2020,39533553,339436159,11.646830177571035
519,Croatia,2020,1056296,339436159,0.3111913601402731
520,Cuba,2020,27930,339436159,0.008228351417327934
521,Curacao,2020,4773142,339436159,1.406197269631489
522,Cyprus,2020,405528,339436159,0.11947106672274123
523,Czech Republic,2020,52463903,339436159,15.45619157209471
524,Denmark,2020,20719550,339436159,6.104108077654744
525,Djibouti,2020,2455549,339436159,0.7234199819000426
526,Dominica,2020,1264799,339436159,0.37261763853508606
527,Dominican Republic,2020,124325928,339436159,36.627190328299704
528,East Timor,2020,3888,339436159,0.0011454289405861441
529,Ecuador,2020,82589444,339436159,24.331363000133408
530,Egypt,2020,70412790,339436159,20.74404512690706
531,El Salvador,2020,37259237,339436159,10.976802562746416
532,Equatorial Guinea,2020,3924703,339436159,1.1562418722750158
533,Eritrea,2020,17400,339436159,0.005126148036573793
534,Estonia,2020,1393622,339436159,0.41056969419689904
535,Ethiopia,2020,4875952,339436159,1.4364857339786243
536,Falkland Islands,2020,0,339436159,0.0
537,Faroe Islands,2020,12880,339436159,0.003794527971900601
538,Fed States of Micronesia,2020,275169,339436159,0.08106649592390656
539,Fiji,2020,231277,339436159,0.06813564019854466
540,Finland,2020,15872427,339436159,4.676115546075337
541,France,2020,343901049,339436159,101.31538431649528
542,French Guiana,2020,1942640,339436159,0.5723138058488342
543,French Polynesia,2020,1048198,339436159,0.3088056390598033
544,French S. Antarctic Terr,2020,0,339436159,0.0
545,Gabon,2020,1552557,339436159,0.45739293202407466
546,Gambia,2020,2066359,339436159,0.6087621914199188
547,Gaza Strip,2020,0,339436159,0.0
548,Georgia,2020,21188575,339436159,6.242285754830262
549,Germany,2020,1760177517,339436159,518.559225447752
550,Ghana,2020,39294777,339436159,11.576485285411211
551,Gibraltar,2020,67408,339436159,0.019858815336170475
552,Greece,2020,6563786,339436159,1.933732110137388
553,Greenland,2020,69288,339436159,0.020412675009087645
554,Grenada,2020,2465847,339436159,0.7264538366403092
555,Guadeloupe,2020,1055295,339436159,0.3108964593250656
556,Guatemala,2020,83488740,339436159,24.596301185460916
557,Guinea,2020,4607359,339436159,1.3573565684850917
558,Guinea-Bissau,2020,6076,339436159,0.0017900273258748488
559,Guyana,2020,23197067,339436159,6.833999968754066
560,Haiti,2020,17488714,339436159,5.152283731798886
561,Heard Isl & McDonald Isl,2020,0,339436159,0.0
562,Honduras,2020,53466989,339436159,15.751706935854173
563,Hong Kong,2020,445266685,339436159,131.17833006117655
564,Hungary,2020,111879122,339436159,32.960283998499996
565,Iceland,2020,3083269,339436159,0.9083501914125772
566,India,2020,445003237,339436159,131.1007166446283
567,Indonesia,2020,51337057,339436159,15.124215743909593
568,Iran,2020,57000,339436159,0.016792553912914152
569,Iraq,2020,32693520,339436159,9.63171398601644
570,Ireland,2020,20946422,339436159,6.17094597750265
571,Israel,2020,70826414,339436159,20.865901325497852
572,Italy,2020,770453789,339436159,226.98046998581552
573,Ivory Coast,2020,3921405,339436159,1.155270260997739
574,Jamaica,2020,15154041,339436159,4.464474570017745
575,Japan,2020,1150140916,339436159,338.8386550768152
576,Jordan,2020,17139939,339436159,5.049532451255436
577,Kazakhstan,2020,10069100,339436159,2.9664193790267346
578,Kenya,2020,4352683,339436159,1.2823274376021914
579,Kiribati (Gilbert Isl),2020,66210,339436159,0.01950587709779028
580,Korea,2020,557704924,339436159,164.30333339943314
581,Kosovo,2020,2432405,339436159,0.7166016157989815
582,Kuwait,2020,52322871,339436159,15.414642669227234
583,Kyrgyzstan,2020,1880178,339436159,0.5539121128223702
584,Laos,2020,61328,339436159,0.018067609585459634
585,Latvia,2020,7972779,339436159,2.348830196372803
586,Lebanon,2020,9716239,339436159,2.8624643375133174
587,Lesotho,2020,0,339436159,0.0
588,Liberia,2020,2840645,339436159,0.8368716545605267
589,Libya,2020,9612830,339436159,2.831999404046992
590,Liechtenstein,2020,801450,339436159,0.23611214620184293
591,Lithuania,2020,38603582,339436159,11.372854946782496
592,Luxembourg,2020,8443909,339436159,2.4876280196182634
593,Macao,2020,260554,339436159,0.07676082617939357
594,Macedonia,2020,9211720,339436159,2.7138299075556063
595,Madagascar,2020,395149,339436159,0.11641334887954585
596,Malawi,2020,413318,339436159,0.12176604909083949
597,Malaysia,2020,94116882,339436159,27.727417808778586
598,Maldive Islands,2020,124465,339436159,0.03666816180299754
599,Mali,2020,2864992,339436159,0.844044431931013
600,Malta and Gozo,2020,903520,339436159,0.2661826019543192
601,Marshall Islands,2020,322285,339436159,0.09494716206707961
602,Martinique,2020,571057,339436159,0.1682369378920529
603,Mauritania,2020,4654536,339436159,1.3712552056070137
604,Mauritius,2020,177387,339436159,0.05225931159561584
605,Mayotte,2020,2617,339436159,0.0007709844489490585
606,Mexico,2020,25537022508,339436159,7523.36539019109
607,Moldova,2020,1590452,339436159,0.4685570343140726
608,Monaco,2020,86501,339436159,0.02548373168457872
609,Mongolia,2020,15835664,339436159,4.665284938013926
610,Montenegro,2020,206966,339436159,0.060973468651582284
611,Montserrat,2020,106679,339436159,0.03142829576975033
612,Morocco,2020,12761544,339436159,3.7596300988074756
613,Mozambique,2020,2871983,339436159,0.8461040239381215
614,Namibia,2020,276735,339436159,0.0815278492471982
615,Nauru,2020,10034,339436159,0.0029560787010908876
616,Nepal,2020,87857,339436159,0.025883217703980676
617,Netherlands,2020,1035973664,339436159,305.20427377331947
618,Netherlands Antilles,2020,0,339436159,0.0
619,New Caledonia,2020,2758717,339436159,0.812735157069698
620,New Zealand,2020,50889282,339436159,14.992298448675292
621,Nicaragua,2020,24813939,339436159,7.310340499109878
622,Niger,2020,1685396,339436159,0.4965281262212256
623,Nigeria,2020,179082807,339436159,52.75890686707894
624,Niue,2020,3723,339436159,0.0010968189161013927
625,Norfolk Island,2020,0,339436159,0.0
626,Norway,2020,53966084,339436159,15.898743421734277
627,Oman,2020,34397533,339436159,10.13372679603059
628,Pakistan,2020,7947297,339436159,2.3413230409551034
629,Palau,2020,52837,339436159,0.01556610826485342
630,Panama,2020,57023545,339436159,16.79949041610502
631,Papua New Guinea,2020,403253,339436159,0.11880083759726966
632,Paraguay,2020,147073770,339436159,43.32884582281642
633,Peru,2020,181306543,339436159,53.41403329985242
634,Philippines,2020,33202093,339436159,9.78154274954543
635,Pitcairn Island,2020,0,339436159,0.0
636,Poland,2020,281647518,339436159,82.97510755181507
637,Portugal,2020,11029339,339436159,3.2493117505492397
638,Qatar,2020,30581356,339436159,9.009457357193345
639,Republic of South Africa,2020,579335659,339436159,170.6758822356342
640,Reunion,2020,29997,339436159,0.00883730245132782
641,Romania,2020,35439157,339436159,10.440595693872437
642,Russia,2020,469713939,339436159,138.3806428825398
643,Rwanda,2020,203254,339436159,0.059879890403779876
644,San Marino,2020,5940,339436159,0.0017499608814510537
645,Sao Tome and Principe,2020,0,339436159,0.0
646,Saudi Arabia,2020,182033187,339436159,53.62810713398392
647,Senegal,2020,13609945,339436159,4.009574301128007
648,Serbia,2020,1714345,339436159,0.505056681365523
649,Seychelles,2020,2298741,339436159,0.6772233714794068
650,Sierra Leone,2020,1740502,339436159,0.5127626959742966
651,Singapore,2020,311582899,339436159,91.7942566631506
652,Sint Maarten,2020,4159570,339436159,1.2254351487638653
653,Slovakia,2020,17937504,339436159,5.28450005233532
654,Slovenia,2020,2103133,339436159,0.6195960401496294
655,Solomon Islands,2020,52699,339436159,0.01552545260801163
656,Somalia,2020,748927,339436159,0.22063854428661503
657,South Sudan,2020,59986,339436159,0.017672248052983654
658,Spain,2020,987679314,339436159,290.97645840377305
659,Sri Lanka (Ceylon),2020,887195,339436159,0.2613731555924188
660,St Christopher-Nevis,2020,1249310,339436159,0.3680544829639084
661,St Helena,2020,26951,339436159,0.00793993193871841
662,St Lucia,2020,2967640,339436159,0.8742851700722903
663,St Pierre and Miquelon,2020,0,339436159,0.0
664,St Vincent and Grenadines,2020,1199846,339436159,0.3534820814420069
665,Sudan,2020,83920,339436159,0.024723353059153606
666,Suriname,2020,11142036,339436159,3.282512986484743
667,"Svalbard, Jan Mayen Island",2020,17335,339436159,0.005106998632988891
668,Swaziland,2020,602447,339436159,0.17748462679251564
669,Sweden,2020,94208867,339436159,27.754517160913313
670,Switzerland,2020,30544666,339436159,8.99864825538519
671,Syria,2020,0,339436159,0.0
672,Taiwan,2020,88986782,339436159,26.216058495995412
673,Tajikistan,2020,23605,339436159,0.006954179563409448
674,Tanzania,2020,3655847,339436159,1.077035225348517
675,Thailand,2020,695753791,339436159,204.97338676284042
676,Togo,2020,11161131,339436159,3.288138492045569
677,Tokelau Islands,2020,0,339436159,0.0
678,Tonga,2020,12486,339436159,0.0036784531255551946
679,Trinidad and Tobago,2020,22791600,339436159,6.7145468730100735
680,Tunisia,2020,2110641,339436159,0.6218079435667901
681,Turkey,2020,254236166,339436159,74.89955305557179
682,Turkmenistan,2020,234406,339436159,0.06905746302650095
683,Turks and Caicos Islands,2020,1980842,339436159,0.5835683522449946
684,Tuvalu,2020,662532,339436159,0.19518604086019015
685,Uganda,2020,570583,339436159,0.16809729454898764
686,Ukraine,2020,52221109,339436159,15.38466295218713
687,United Arab Emirates,2020,558029444,339436159,164.39893900637733
688,United Kingdom,2020,1179319222,339436159,347.4347651924732
689,Uruguay,2020,11060287,339436159,3.258429223505325
690,Uzbekistan,2020,3049102,339436159,0.8982843810697257
691,Vanuatu (New Hebrides),2020,14447,339436159,0.004256175901401241
692,Vatican City,2020,0,339436159,0.0
693,Venezuela,2020,51411521,339436159,15.146153300656458
694,Vietnam,2020,35866046,339436159,10.566359843825596
695,Wallis and Futuna,2020,0,339436159,0.0
696,West Bank,2020,0,339436159,0.0
697,Western Sahara,2020,0,339436159,0.0
698,Western Samoa,2020,336255,339436159,0.09906281080678855
699,Yemen (Sana),2020,4048783,339436159,1.1927966106875492
700,Zambia,2020,3403296,339436159,1.0026321326597383
701,Zimbabwe (Rhodesia),2020,7466523,339436159,2.1996840354300615
702,Afghanistan,2021,6184292,340161441,1.8180461553254061
703,Albania,2021,7711680,340161441,2.267064714133781
704,Algeria,2021,5572948,340161441,1.6383244331329134
705,Andorra,2021,3613,340161441,0.0010621427253419942
706,Angola,2021,2100680,340161441,0.6175538279190204
707,Anguilla,2021,440912,340161441,0.12961845372709366
708,Antigua Barbuda,2021,2959267,340161441,0.8699595672279622
709,Argentina,2021,219873893,340161441,64.63810017785055
710,Armenia,2021,4329968,340161441,1.27291558598495
711,Aruba,2021,5148637,340161441,1.5135863091548933
712,Australia,2021,1433936916,340161441,421.545990569813
713,Austria,2021,79682442,340161441,23.424889595290725
714,Azerbaijan,2021,2821501,340161441,0.8294593860213568
715,Bahamas,2021,20445459,340161441,6.01051634185663
716,Bahrain,2021,8684624,340161441,2.5530889022780214
717,Bangladesh,2021,1667744,340161441,0.49028014318648183
718,Barbados,2021,5284812,340161441,1.5536187712704332
719,Belarus,2021,19200442,340161441,5.6445086614035125
720,Belgium,2021,544710573,340161441,160.1329566921725
721,Belize,2021,3603901,340161441,1.0594678189877493
722,Benin,2021,33214179,340161441,9.76423985692135
723,Bermuda,2021,5483735,340161441,1.6120977686004099
724,Bhutan,2021,3732,340161441,0.0010971261143028848
725,Bolivia,2021,18493381,340161441,5.436648241386066
726,Bosnia-Hercegovina,2021,362204,340161441,0.1064800286990788
727,Botswana,2021,455262,340161441,0.13383703886649517
728,Br Indian Ocean Territory,2021,49906,340161441,0.014671268987245382
729,Brazil,2021,1184727082,340161441,348.28376741266214
730,British Virgin Islands,2021,1579607,340161441,0.4643697990449188
731,Brunei,2021,2669894,340161441,0.7848902545071239
732,Bulgaria,2021,2987197,340161441,0.8781703744017242
733,Burkina (Upper Volta),2021,5975872,340161441,1.7567752483739036
734,Burma (Myanmar),2021,527144,340161441,0.15496876966722398
735,Burundi,2021,4901,340161441,0.0014407864646833971
736,Cambodia (Kampuchea),2021,29882772,340161441,8.784879295005103
737,Cameroon,2021,3457583,340161441,1.0164535374248957
738,Canada,2021,21569493812,340161441,6340.957913569046
739,Cape Verde,2021,2644239,340161441,0.7773482474164378
740,Cayman Islands,2021,5878623,340161441,1.7281861761633353
741,Central African Republic,2021,52684,340161441,0.015487940033744154
742,Chad,2021,1771132,340161441,0.5206739466981503
743,Chile,2021,417044455,340161441,122.60191918695453
744,China,2021,3015488759,340161441,886.4875307839492
745,Christmas Island,2021,72322,340161441,0.02126108114646657
746,Cocos (Keeling) Islands,2021,0,340161441,0.0
747,Colombia,2021,252918488,340161441,74.35248605970011
748,Comoros,2021,0,340161441,0.0
749,Congo,2021,798497,340161441,0.23474059777398462
750,"Congo, Dem Republic (Former Zaire)",2021,1178281,340161441,0.3463887607414034
751,Cook Islands,2021,14782,340161441,0.004345583660671287
752,Costa Rica,2021,50268321,340161441,14.777783411377305
753,Croatia,2021,10157112,340161441,2.9859680656750274
754,Cuba,2021,73423,340161441,0.02158475098886943
755,Curacao,2021,5158883,340161441,1.516598408342232
756,Cyprus,2021,1033420,340161441,0.30380280520977687
757,Czech Republic,2021,61079522,340161441,17.95603929135519
758,Denmark,2021,38025895,340161441,11.17877878463009
759,Djibouti,2021,2727985,340161441,0.8019677339031498
760,Dominica,2021,961551,340161441,0.2826748961238085
761,Dominican Republic,2021,165477510,340161441,48.646757114366764
762,East Timor,2021,214587,340161441,0.06308386963824039
763,Ecuador,2021,111612227,340161441,32.8115457977496
764,Egypt,2021,97622427,340161441,28.69885155501796
765,El Salvador,2021,59076781,340161441,17.367277380507097
766,Equatorial Guinea,2021,1202814,340161441,0.3536009244504582
767,Eritrea,2021,0,340161441,0.0
768,Estonia,2021,3045605,340161441,0.8953410448422929
769,Ethiopia,2021,6759167,340161441,1.9870467917026493
770,Falkland Islands,2021,0,340161441,0.0
771,Faroe Islands,2021,0,340161441,0.0
772,Fed States of Micronesia,2021,272895,340161441,0.08022514227295974
773,Fiji,2021,190985,340161441,0.05614539950164428
774,Finland,2021,19966752,340161441,5.869786987408723
775,France,2021,354513910,340161441,104.21931097122793
776,French Guiana,2021,295448,340161441,0.08685522942619472
777,French Polynesia,2021,1094875,340161441,0.3218692267945796
778,French S. Antarctic Terr,2021,4517,340161441,0.001327898890221364
779,Gabon,2021,981006,340161441,0.28839423925182633
780,Gambia,2021,2029978,340161441,0.5967689912273155
781,Gaza Strip,2021,0,340161441,0.0
782,Georgia,2021,50405208,340161441,14.818025185870495
783,Germany,2021,1998615746,340161441,587.5491766863723
784,Ghana,2021,48243194,340161441,14.182440507711748
785,Gibraltar,2021,30190,340161441,0.008875197585960368
786,Greece,2021,8542416,340161441,2.511282870535582
787,Greenland,2021,94833,340161441,0.027878821221244767
788,Grenada,2021,2013154,340161441,0.5918231043711977
789,Guadeloupe,2021,459338,340161441,0.13503529343292028
790,Guatemala,2021,138652773,340161441,40.76087301147104
791,Guinea,2021,6513811,340161441,1.91491751118258
792,Guinea-Bissau,2021,23350,340161441,0.006864387665855402
793,Guyana,2021,14035763,340161441,4.126206356234245
794,Haiti,2021,19929554,340161441,5.85885159158883
795,Heard Isl & McDonald Isl,2021,0,340161441,0.0
796,Honduras,2021,92699517,340161441,27.25162403107294
797,Hong Kong,2021,391599376,340161441,115.12162426428573
798,Hungary,2021,128251995,340161441,37.703272488194806
799,Iceland,2021,3648519,340161441,1.0725845320016738
800,India,2021,612418744,340161441,180.03767334699174
801,Indonesia,2021,59844500,340161441,17.59296992159673
802,Iran,2021,28500,340161441,0.008378374667104024
803,Iraq,2021,35944588,340161441,10.56692019363829
804,Ireland,2021,21866333,340161441,6.428222121742482
805,Israel,2021,76471698,340161441,22.481001307846647
806,Italy,2021,448105213,340161441,131.73310051917377
807,Ivory Coast,2021,4523225,340161441,1.3297289036354947
808,Jamaica,2021,14491990,340161441,4.260327083927187
809,Japan,2021,1385489032,340161441,407.30337569330794
810,Jordan,2021,24431754,340161441,7.18239960654447
811,Kazakhstan,2021,15587030,340161441,4.582244817101419
812,Kenya,2021,10284682,340161441,3.023470846597219
813,Kiribati (Gilbert Isl),2021,49116,340161441,0.014439026321034429
814,Korea,2021,581170164,340161441,170.85127646786987
815,Kosovo,2021,617986,340161441,0.1816743244570157
816,Kuwait,2021,50561240,340161441,14.863895170293567
817,Kyrgyzstan,2021,1335644,340161441,0.3926500299603329
818,Laos,2021,26236,340161441,0.00771280834267162
819,Latvia,2021,4028658,340161441,1.1843370571798584
820,Lebanon,2021,35599447,340161441,10.46545631255131
821,Lesotho,2021,0,340161441,0.0
822,Liberia,2021,3771147,340161441,1.1086344733587838
823,Libya,2021,12593505,340161441,3.7022141495455387
824,Liechtenstein,2021,1224628,340161441,0.3600137618184655
825,Lithuania,2021,59343673,340161441,17.445737772494915
826,Luxembourg,2021,8613633,340161441,2.5322191059274117
827,Macao,2021,448765,340161441,0.13192706342045393
828,Macedonia,2021,3662056,340161441,1.0765641129795191
829,Madagascar,2021,279740,340161441,0.08223742208335717
830,Malawi,2021,502877,340161441,0.14783480412172878
831,Malaysia,2021,119996360,340161441,35.27629693925244
832,Maldive Islands,2021,426311,340161441,0.12532608009500995
833,Mali,2021,4025660,340161441,1.1834557109604906
834,Malta and Gozo,2021,439732,340161441,0.12927155961806971
835,Marshall Islands,2021,475854,340161441,0.13989063504702168
836,Martinique,2021,494766,340161441,0.14545034808927682
837,Mauritania,2021,6210708,340161441,1.825811879718607
838,Mauritius,2021,137385,340161441,0.04038817556631882
839,Mayotte,2021,5563119,340161441,1.6354349227959672
840,Mexico,2021,29079110745,340161441,8548.620519572645
841,Moldova,2021,2624002,340161441,0.7713990134466769
842,Monaco,2021,43449,340161441,0.012773052663543956
843,Mongolia,2021,11060378,340161441,3.251508450659462
844,Montenegro,2021,402397,340161441,0.11829588880416343
845,Montserrat,2021,207500,340161441,0.06100044713768719
846,Morocco,2021,20073856,340161441,5.901273213385759
847,Mozambique,2021,3350237,340161441,0.9848961687577047
848,Namibia,2021,1207343,340161441,0.3549323510773815
849,Nauru,2021,0,340161441,0.0
850,Nepal,2021,172583,340161441,0.05073561526922153
851,Netherlands,2021,380139125,340161441,111.75256192544175
852,Netherlands Antilles,2021,0,340161441,0.0
853,New Caledonia,2021,939655,340161441,0.2762379525550046
854,New Zealand,2021,57482094,340161441,16.898474392340077
855,Nicaragua,2021,20735851,340161441,6.095885218219075
856,Niger,2021,2423289,340161441,0.7123937953919944
857,Nigeria,2021,140273760,340161441,41.237407622576484
858,Niue,2021,0,340161441,0.0
859,Norfolk Island,2021,0,340161441,0.0
860,Norway,2021,58470213,340161441,17.188959697521977
861,Oman,2021,46299404,340161441,13.61100889738999
862,Pakistan,2021,10303067,340161441,3.0288756332026474
863,Palau,2021,14149,340161441,0.004159495549644029
864,Panama,2021,107933858,340161441,31.730186020701858
865,Papua New Guinea,2021,870531,340161441,0.25591701323960464
866,Paraguay,2021,25928694,340161441,7.622467121427793
867,Peru,2021,228816170,340161441,67.26693340883395
868,Philippines,2021,33224630,340161441,9.767312221610679
869,Pitcairn Island,2021,0,340161441,0.0
870,Poland,2021,350589556,340161441,103.06563700146131
871,Portugal,2021,11385517,340161441,3.347092182620428
872,Qatar,2021,25217541,340161441,7.413403743194985
873,Republic of South Africa,2021,719695200,340161441,211.57459760408292
874,Reunion,2021,32430,340161441,0.009533708436988895
875,Romania,2021,40075846,340161441,11.781419399619724
876,Russia,2021,711096757,340161441,209.04684402486407
877,Rwanda,2021,90871,340161441,0.02671408015348806
878,San Marino,2021,0,340161441,0.0
879,Sao Tome and Principe,2021,293618,340161441,0.0863172495791491
880,Saudi Arabia,2021,195993684,340161441,57.61784269957864
881,Senegal,2021,12929881,340161441,3.801101312949812
882,Serbia,2021,2514488,340161441,0.7392043003486689
883,Seychelles,2021,142172,340161441,0.0417954485323338
884,Sierra Leone,2021,1556090,340161441,0.45745631704329476
885,Singapore,2021,303206161,340161441,89.1359585344654
886,Sint Maarten,2021,4201607,340161441,1.235180268418489
887,Slovakia,2021,20212833,340161441,5.942129402021201
888,Slovenia,2021,9129347,340161441,2.6838277063860394
889,Solomon Islands,2021,0,340161441,0.0
890,Somalia,2021,234950,340161441,0.0690701448433716
891,South Sudan,2021,107141,340161441,0.03149710316519973
892,Spain,2021,718849670,340161441,211.32603033628376
893,Sri Lanka (Ceylon),2021,1550616,340161441,0.4558470811510938
894,St Christopher-Nevis,2021,1620669,340161441,0.47644112608283545
895,St Helena,2021,87831,340161441,0.02582038685566363
896,St Lucia,2021,2591507,340161441,0.7618461964358859
897,St Pierre and Miquelon,2021,0,340161441,0.0
898,St Vincent and Grenadines,2021,1175271,340161441,0.3455038867853338
899,Sudan,2021,145361,340161441,0.04273294456087397
900,Suriname,2021,18226114,340161441,5.358077607626315
901,"Svalbard, Jan Mayen Island",2021,0,340161441,0.0
902,Swaziland,2021,1046272,340161441,0.30758101121755305
903,Sweden,2021,123939260,340161441,36.4354230260919
904,Switzerland,2021,35865841,340161441,10.543770303465994
905,Syria,2021,0,340161441,0.0
906,Taiwan,2021,81226549,340161441,23.878823173259075
907,Tajikistan,2021,571673,340161441,0.1680593186339424
908,Tanzania,2021,3251044,340161441,0.9557356032014223
909,Thailand,2021,847391360,340161441,249.11446679813423
910,Togo,2021,14903847,340161441,4.381404005164712
911,Tokelau Islands,2021,0,340161441,0.0
912,Tonga,2021,34559,340161441,0.01015958772352449
913,Trinidad and Tobago,2021,22022867,340161441,6.474239683150919
914,Tunisia,2021,2752953,340161441,0.80930777806765
915,Turkey,2021,243505933,340161441,71.58540141532384
916,Turkmenistan,2021,371018,340161441,0.10907115130665265
917,Turks and Caicos Islands,2021,3878918,340161441,1.1403167827008354
918,Tuvalu,2021,0,340161441,0.0
919,Uganda,2021,2631731,340161441,0.7736711698607839
920,Ukraine,2021,102068107,340161441,30.00578393010747
921,United Arab Emirates,2021,684101701,340161441,201.11088987302355
922,United Kingdom,2021,1120528399,340161441,329.410763226394
923,Uruguay,2021,10448421,340161441,3.071606519917112
924,Uzbekistan,2021,3731031,340161441,1.0968412495642033
925,Vanuatu (New Hebrides),2021,25719,340161441,0.007560821686429768
926,Vatican City,2021,0,340161441,0.0
927,Venezuela,2021,50165755,340161441,14.74763125782972
928,Vietnam,2021,77260861,340161441,22.71299791442264
929,Wallis and Futuna,2021,3550,340161441,0.001043622107656817
930,West Bank,2021,0,340161441,0.0
931,Western Sahara,2021,0,340161441,0.0
932,Western Samoa,2021,246683,340161441,0.072519389403692
933,Yemen (Sana),2021,6519913,340161441,1.9167113652955157
934,Zambia,2021,8938492,340161441,2.627720524031999
935,Zimbabwe (Rhodesia),2021,5544365,340161441,1.6299216582869545
936,Afghanistan,2022,8283,341534046,0.0024252340570462484
937,Albania,2022,3488232,341534046,1.021342393490106
938,Algeria,2022,5011645,341534046,1.4673925070415967
939,Andorra,2022,2991,341534046,0.0008757545653296304
940,Angola,2022,6597483,341534046,1.931720446985833
941,Anguilla,2022,778359,341534046,0.22790085179385014
942,Antigua Barbuda,2022,3790972,341534046,1.1099836295676362
943,Argentina,2022,281936978,341534046,82.55018242017371
944,Armenia,2022,28900299,341534046,8.461908655513659
945,Aruba,2022,4178191,341534046,1.2233600277730436
946,Australia,2022,1557406115,341534046,456.0031813050931
947,Austria,2022,71517290,341534046,20.940017792545344
948,Azerbaijan,2022,2644133,341534046,0.7741930946468512
949,Bahamas,2022,24401511,341534046,7.144678923166564
950,Bahrain,2022,6533276,341534046,1.9129208570907745
951,Bangladesh,2022,2045655,341534046,0.5989607841321916
952,Barbados,2022,7631556,341534046,2.2344934829718266
953,Belarus,2022,4172208,341534046,1.2216082258458063
954,Belgium,2022,582511005,341534046,170.55722901487835
955,Belize,2022,4496316,341534046,1.3165059392058382
956,Benin,2022,43507274,341534046,12.738780953041502
957,Bermuda,2022,5791198,341534046,1.6956429579497911
958,Bhutan,2022,4452,341534046,0.0013035303660473136
959,Bolivia,2022,24210104,341534046,7.088635608527297
960,Bosnia-Hercegovina,2022,1852805,341534046,0.5424949640306138
961,Botswana,2022,351861,341534046,0.10302369679419895
962,Br Indian Ocean Territory,2022,18700,341534046,0.005475296011923801
963,Brazil,2022,1266949674,341534046,370.95852927060747
964,British Virgin Islands,2022,3454329,341534046,1.011415711100146
965,Brunei,2022,3078755,341534046,0.9014489290476183
966,Bulgaria,2022,2834444,341534046,0.8299155042364357
967,Burkina (Upper Volta),2022,7964143,341534046,2.3318738185182277
968,Burma (Myanmar),2022,98804,341534046,0.028929473110273756
969,Burundi,2022,0,341534046,0.0
970,Cambodia (Kampuchea),2022,41389630,341534046,12.118742036042873
971,Cameroon,2022,2820038,341534046,0.8256974767312071
972,Canada,2022,25806846862,341534046,7556.156454750634
973,Cape Verde,2022,1201068,341534046,0.35166860055878585
974,Cayman Islands,2022,5793948,341534046,1.6964481485397798
975,Central African Republic,2022,36636,341534046,0.010726895438119806
976,Chad,2022,339546,341534046,0.09941790693394005
977,Chile,2022,459616052,341534046,134.57400730116376
978,China,2022,2685859682,341534046,786.4105243551619
979,Christmas Island,2022,0,341534046,0.0
980,Cocos (Keeling) Islands,2022,0,341534046,0.0
981,Colombia,2022,369691028,341534046,108.2442679814123
982,Comoros,2022,0,341534046,0.0
983,Congo,2022,703199,341534046,0.20589426097801095
984,"Congo, Dem Republic (Former Zaire)",2022,1049906,341534046,0.30740888420828183
985,Cook Islands,2022,42202,341534046,0.012356601192257125
986,Costa Rica,2022,54827151,341534046,16.05320220403444
987,Croatia,2022,1636633,341534046,0.4792005421327747
988,Cuba,2022,69453,341534046,0.02033560074417881
989,Curacao,2022,7472492,341534046,2.187920088060562
990,Cyprus,2022,1373227,341534046,0.402076166661288
991,Czech Republic,2022,59993015,341534046,17.565749506566032
992,Denmark,2022,32134340,341534046,9.408824794000186
993,Djibouti,2022,2010393,341534046,0.588636191192488
994,Dominica,2022,1586080,341534046,0.4643987967161552
995,Dominican Republic,2022,187948027,341534046,55.03053918085812
996,East Timor,2022,877727,341534046,0.25699546217421615
997,Ecuador,2022,94145919,341534046,27.565602932598996
998,Egypt,2022,154396779,341534046,45.20684857286527
999,El Salvador,2022,69290825,341534046,20.288116459112835
1000,Equatorial Guinea,2022,3019891,341534046,0.8842137512697636
1001,Eritrea,2022,0,341534046,0.0
1002,Estonia,2022,2203660,341534046,0.645224107467166
1003,Ethiopia,2022,7010856,341534046,2.052754646896901
1004,Falkland Islands,2022,0,341534046,0.0
1005,Faroe Islands,2022,0,341534046,0.0
1006,Fed States of Micronesia,2022,125927,341534046,0.03687099470018869
1007,Fiji,2022,636257,341534046,0.18629387244163648
1008,Finland,2022,20488003,341534046,5.9988171720953405
1009,France,2022,392897992,341534046,115.03918763050639
1010,French Guiana,2022,379097,341534046,0.11099830439744798
1011,French Polynesia,2022,1853887,341534046,0.5428117699282021
1012,French S. Antarctic Terr,2022,16339,341534046,0.004784003290846149
1013,Gabon,2022,1544946,341534046,0.4523549022693919
1014,Gambia,2022,1453018,341534046,0.42543869843066834
1015,Gaza Strip,2022,0,341534046,0.0
1016,Georgia,2022,39662664,341534046,11.613092300613568
1017,Germany,2022,2233079487,341534046,653.8380325925106
1018,Ghana,2022,41359535,341534046,12.109930323022613
1019,Gibraltar,2022,3588,341534046,0.0010505541225017431
1020,Greece,2022,10650129,341534046,3.1183213283515516
1021,Greenland,2022,126352,341534046,0.03699543324591423
1022,Grenada,2022,2734845,341534046,0.8007532578465105
1023,Guadeloupe,2022,686638,341534046,0.20104525684680935
1024,Guatemala,2022,142210444,341534046,41.638731384337596
1025,Guinea,2022,3526609,341534046,1.0325790477708334
1026,Guinea-Bissau,2022,3500,341534046,0.0010247880236221019
1027,Guyana,2022,19227685,341534046,5.629800374279523
1028,Haiti,2022,10845687,341534046,3.175580041586835
1029,Heard Isl & McDonald Isl,2022,0,341534046,0.0
1030,Honduras,2022,107496983,341534046,31.47474878683105
1031,Hong Kong,2022,402406356,341534046,117.82320407377483
1032,Hungary,2022,141045561,341534046,41.29765762796017
1033,Iceland,2022,4309742,341534046,1.261877710428904
1034,India,2022,797568003,341534046,233.52518214245615
1035,Indonesia,2022,101005969,341534046,29.574202098727223
1036,Iran,2022,28500,341534046,0.008344702478065687
1037,Iraq,2022,34970568,341534046,10.23926264733209
1038,Ireland,2022,16326814,341534046,4.780435271744475
1039,Israel,2022,103398623,341534046,30.274763002690513
1040,Italy,2022,547726530,341534046,160.3724537611691
1041,Ivory Coast,2022,2480690,341534046,0.7263375435197462
1042,Jamaica,2022,18092032,341534046,5.297285061882235
1043,Japan,2022,1594748758,341534046,466.93697939560616
1044,Jordan,2022,26248209,341534046,7.685385778494247
1045,Kazakhstan,2022,20599730,341534046,6.031530455385405
1046,Kenya,2022,3116980,341534046,0.9126410782484625
1047,Kiribati (Gilbert Isl),2022,13981,341534046,0.00409358895950303
1048,Korea,2022,645849525,341534046,189.10253093772093
1049,Kosovo,2022,379466,341534046,0.11110634633479556
1050,Kuwait,2022,53345535,341534046,15.619390109061046
1051,Kyrgyzstan,2022,2493268,341534046,0.7300203388800659
1052,Laos,2022,87407,341534046,0.025592470508782016
1053,Latvia,2022,4457159,341534046,1.3050409035941324
1054,Lebanon,2022,36797235,341534046,10.774104494402295
1055,Lesotho,2022,0,341534046,0.0
1056,Liberia,2022,2878707,341534046,0.8428755591763171
1057,Libya,2022,12823718,341534046,3.7547407499163348
1058,Liechtenstein,2022,636217,341534046,0.18628216057850935
1059,Lithuania,2022,69175820,341534046,20.254443388639505
1060,Luxembourg,2022,11098384,341534046,3.249568858502616
1061,Macao,2022,363368,341534046,0.10639290701929026
1062,Macedonia,2022,7751587,341534046,2.269638149047079
1063,Madagascar,2022,557328,341534046,0.16318373132264535
1064,Malawi,2022,173607,341534046,0.05083153554770349
1065,Malaysia,2022,191673939,341534046,56.12147346504951
1066,Maldive Islands,2022,830355,341534046,0.2431251026727801
1067,Mali,2022,4229740,341534046,1.2384533985815283
1068,Malta and Gozo,2022,566931,341534046,0.16599545686288622
1069,Marshall Islands,2022,323540,341534046,0.0947314049036271
1070,Martinique,2022,710202,341534046,0.20794471541498968
1071,Mauritania,2022,3374346,341534046,0.9879969623877556
1072,Mauritius,2022,180728,341534046,0.0529165399809072
1073,Mayotte,2022,6139,341534046,0.0017974781934331665
1074,Mexico,2022,33202728599,341534046,9721.6453199515
1075,Moldova,2022,1672579,341534046,0.48972540793195185
1076,Monaco,2022,98712,341534046,0.028902535825081403
1077,Mongolia,2022,5735781,341534046,1.679417049976915
1078,Montenegro,2022,630103,341534046,0.18449200229953064
1079,Montserrat,2022,276184,341534046,0.08086573014744187
1080,Morocco,2022,20968511,341534046,6.139508270282372
1081,Mozambique,2022,3207598,341534046,0.9391737185697733
1082,Namibia,2022,454957,341534046,0.1332098528180116
1083,Nauru,2022,0,341534046,0.0
1084,Nepal,2022,357303,341534046,0.10461709577264224
1085,Netherlands,2022,424378390,341534046,124.25654044457987
1086,Netherlands Antilles,2022,0,341534046,0.0
1087,New Caledonia,2022,1127722,341534046,0.3301931427357611
1088,New Zealand,2022,64539575,341534046,18.89696671704583
1089,Nicaragua,2022,22432455,341534046,6.56814606412621
1090,Niger,2022,5120149,341534046,1.4991621069601946
1091,Nigeria,2022,158622685,341534046,46.44417938936606
1092,Niue,2022,0,341534046,0.0
1093,Norfolk Island,2022,0,341534046,0.0
1094,Norway,2022,69285824,341534046,20.286652183425367
1095,Oman,2022,40983187,341534046,11.999736916418575
1096,Pakistan,2022,8724268,341534046,2.554435817505585
1097,Palau,2022,82083,341534046,0.024033621526563707
1098,Panama,2022,127571805,341534046,37.35258797595833
1099,Papua New Guinea,2022,2136976,341534046,0.6256992604479613
1100,Paraguay,2022,40387494,341534046,11.825320044374141
1101,Peru,2022,234589259,341534046,68.68693231245238
1102,Philippines,2022,36797746,341534046,10.774254113453743
1103,Pitcairn Island,2022,0,341534046,0.0
1104,Poland,2022,454044812,341534046,132.9427672929568
1105,Portugal,2022,14954869,341534046,4.37873447029641
1106,Qatar,2022,42171849,341534046,12.347773082628489
1107,Republic of South Africa,2022,699157679,341534046,204.7109760178931
1108,Reunion,2022,47778,341534046,0.013989234912176223
1109,Romania,2022,61044165,341534046,17.873522629717566
1110,Russia,2022,85450251,341534046,25.019541097229293
1111,Rwanda,2022,99856,341534046,0.02923749511051674
1112,San Marino,2022,0,341534046,0.0
1113,Sao Tome and Principe,2022,534165,341534046,0.1564016841823143
1114,Saudi Arabia,2022,179205922,341534046,52.47088075078758
1115,Senegal,2022,10737560,341534046,3.14392082597821
1116,Serbia,2022,3857325,341534046,1.129411560919464
1117,Seychelles,2022,309763,341534046,0.09069754644607232
1118,Sierra Leone,2022,1050627,341534046,0.30761999054114797
1119,Singapore,2022,448612242,341534046,131.35212938624574
1120,Sint Maarten,2022,4024889,341534046,1.1784737267452394
1121,Slovakia,2022,21896736,341534046,6.411289374061408
1122,Slovenia,2022,3323428,341534046,0.9730883462201013
1123,Solomon Islands,2022,3413,341534046,0.000999314721320638
1124,Somalia,2022,1013780,341534046,0.2968313150250327
1125,South Sudan,2022,152870,341534046,0.04475981290603163
1126,Spain,2022,732024540,341534046,214.33428045413663
1127,Sri Lanka (Ceylon),2022,1526403,341534046,0.446925575320242
1128,St Christopher-Nevis,2022,1596145,341534046,0.4673457942755142
1129,St Helena,2022,4640,341534046,0.0013585761227447293
1130,St Lucia,2022,2659941,341534046,0.7788216229546848
1131,St Pierre and Miquelon,2022,0,341534046,0.0
1132,St Vincent and Grenadines,2022,1627402,341534046,0.4764977369196159
1133,Sudan,2022,6802,341534046,0.0019916023247650103
1134,Suriname,2022,21930700,341534046,6.4212339170426365
1135,"Svalbard, Jan Mayen Island",2022,0,341534046,0.0
1136,Swaziland,2022,579901,341534046,0.16979302848185157
1137,Sweden,2022,139669447,341534046,40.89473615757768
1138,Switzerland,2022,34899005,341534046,10.218309245807957
1139,Syria,2022,0,341534046,0.0
1140,Taiwan,2022,117989423,341534046,34.54689931556633
1141,Tajikistan,2022,465655,341534046,0.13634219061135708
1142,Tanzania,2022,2591528,341534046,0.7587905306518109
1143,Thailand,2022,864045282,341534046,252.98950196022332
1144,Togo,2022,18234144,341534046,5.33889496920023
1145,Tokelau Islands,2022,0,341534046,0.0
1146,Tonga,2022,6699,341534046,0.001961444277212703
1147,Trinidad and Tobago,2022,20372425,341534046,5.964976329182713
1148,Tunisia,2022,3374687,341534046,0.9880968060209142
1149,Turkey,2022,367713330,341534046,107.66520477434335
1150,Turkmenistan,2022,83826,341534046,0.024543965962327517
1151,Turks and Caicos Islands,2022,3362255,341534046,0.9844567589610085
1152,Tuvalu,2022,0,341534046,0.0
1153,Uganda,2022,907018,341534046,0.26557176674562044
1154,Ukraine,2022,26866660,341534046,7.866466115064851
1155,United Arab Emirates,2022,631816726,341534046,184.99377540826487
1156,United Kingdom,2022,1189446915,341534046,348.2659866360732
1157,Uruguay,2022,11557306,341534046,3.3839396497531027
1158,Uzbekistan,2022,6677108,341534046,1.9550343745232357
1159,Vanuatu (New Hebrides),2022,55095,341534046,0.01613162747470277
1160,Vatican City,2022,0,341534046,0.0
1161,Venezuela,2022,87069508,341534046,25.49365400601965
1162,Vietnam,2022,74303343,341534046,21.75576457756718
1163,Wallis and Futuna,2022,0,341534046,0.0
1164,West Bank,2022,0,341534046,0.0
1165,Western Sahara,2022,0,341534046,0.0
1166,Western Samoa,2022,242491,341534046,0.07100053503889917
1167,Yemen (Sana),2022,2466895,341534046,0.7222984147237842
1168,Zambia,2022,14002474,341534046,4.099876473222819
1169,Zimbabwe (Rhodesia),2022,4341149,341534046,1.2710735725597324
1170,Afghanistan,2023,787788,343477335,0.22935661824673234
1171,Albania,2023,4341724,343477335,1.2640496351818964
1172,Algeria,2023,3551471,343477335,1.033975356772813
1173,Andorra,2023,0,343477335,0.0
1174,Angola,2023,6147871,343477335,1.7898913184475476
1175,Anguilla,2023,745343,343477335,0.21699917987310574
1176,Antigua Barbuda,2023,3616971,343477335,1.0530450284296051
1177,Argentina,2023,311288001,343477335,90.62839648502572
1178,Armenia,2023,33618169,343477335,9.787594573016005
1179,Aruba,2023,5158719,343477335,1.5019095801474063
1180,Australia,2023,2005328898,343477335,583.8315060875851
1181,Austria,2023,103700062,343477335,30.191238673725007
1182,Azerbaijan,2023,3642771,343477335,1.0605564410822041
1183,Bahamas,2023,25991725,343477335,7.567231473948637
1184,Bahrain,2023,9426923,343477335,2.744554600669648
1185,Bangladesh,2023,2845725,343477335,0.828504448481295
1186,Barbados,2023,8053122,343477335,2.344586142779989
1187,Belarus,2023,6993,343477335,0.002035942196884694
1188,Belgium,2023,598374892,343477335,174.21088119249558
1189,Belize,2023,7245482,343477335,2.109449812751109
1190,Benin,2023,38179771,343477335,11.115659494679612
1191,Bermuda,2023,5708757,343477335,1.6620476573803624
1192,Bhutan,2023,0,343477335,0.0
1193,Bolivia,2023,15722289,343477335,4.5773876171480135
1194,Bosnia-Hercegovina,2023,1895975,343477335,0.5519942094578089
1195,Botswana,2023,642005,343477335,0.18691335193921893
1196,Br Indian Ocean Territory,2023,35042,343477335,0.01020212876637115
1197,Brazil,2023,1190993079,343477335,346.74575514567795
1198,British Virgin Islands,2023,3049990,343477335,0.8879741657480835
1199,Brunei,2023,2098364,343477335,0.6109177480371448
1200,Bulgaria,2023,3861092,343477335,1.1241184225445326
1201,Burkina (Upper Volta),2023,2599963,343477335,0.7569532935848591
1202,Burma (Myanmar),2023,145596,343477335,0.042388823122783345
1203,Burundi,2023,7563,343477335,0.00220189201130258
1204,Cambodia (Kampuchea),2023,16579313,343477335,4.826901606186039
1205,Cameroon,2023,3900309,343477335,1.1355360609165086
1206,Canada,2023,31705918255,343477335,9230.861842747208
1207,Cape Verde,2023,1214049,343477335,0.3534582565688068
1208,Cayman Islands,2023,6860949,343477335,1.997496865404525
1209,Central African Republic,2023,678802,343477335,0.197626431449982
1210,Chad,2023,496423,343477335,0.14452860477678972
1211,Chile,2023,409828570,343477335,119.31750023622374
1212,China,2023,2590883187,343477335,754.3097965983694
1213,Christmas Island,2023,0,343477335,0.0
1214,Cocos (Keeling) Islands,2023,6803,343477335,0.001980625592078732
1215,Colombia,2023,262635670,343477335,76.46375560704755
1216,Comoros,2023,0,343477335,0.0
1217,Congo,2023,1193794,343477335,0.34756121535646595
1218,"Congo, Dem Republic (Former Zaire)",2023,940986,343477335,0.27395868784180477
1219,Cook Islands,2023,52889,343477335,0.015398104797802743
1220,Costa Rica,2023,68169100,343477335,19.84675349830579
1221,Croatia,2023,1624562,343477335,0.47297502177254286
1222,Cuba,2023,528363,343477335,0.1538276171846972
1223,Curacao,2023,9467894,343477335,2.7564828986459906
1224,Cyprus,2023,980272,343477335,0.2853964148755259
1225,Czech Republic,2023,59223684,343477335,17.24238485779564
1226,Denmark,2023,43565007,343477335,12.683517239936661
1227,Djibouti,2023,1500612,343477335,0.4368882156372851
1228,Dominica,2023,1374400,343477335,0.40014285076481104
1229,Dominican Republic,2023,148814073,343477335,43.32573297740301
1230,East Timor,2023,4192,343477335,0.0012204589860346973
1231,Ecuador,2023,102457084,343477335,29.829358027364457
1232,Egypt,2023,169991982,343477335,49.4914699393484
1233,El Salvador,2023,65011468,343477335,18.927440437954953
1234,Equatorial Guinea,2023,1151453,343477335,0.33523405554547
1235,Eritrea,2023,242944,343477335,0.07073072230515588
1236,Estonia,2023,2460614,343477335,0.7163832222000908
1237,Ethiopia,2023,7756431,343477335,2.258207517535327
1238,Falkland Islands,2023,2823,343477335,0.0008218882914064766
1239,Faroe Islands,2023,234375,343477335,0.068235943428407
1240,Fed States of Micronesia,2023,2292051,343477335,0.6673077861163678
1241,Fiji,2023,912373,343477335,0.2656282982980522
1242,Finland,2023,21841200,343477335,6.358847520463032
1243,France,2023,444220490,343477335,129.3303646949514
1244,French Guiana,2023,76262,343477335,0.022202920609011946
1245,French Polynesia,2023,6765242,343477335,1.9696327270036609
1246,French S. Antarctic Terr,2023,0,343477335,0.0
1247,Gabon,2023,4002036,343477335,1.1651528622696459
1248,Gambia,2023,1467456,343477335,0.4272351769586194
1249,Gaza Strip,2023,0,343477335,0.0
1250,Georgia,2023,58855504,343477335,17.135192923282695
1251,Germany,2023,2539416813,343477335,739.3258751701914
1252,Ghana,2023,27038489,343477335,7.871986371386048
1253,Gibraltar,2023,24903,343477335,0.007250260049909843
1254,Greece,2023,6503432,343477335,1.8934093569812984
1255,Greenland,2023,115729,343477335,0.03369334398731142
1256,Grenada,2023,3066436,343477335,0.8927622546040774
1257,Guadeloupe,2023,362663,343477335,0.1055857149933925
1258,Guatemala,2023,147197709,343477335,42.85514472155783
1259,Guinea,2023,1472127,343477335,0.4285950920167702
1260,Guinea-Bissau,2023,0,343477335,0.0
1261,Guyana,2023,17801488,343477335,5.182725666600389
1262,Haiti,2023,7873349,343477335,2.292247027012714
1263,Heard Isl & McDonald Isl,2023,8218,343477335,0.0023925887278705015
1264,Honduras,2023,112840116,343477335,32.852274226478436
1265,Hong Kong,2023,298871338,343477335,87.01340890513198
1266,Hungary,2023,181075113,343477335,52.71821297903106
1267,Iceland,2023,4108672,343477335,1.1961988700069541
1268,India,2023,780580648,343477335,227.25826960314572
1269,Indonesia,2023,107810264,343477335,31.387882987970663
1270,Iran,2023,2880,343477335,0.0008384832728482653
1271,Iraq,2023,47099091,343477335,13.712430545089678
1272,Ireland,2023,26542170,343477335,7.727488045171889
1273,Israel,2023,93035136,343477335,27.086251848320646
1274,Italy,2023,574939832,343477335,167.38799723131658
1275,Ivory Coast,2023,3263094,343477335,0.9500172696984505
1276,Jamaica,2023,19339893,343477335,5.63061693721363
1277,Japan,2023,1559914790,343477335,454.15363141792164
1278,Jordan,2023,56489440,343477335,16.446336990474204
1279,Kazakhstan,2023,33280478,343477335,9.689279206734266
1280,Kenya,2023,4628792,343477335,1.3476266199631484
1281,Kiribati (Gilbert Isl),2023,0,343477335,0.0
1282,Korea,2023,638071053,343477335,185.76802251013157
1283,Kosovo,2023,102929,343477335,0.02996675166354135
1284,Kuwait,2023,50213572,343477335,14.619180622209031
1285,Kyrgyzstan,2023,12286174,343477335,3.576997009133077
1286,Laos,2023,79918,343477335,0.02326732854148877
1287,Latvia,2023,7138307,343477335,2.078246880540167
1288,Lebanon,2023,17352546,343477335,5.052020681364609
1289,Lesotho,2023,4320,343477335,0.0012577249092723978
1290,Liberia,2023,2102352,343477335,0.6120788144580195
1291,Libya,2023,25476774,343477335,7.417308626783191
1292,Liechtenstein,2023,279932,343477335,0.0814994095607502
1293,Lithuania,2023,92093244,343477335,26.812029387615926
1294,Luxembourg,2023,12131247,343477335,3.5318915584342703
1295,Macao,2023,761368,343477335,0.2216646987784507
1296,Macedonia,2023,15592884,343477335,4.539712642174774
1297,Madagascar,2023,458009,343477335,0.1333447518451254
1298,Malawi,2023,483044,343477335,0.1406334423783741
1299,Malaysia,2023,187782396,343477335,54.67097152130868
1300,Maldive Islands,2023,2299676,343477335,0.6695277288092386
1301,Mali,2023,6486048,343477335,1.8883481787815781
1302,Malta and Gozo,2023,1613420,343477335,0.46973113961071117
1303,Marshall Islands,2023,394217,343477335,0.11477234735153631
1304,Martinique,2023,1035113,343477335,0.3013628250027036
1305,Mauritania,2023,7217694,343477335,2.1013596137282247
1306,Mauritius,2023,181449,343477335,0.05282706644966836
1307,Mayotte,2023,138014,343477335,0.04018139945100017
1308,Mexico,2023,37022191232,343477335,10778.641691743649
1309,Moldova,2023,1766571,343477335,0.5143195256245947
1310,Monaco,2023,26910,343477335,0.007834578080675978
1311,Mongolia,2023,18230441,343477335,5.307611053870556
1312,Montenegro,2023,2902440,343477335,0.8450164550158746
1313,Montserrat,2023,404438,343477335,0.11774808955007177
1314,Morocco,2023,30440641,343477335,8.862488990721905
1315,Mozambique,2023,3103367,343477335,0.90351434687823
1316,Namibia,2023,1474469,343477335,0.42927694195601
1317,Nauru,2023,0,343477335,0.0
1318,Nepal,2023,491774,343477335,0.1431750947991954
1319,Netherlands,2023,474007695,343477335,138.00261231210496
1320,Netherlands Antilles,2023,0,343477335,0.0
1321,New Caledonia,2023,714677,343477335,0.20807107985742349
1322,New Zealand,2023,55966911,343477335,16.294207884197075
1323,Nicaragua,2023,25017421,343477335,7.283572582744069
1324,Niger,2023,5514232,343477335,1.605413643959943
1325,Nigeria,2023,151661614,343477335,44.15476613617024
1326,Niue,2023,0,343477335,0.0
1327,Norfolk Island,2023,0,343477335,0.0
1328,Norway,2023,45670436,343477335,13.296491892252511
1329,Oman,2023,34433137,343477335,10.024864377150243
1330,Pakistan,2023,5572021,343477335,1.6222383348816887
1331,Palau,2023,36844,343477335,0.010726763091951905
1332,Panama,2023,109358085,343477335,31.838515633062077
1333,Papua New Guinea,2023,5911535,343477335,1.721084449429538
1334,Paraguay,2023,13315141,343477335,3.8765704875403206
1335,Peru,2023,250450102,343477335,72.91604903129925
1336,Philippines,2023,43028840,343477335,12.527417565994565
1337,Pitcairn Island,2023,0,343477335,0.0
1338,Poland,2023,580333633,343477335,168.9583485908903
1339,Portugal,2023,12282541,343477335,3.575939297421182
1340,Qatar,2023,26752031,343477335,7.788586982020226
1341,Republic of South Africa,2023,884840973,343477335,257.61262326086234
1342,Reunion,2023,171124,343477335,0.04982104568850227
1343,Romania,2023,53049532,343477335,15.444842088343325
1344,Russia,2023,4023887,343477335,1.1715145629623567
1345,Rwanda,2023,396785,343477335,0.11551999493649268
1346,San Marino,2023,0,343477335,0.0
1347,Sao Tome and Principe,2023,18000,343477335,0.005240520455301658
1348,Saudi Arabia,2023,263721440,343477335,76.7798667123116
1349,Senegal,2023,12019725,343477335,3.4994230405333733
1350,Serbia,2023,5741145,343477335,1.671477100519602
1351,Seychelles,2023,251292,343477335,0.07316115923631468
1352,Sierra Leone,2023,1098649,343477335,0.3198606976498173
1353,Singapore,2023,445240602,343477335,129.62736012843467
1354,Sint Maarten,2023,4588492,343477335,1.3358936769437786
1355,Slovakia,2023,27152120,343477335,7.9050689036002915
1356,Slovenia,2023,2651997,343477335,0.772102473661035
1357,Solomon Islands,2023,31449,343477335,0.009156062655487879
1358,Somalia,2023,1665204,343477335,0.4848075346805634
1359,South Sudan,2023,49689,343477335,0.014466456716860226
1360,Spain,2023,772432702,343477335,224.8860763986072
1361,Sri Lanka (Ceylon),2023,1048180,343477335,0.3051671517132273
1362,St Christopher-Nevis,2023,2655662,343477335,0.7731695018537394
1363,St Helena,2023,0,343477335,0.0
1364,St Lucia,2023,2853322,343477335,0.8307162392534576
1365,St Pierre and Miquelon,2023,0,343477335,0.0
1366,St Vincent and Grenadines,2023,1734209,343477335,0.5048976521260129
1367,Sudan,2023,0,343477335,0.0
1368,Suriname,2023,14721583,343477335,4.286042046995619
1369,"Svalbard, Jan Mayen Island",2023,0,343477335,0.0
1370,Swaziland,2023,148699,343477335,0.04329223062127229
1371,Sweden,2023,140446629,343477335,40.88963511959239
1372,Switzerland,2023,40011648,343477335,11.648992210796091
1373,Syria,2023,0,343477335,0.0
1374,Taiwan,2023,129585272,343477335,37.7274593678794
1375,Tajikistan,2023,359064,343477335,0.10453790204235747
1376,Tanzania,2023,3531322,343477335,1.0281091764031534
1377,Thailand,2023,1046059780,343477335,304.5498708087973
1378,Togo,2023,16977091,343477335,4.9427107031676485
1379,Tokelau Islands,2023,0,343477335,0.0
1380,Tonga,2023,26367,343477335,0.007676489046941045
1381,Trinidad and Tobago,2023,21134443,343477335,6.153082269605941
1382,Tunisia,2023,2047044,343477335,0.5959764419390292
1383,Turkey,2023,284819685,343477335,82.92241029528194
1384,Turkmenistan,2023,452222,343477335,0.1316599245187459
1385,Turks and Caicos Islands,2023,4631411,343477335,1.3483891156893948
1386,Tuvalu,2023,0,343477335,0.0
1387,Uganda,2023,1488514,343477335,0.43336600361127176
1388,Ukraine,2023,47828040,343477335,13.924656775388105
1389,United Arab Emirates,2023,760712518,343477335,221.4738617323906
1390,United Kingdom,2023,1212152322,343477335,352.9060576879112
1391,Uruguay,2023,15274516,343477335,4.447022974601803
1392,Uzbekistan,2023,16840987,343477335,4.903085381164961
1393,Vanuatu (New Hebrides),2023,20235,343477335,0.0058912184118349465
1394,Vatican City,2023,0,343477335,0.0
1395,Venezuela,2023,91258391,343477335,26.568970264078704
1396,Vietnam,2023,67770992,343477335,19.730848325115833
1397,Wallis and Futuna,2023,0,343477335,0.0
1398,West Bank,2023,5887,343477335,0.0017139413289089366
1399,Western Sahara,2023,0,343477335,0.0
1400,Western Samoa,2023,232567,343477335,0.06770956226267448
1401,Yemen (Sana),2023,3176541,343477335,0.9248182270891324
1402,Zambia,2023,9979120,343477335,2.9053212492172156
1403,Zimbabwe (Rhodesia),2023,5565061,343477335,1.6202120003056388
