,PRODUCT TYPE,COUNTRY,MEASURE,Year,Total Imports,Population,Total Imports Per Capita
0,Total cocoa and products,Canada,Million dollars,2023,2031.6,343477335,0.5914800753883804
1,,Cote d'Ivoire,Million dollars,2023,701.9,343477335,0.2043511837542352
2,,Mexico,Million dollars,2023,612.0,343477335,0.17817769548025636
3,,Ghana,Million dollars,2023,265.0,343477335,0.07715210670305218
4,,Malaysia,Million dollars,2023,250.2,343477335,0.07284323432869304
5,,Ecuador,Million dollars,2023,240.1,343477335,0.06990272007321822
6,,Netherlands,Million dollars,2023,235.8,343477335,0.06865081796445172
7,,Rest of world,Million dollars,2023,1815.8,343477335,0.5286520579298194
8,,World,Million dollars,2023,6152.4,343477335,1.7912098916221066
9,,World (quantity),"1,000 metric tons",2023,1338.9,343477335,0.389807379866855
10,,Ecuador,Million dollars,2023,171.1,343477335,0.0498140583278952
11,,Ghana,Million dollars,2023,146.7,343477335,0.0427102417107085
12,,Dominican Republic,Million dollars,2023,39.6,343477335,0.011529145001663648
13,,Papua New Guinea,Million dollars,2023,25.1,343477335,0.007307614634892867
14,,Nigeria,Million dollars,2023,9.7,343477335,0.002824058245357004
15,,Rest of world,Million dollars,2023,16.0,343477335,0.004658240404712585
16,,World,Million dollars,2023,769.3,343477335,0.22397402145908696
17,,World (quantity),"1,000 metric tons",2023,269.1,343477335,0.07834578080675979
18,"Cocoa paste, butter, and powder",Cote d'Ivoire,Million dollars,2023,300.1,343477335,0.08737112159089043
19,,Malaysia,Million dollars,2023,215.1,343477335,0.0626242194408548
20,,Netherlands,Million dollars,2023,207.3,343477335,0.06035332724355742
21,,Ghana,Million dollars,2023,118.0,343477335,0.03435452298475531
22,,Ecuador,Million dollars,2023,64.6,343477335,0.018807645634027058
23,,Canada,Million dollars,2023,54.7,343477335,0.01592535938361115
24,,Spain,Million dollars,2023,38.5,343477335,0.011208890973839657
25,,Rest of world,Million dollars,2023,225.3,343477335,0.06559384769885908
26,,World,Million dollars,2023,1454.3,343477335,0.4234049387858445
27,,World (quantity),"1,000 metric tons",2023,364.0,343477335,0.1059749692072113
28,Chocolate,Canada,Million dollars,2023,1976.9,343477335,0.5755547160047693
29,,Mexico,Million dollars,2023,598.2,343477335,0.17415996313119178
30,,Germany,Million dollars,2023,186.0,343477335,0.0541520447047838
31,,Poland,Million dollars,2023,140.7,343477335,0.040963401558941286
32,,Italy,Million dollars,2023,97.1,343477335,0.0282696964560995
33,,Switzerland,Million dollars,2023,90.6,343477335,0.02637728629168501
34,,Croatia,Million dollars,2023,65.8,343477335,0.019157013664380503
35,,Rest of world,Million dollars,2023,569.7,343477335,0.16586247241029747
36,,World,Million dollars,2023,3928.5,343477335,1.1437435893695869
37,,World (quantity),"1,000 metric tons",2023,705.8,343477335,0.20548662985288388
38,"Total coffee, tea, and spices",Colombia,Million dollars,2023,1560.8,343477335,0.4544113514797126
39,,Brazil,Million dollars,2023,1541.4,343477335,0.4487632349889986
40,,Rest of world,Million dollars,2023,4494.2,343477335,1.308441501678706
41,,World,Million dollars,2023,11275.6,343477335,3.282778469211076
42,,World (quantity),"1,000 metric tons",2023,2129.9,343477335,0.6200991398748333
43,"Coffee beans, unroasted",Brazil,Million dollars,2023,1347.5,343477335,0.392311184084388
44,,Colombia,Million dollars,2023,1311.5,343477335,0.38183014317378466
45,,Honduras,Million dollars,2023,462.1,343477335,0.13453580568860535
46,,Guatemala,Million dollars,2023,456.7,343477335,0.13296364955201484
47,,Nicaragua,Million dollars,2023,358.5,343477335,0.10437369906809135
48,,Vietnam,Million dollars,2023,344.1,343477335,0.10018128270385002
49,,Rest of world,Million dollars,2023,1643.9,343477335,0.4786050875816886
50,,World,Million dollars,2023,5924.3,343477335,1.7248008518524227
51,"Coffee, roasted and instant",Switzerland,Million dollars,2023,1120.3,343477335,0.3261641703374693
52,,Canada,Million dollars,2023,564.0,343477335,0.1642029742661186
53,,Italy,Million dollars,2023,136.1,343477335,0.039624157442586426
54,,Colombia,Million dollars,2023,67.6,343477335,0.019681065709910666
55,,Mexico,Million dollars,2023,50.5,343477335,0.014702571277374095
56,,Rest of world,Million dollars,2023,133.5,343477335,0.038867193376820625
57,,World,Million dollars,2023,2072.0,343477335,0.6032421324102797
58,,World (quantity),"1,000 metric tons",2023,113.0,343477335,0.03289882285828263
59,Coffee extracts and preparations,Mexico,Million dollars,2023,190.7,343477335,0.055520402823668116
60,,Brazil,Million dollars,2023,149.0,343477335,0.043379863768885946
61,,India,Million dollars,2023,54.6,343477335,0.015896245381081694
62,,Rest of world,Million dollars,2023,210.9,343477335,0.061401431334617756
63,,World,Million dollars,2023,777.3,343477335,0.22630314166144325
64,,World (quantity),"1,000 metric tons",2023,76.7,343477335,0.022330439940090954
65,Tea and mate,Japan,Million dollars,2023,108.2,343477335,0.031501350736868855
66,,China ,Million dollars,2023,98.1,343477335,0.028560836481394035
67,,Canada,Million dollars,2023,92.2,343477335,0.026843110332156268
68,,Rest of world,Million dollars,2023,371.1,343477335,0.10804206338680251
69,,World,Million dollars,2023,741.4,343477335,0.21585121475336938
70,,World (quantity),"1,000 metric tons",2023,182.6,343477335,0.05316216861878237
71,Spices,India,Million dollars,2023,304.4,343477335,0.08862302369965691
72,,Vietnam,Million dollars,2023,298.9,343477335,0.08702175356053696
73,,China ,Million dollars,2023,165.7,343477335,0.0482419021913047
74,,Madagascar ,Million dollars,2023,150.7,343477335,0.04387480181188665
75,,Spain,Million dollars,2023,133.7,343477335,0.03892542138187953
76,,Peru,Million dollars,2023,124.4,343477335,0.036217819146640344
77,,Indonesia,Million dollars,2023,116.5,343477335,0.03391781294681351
78,,Rest of world,Million dollars,2023,326.9,343477335,0.09517367426878398
79,,World,Million dollars,2023,1760.6,343477335,0.5125811285335611
80,,World (quantity),"1,000 metric tons",2023,481.5,343477335,0.14018392217931935
81,Total sweeteners and candy,Mexico,Million dollars,2023,2161.4,343477335,0.6292700506716112
82,,Canada,Million dollars,2023,1043.9,343477335,0.30392107240496674
83,,Brazil,Million dollars,2023,637.3,343477335,0.1855435381202081
84,,Germany,Million dollars,2023,279.6,343477335,0.08140275107235243
85,,Turkey,Million dollars,2023,237.4,343477335,0.06911664200492297
86,,Guatemala,Million dollars,2023,231.2,343477335,0.06731157384809684
87,,Colombia,Million dollars,2023,199.1,343477335,0.05796597903614222
88,,Argentina,Million dollars,2023,194.4,343477335,0.0565976209172579
89,,Rest of world,Million dollars,2023,2209.5,343477335,0.6432738858882785
90,,World,Million dollars,2023,7193.8,343477335,2.094403113963837
91,,World (quantity),"1,000 metric tons",2023,4744.0,343477335,1.3811682799972813
92,"Sugar, cane and beet",Mexico,Million dollars,2023,804.5,343477335,0.23422215034945465
93,,Brazil,Million dollars,2023,505.1,343477335,0.1470548267762704
94,,Guatemala,Million dollars,2023,215.1,343477335,0.0626242194408548
95,,El Salvador,Million dollars,2023,157.9,343477335,0.04597100999400732
96,,Colombia,Million dollars,2023,155.0,343477335,0.04512670392065316
97,,Dominican Republic,Million dollars,2023,139.4,343477335,0.040584919526058395
98,,Australia,Million dollars,2023,95.2,343477335,0.02771653040803988
99,,Rest of world,Million dollars,2023,537.0,343477335,0.15634219358316612
100,,World,Million dollars,2023,2609.2,343477335,0.7596425539985047
101,,World (quantity),"1,000 metric tons",2023,3104.5,343477335,0.9038442085268886
102,Other sweeteners and syrups,Canada,Million dollars,2023,414.5,343477335,0.1206775404845854
103,,Mexico,Million dollars,2023,181.0,343477335,0.05269634457831111
104,,India,Million dollars,2023,161.6,343477335,0.04704822808759711
105,,Argentina,Million dollars,2023,128.0,343477335,0.03726592323770068
106,,Brazil,Million dollars,2023,76.5,343477335,0.022272211935032045
107,,New Zealand,Million dollars,2023,51.5,343477335,0.014993711302668631
108,,Rest of world,Million dollars,2023,429.3,343477335,0.12498641285894453
109,,World,Million dollars,2023,1442.4,343477335,0.4199403724848395
110,,World (quantity),"1,000 metric tons",2023,772.1,343477335,0.22478921352991166
111,Confections ,Mexico,Million dollars,2023,1175.9,343477335,0.34235155574384557
112,,Canada,Million dollars,2023,615.1,343477335,0.17908022955866942
113,,Germany,Million dollars,2023,263.9,343477335,0.07683185267522818
114,,Turkey,Million dollars,2023,210.4,343477335,0.06125586132197049
115,,Spain,Million dollars,2023,145.3,343477335,0.042302645675296166
116,,China ,Million dollars,2023,133.8,343477335,0.038954535384408996
117,,Switzerland,Million dollars,2023,76.6,343477335,0.022301325937561498
118,,Thailand,Million dollars,2023,65.2,343477335,0.018982329649203784
119,,Rest of world,Million dollars,2023,456.0,343477335,0.13275985153430866
120,,World,Million dollars,2023,3142.2,343477335,0.9148201874804928
121,,World (quantity),"1,000 metric tons",2023,867.4,343477335,0.252534857940481
122,"Sauces, soups, prepared foods",Singapore,Million dollars,2023,3047.3,343477335,0.8871909990800412
123,,Canada,Million dollars,2023,1831.3,343477335,0.5331647283218848
124,,Italy,Million dollars,2023,782.0,343477335,0.22767149978032758
125,,Mexico,Million dollars,2023,750.4,343477335,0.2184714749810202
126,,China ,Million dollars,2023,537.9,343477335,0.1566042196059312
127,,Thailand,Million dollars,2023,307.8,343477335,0.08961289978565834
128,,Germany,Million dollars,2023,218.8,343477335,0.0637014375344446
129,,South Korea,Million dollars,2023,214.1,343477335,0.06233307941556027
130,,Rest of world,Million dollars,2023,2444.5,343477335,0.7116917918324945
131,,World,Million dollars,2023,10134.1,343477335,2.950442130337363
132,,World (quantity),"1,000 metric tons",2023,2101.1,343477335,0.6117143071463507
133,Essential oils,Ireland,Million dollars,2023,3508.7,343477335,1.0215230067509404
134,,Brazil,Million dollars,2023,201.9,343477335,0.05878117110696693
135,,Mexico,Million dollars,2023,199.8,343477335,0.0581697770538484
136,,India,Million dollars,2023,179.9,343477335,0.05237609055048712
137,,France,Million dollars,2023,107.0,343477335,0.03115198270651541
138,,Canada,Million dollars,2023,98.9,343477335,0.028793748501629662
139,,Italy,Million dollars,2023,77.9,343477335,0.022679807970444398
140,,China ,Million dollars,2023,63.0,343477335,0.018341821593555803
141,,Rest of world,Million dollars,2023,480.7,343477335,0.1399510101590837
142,,World,Million dollars,2023,4917.8,343477335,1.4317684163934719
143,,World (quantity),"1,000 metric tons",2023,145.1,343477335,0.042244417670237254
144,Animal and other fats,Canada,Million dollars,2023,582.6,343477335,0.169618178736597
145,,Australia,Million dollars,2023,312.9,343477335,0.09109771391466047
146,,Brazil,Million dollars,2023,246.3,343477335,0.07170778823004435
147,,Mexico,Million dollars,2023,107.3,343477335,0.03123932471410377
148,,Vietnam,Million dollars,2023,103.1,343477335,0.03001653660786672
149,,Uruguay,Million dollars,2023,93.0,343477335,0.0270760223523919
150,,Argentina,Million dollars,2023,87.6,343477335,0.0255038662158014
151,,Norway,Million dollars,2023,87.3,343477335,0.02541652420821304
152,,Rest of world,Million dollars,2023,393.6,343477335,0.11459271395592958
153,,World,Million dollars,2023,2013.7,343477335,0.5862686689356083
154,,World (quantity),"1,000 metric tons",2023,1149.8,343477335,0.3347528010836581
155,Other edible products,India,Million dollars,2023,442.9,343477335,0.12894591720295023
156,,China ,Million dollars,2023,396.2,343477335,0.11534967802169538
157,,Canada,Million dollars,2023,217.1,343477335,0.06320649949144388
158,,Mexico,Million dollars,2023,185.5,343477335,0.05400647469213653
159,,France,Million dollars,2023,179.5,343477335,0.05225963454036931
160,,Spain,Million dollars,2023,115.4,343477335,0.033597558918989516
161,,Italy,Million dollars,2023,100.4,343477335,0.029230458539571468
162,,Germany,Million dollars,2023,86.9,343477335,0.025300068198095226
163,,Rest of world,Million dollars,2023,602.3,343477335,0.17535363723489933
164,,World,Million dollars,2023,2326.2,343477335,0.6772499268401508
165,,World (quantity),"1,000 metric tons",2023,336.2,343477335,0.09788127650402319
166,Total dairy products,Italy,Million dollars,2023,473.4,343477335,0.1378256879744336
167,,Ireland,Million dollars,2023,436.7,343477335,0.1271408490461241
168,,New Zealand,Million dollars,2023,402.8,343477335,0.11727120218863932
169,,France,Million dollars,2023,274.1,343477335,0.07980148093323247
170,,Canada,Million dollars,2023,201.4,343477335,0.05863560109431966
171,,Mexico,Million dollars,2023,192.3,343477335,0.05598622686413938
172,,Netherlands,Million dollars,2023,155.2,343477335,0.04518493192571207
173,,Spain,Million dollars,2023,145.9,343477335,0.04247732969047288
174,,Rest of world,Million dollars,2023,759.6,343477335,0.22114996321372996
175,,World,Million dollars,2023,3041.4,343477335,0.8854732729308035
176,,World (quantity),"1,000 metric tons",2023,416.8,343477335,0.12134716254276283
177,"Cheese, fresh or processed",Italy,Million dollars,2023,469.5,343477335,0.1366902418757849
178,,France,Million dollars,2023,202.8,343477335,0.05904319712973201
179,,Spain,Million dollars,2023,145.4,343477335,0.04233175967782561
180,,Netherlands,Million dollars,2023,130.1,343477335,0.0378773172908192
181,,Switzerland,Million dollars,2023,118.4,343477335,0.03447097899487313
182,,Ireland,Million dollars,2023,88.3,343477335,0.025707664233507576
183,,United Kingdom,Million dollars,2023,75.5,343477335,0.02198107190973751
184,,Rest of world,Million dollars,2023,525.8,343477335,0.1530814252998673
185,,World,Million dollars,2023,1755.8,343477335,0.5111836564121472
186,,World (quantity),"1,000 metric tons",2023,192.5,343477335,0.05604445486919828
187,"Yogurt, buttermilk, or whey",New Zealand,Million dollars,2023,291.5,343477335,0.0848673173733574
188,,Canada,Million dollars,2023,113.2,343477335,0.03295705086334154
189,,France,Million dollars,2023,46.0,343477335,0.013392441163548681
190,,Denmark,Million dollars,2023,28.1,343477335,0.008181034710776476
191,,Germany,Million dollars,2023,22.7,343477335,0.0066088785741859795
192,,Mexico,Million dollars,2023,7.6,343477335,0.0022126641922384778
193,,Chile,Million dollars,2023,5.4,343477335,0.0015721561365904973
194,,Rest of world,Million dollars,2023,10.3,343477335,0.0029987422605337265
195,,World,Million dollars,2023,524.8,343477335,0.15279028527457275
196,,World (quantity),"1,000 metric tons",2023,99.4,343477335,0.028939318514276932
197,Milk and cream,Mexico,Million dollars,2023,101.1,343477335,0.029434256557277643
198,,Chile,Million dollars,2023,38.8,343477335,0.011296232981428017
199,,Netherlands,Million dollars,2023,22.7,343477335,0.0066088785741859795
200,,Canada,Million dollars,2023,15.7,343477335,0.004570898397124224
201,,New Zealand,Million dollars,2023,10.6,343477335,0.0030860842681220873
202,,Peru,Million dollars,2023,5.7,343477335,0.0016594981441788582
203,,Rest of world,Million dollars,2023,24.3,343477335,0.007074702614657238
204,,World,Million dollars,2023,218.9,343477335,0.06373055153697404
205,,World (quantity),"1,000 metric tons",2023,51.8,343477335,0.015081053310256992
206,Butter or spreads,Ireland,Million dollars,2023,345.1,343477335,0.10047242272914456
207,,New Zealand,Million dollars,2023,93.9,343477335,0.027338048375156982
208,,Mexico,Million dollars,2023,44.8,343477335,0.013043073133195237
209,,France,Million dollars,2023,25.1,343477335,0.007307614634892867
210,,India,Million dollars,2023,11.7,343477335,0.0034063382959460776
211,,Chile,Million dollars,2023,3.1,343477335,0.0009025340784130632
212,,Rest of world,Million dollars,2023,18.2,343477335,0.005298748460360565
213,,World,Million dollars,2023,541.9,343477335,0.15776877970710934
214,,World (quantity),"1,000 metric tons",2023,73.0,343477335,0.021253221846501167
215,Total cocoa and products,Canada,Million dollars,2022,1933.0,341534046,0.5659757856175779
216,,Cote d'Ivoire,Million dollars,2022,773.8,341534046,0.22656599219393783
217,,Mexico,Million dollars,2022,624.6,341534046,0.1828807427298185
218,,Ghana,Million dollars,2022,273.0,341534046,0.07993346584252393
219,,Malaysia,Million dollars,2022,229.9,341534046,0.0673139333230632
220,,Ecuador,Million dollars,2022,218.3,341534046,0.06391749301620138
221,,Netherlands,Million dollars,2022,267.7,341534046,0.0783816439781819
222,,Rest of world,Million dollars,2022,1728.6,341534046,0.5061281650380471
223,,World,Million dollars,2022,6048.9,341534046,1.771097221739352
224,,World (quantity),"1,000 metric tons",2022,1513.2,341534046,0.4430597820985613
225,,Ecuador,Million dollars,2022,170.2,341534046,0.04983397760585192
226,,Ghana,Million dollars,2022,139.2,341534046,0.04075728368234187
227,,Dominican Republic,Million dollars,2022,55.6,341534046,0.016279489746682533
228,,Papua New Guinea,Million dollars,2022,13.9,341534046,0.004069872436670633
229,,Nigeria,Million dollars,2022,16.3,341534046,0.004772584224297217
230,,Rest of world,Million dollars,2022,55.4,341534046,0.016220930431046984
231,,World,Million dollars,2022,898.9,341534046,0.26319484412397354
232,,World (quantity),"1,000 metric tons",2022,343.3,341534046,0.1005170652884193
233,"Cocoa paste, butter, and powder",Cote d'Ivoire,Million dollars,2022,285.6,341534046,0.08362270272756352
234,,Malaysia,Million dollars,2022,207.6,341534046,0.060784569629699525
235,,Netherlands,Million dollars,2022,246.1,341534046,0.07205723788954264
236,,Ghana,Million dollars,2022,133.5,341534046,0.03908834318672874
237,,Ecuador,Million dollars,2022,44.6,341534046,0.013058727386727354
238,,Canada,Million dollars,2022,52.3,341534046,0.015313261038695979
239,,Spain,Million dollars,2022,33.1,341534046,0.009691566737683305
240,,Rest of world,Million dollars,2022,293.9,341534046,0.08605291432643876
241,,World,Million dollars,2022,1493.6,341534046,0.4373209691662775
242,,World (quantity),"1,000 metric tons",2022,447.3,341534046,0.1309679094189046
243,Chocolate,Canada,Million dollars,2022,1880.7,341534046,0.550662524578882
244,,Mexico,Million dollars,2022,560.8,341534046,0.16420032104207846
245,,Germany,Million dollars,2022,162.8,341534046,0.04766728292733662
246,,Poland,Million dollars,2022,136.2,341534046,0.03987889394780864
247,,Italy,Million dollars,2022,103.8,341534046,0.030392284814849763
248,,Switzerland,Million dollars,2022,81.5,341534046,0.023862921121486084
249,,Croatia,Million dollars,2022,32.1,341534046,0.009398770159505562
250,,Rest of world,Million dollars,2022,518.0,341534046,0.15166862749607107
251,,World,Million dollars,2022,3655.8,341534046,1.0704057305021941
252,,World (quantity),"1,000 metric tons",2022,722.5,341534046,0.21154552773341959
253,"Total coffee, tea, and spices",Colombia,Million dollars,2022,2132.0,341534046,0.6242423046749489
254,,Brazil,Million dollars,2022,2266.7,341534046,0.6636820037554908
255,,Rest of world,Million dollars,2022,4959.8,341534046,1.4522124684459716
256,,World,Million dollars,2022,12979.9,341534046,3.800470305089291
257,,World (quantity),"1,000 metric tons",2022,2413.7,341534046,0.7067231007476191
258,"Coffee beans, unroasted",Brazil,Million dollars,2022,2051.5,341534046,0.6006721801316405
259,,Colombia,Million dollars,2022,1849.8,341534046,0.5416151103131897
260,,Honduras,Million dollars,2022,396.5,341534046,0.11609384324747525
261,,Guatemala,Million dollars,2022,536.5,341534046,0.15708536419235933
262,,Nicaragua,Million dollars,2022,369.2,341534046,0.10810049666322286
263,,Vietnam,Million dollars,2022,322.7,341534046,0.09448545577795779
264,,Rest of world,Million dollars,2022,2087.4,341534046,0.6111835772882215
265,,World,Million dollars,2022,7613.6,341534046,2.229236027614067
266,"Coffee, roasted and instant",Switzerland,Million dollars,2022,851.9,341534046,0.24943340494961957
267,,Canada,Million dollars,2022,613.9,341534046,0.17974781934331666
268,,Italy,Million dollars,2022,136.5,341534046,0.03996673292126197
269,,Colombia,Million dollars,2022,81.3,341534046,0.023804361805850535
270,,Mexico,Million dollars,2022,32.3,341534046,0.00945732947514111
271,,Rest of world,Million dollars,2022,138.7,341534046,0.040610885393253
272,,World,Million dollars,2022,1854.6,341534046,0.5430205338884428
273,,World (quantity),"1,000 metric tons",2022,112.3,341534046,0.03288105572936058
274,Coffee extracts and preparations,Mexico,Million dollars,2022,138.7,341534046,0.040610885393253
275,,Brazil,Million dollars,2022,150.5,341534046,0.04406588501575038
276,,India,Million dollars,2022,55.5,341534046,0.016250210088864757
277,,Rest of world,Million dollars,2022,232.5,341534046,0.06807520442632534
278,,World,Million dollars,2022,767.4,341534046,0.22469209409360028
279,,World (quantity),"1,000 metric tons",2022,89.1,341534046,0.026088175115636936
280,Tea and mate,Japan,Million dollars,2022,84.7,341534046,0.024799870171654862
281,,China ,Million dollars,2022,115.8,341534046,0.03390584375298268
282,,Canada,Million dollars,2022,88.5,341534046,0.02591249716873029
283,,Rest of world,Million dollars,2022,382.5,341534046,0.11199469115298684
284,,World,Million dollars,2022,754.4,341534046,0.2208857385772896
285,,World (quantity),"1,000 metric tons",2022,199.7,341534046,0.05847147666209535
286,Spices,India,Million dollars,2022,285.9,341534046,0.08371054170101681
287,,Vietnam,Million dollars,2022,390.8,341534046,0.11442490275186211
288,,China ,Million dollars,2022,153.6,341534046,0.044973554408101385
289,,Madagascar ,Million dollars,2022,286.5,341534046,0.08388621964792348
290,,Spain,Million dollars,2022,119.3,341534046,0.034930631776604784
291,,Peru,Million dollars,2022,96.5,341534046,0.028254869794152235
292,,Indonesia,Million dollars,2022,174.8,341534046,0.05118084186546954
293,,Rest of world,Million dollars,2022,377.2,341534046,0.1104428692886448
294,,World,Million dollars,2022,1990.0,341534046,0.5826651905737094
295,,World (quantity),"1,000 metric tons",2022,499.9,341534046,0.1463690094310539
296,Total sweeteners and candy,Mexico,Million dollars,2022,2142.8,341534046,0.6274045077192686
297,,Canada,Million dollars,2022,1006.1,341534046,0.2945826373046276
298,,Brazil,Million dollars,2022,386.2,341534046,0.11307803849224449
299,,Germany,Million dollars,2022,273.1,341534046,0.07996274550034173
300,,Turkey,Million dollars,2022,202.3,341534046,0.05923274776535748
301,,Guatemala,Million dollars,2022,183.6,341534046,0.05375745175343368
302,,Colombia,Million dollars,2022,164.4,341534046,0.04813575745242101
303,,Argentina,Million dollars,2022,207.0,341534046,0.060608891682792876
304,,Rest of world,Million dollars,2022,2314.6,341534046,0.6777069598502048
305,,World,Million dollars,2022,6880.1,341534046,2.014469737520692
306,,World (quantity),"1,000 metric tons",2022,4868.9,341534046,1.4255972594896145
307,"Sugar, cane and beet",Mexico,Million dollars,2022,918.4,341534046,0.26890437739843953
308,,Brazil,Million dollars,2022,211.4,341534046,0.061897196626774946
309,,Guatemala,Million dollars,2022,170.9,341534046,0.05003893521057634
310,,El Salvador,Million dollars,2022,147.1,341534046,0.04307037664994605
311,,Colombia,Million dollars,2022,123.1,341534046,0.03604325877368021
312,,Dominican Republic,Million dollars,2022,168.9,341534046,0.049453342054220854
313,,Australia,Million dollars,2022,84.7,341534046,0.024799870171654862
314,,Rest of world,Million dollars,2022,573.7,341534046,0.1679773969005714
315,,World,Million dollars,2022,2398.2,341534046,0.7021847537858641
316,,World (quantity),"1,000 metric tons",2022,3164.4,341534046,0.9265254919856512
317,Other sweeteners and syrups,Canada,Million dollars,2022,432.9,341534046,0.1267516386931451
318,,Mexico,Million dollars,2022,176.4,341534046,0.05164931639055393
319,,India,Million dollars,2022,209.7,341534046,0.061399442443872784
320,,Argentina,Million dollars,2022,153.7,341534046,0.04500283406591915
321,,Brazil,Million dollars,2022,111.2,341534046,0.032558979493365066
322,,New Zealand,Million dollars,2022,61.9,341534046,0.018124108189202313
323,,Rest of world,Million dollars,2022,500.5,341534046,0.14654468737796056
324,,World,Million dollars,2022,1646.3,341534046,0.48203100665401893
325,,World (quantity),"1,000 metric tons",2022,805.7,341534046,0.23590620303780782
326,Confections ,Mexico,Million dollars,2022,1048.1,341534046,0.30688009358809276
327,,Canada,Million dollars,2022,556.5,341534046,0.16294129575591418
328,,Germany,Million dollars,2022,253.4,341534046,0.07419465291024017
329,,Turkey,Million dollars,2022,165.8,341534046,0.048545672661869856
330,,Spain,Million dollars,2022,136.8,341534046,0.0400545718947153
331,,China ,Million dollars,2022,127.1,341534046,0.037214445086391185
332,,Switzerland,Million dollars,2022,54.7,341534046,0.016015972826322562
333,,Thailand,Million dollars,2022,60.9,341534046,0.01783131161102457
334,,Rest of world,Million dollars,2022,432.3,341534046,0.12657596074623845
335,,World,Million dollars,2022,2835.6,341534046,0.8302539770808091
336,,World (quantity),"1,000 metric tons",2022,898.8,341534046,0.26316556446615574
337,"Sauces, soups, prepared foods",Singapore,Million dollars,2022,4069.3,341534046,1.1914771155786912
338,,Canada,Million dollars,2022,1846.8,341534046,0.5407367205786564
339,,Italy,Million dollars,2022,665.5,341534046,0.1948561227772882
340,,Mexico,Million dollars,2022,690.5,341534046,0.2021760372317318
341,,China ,Million dollars,2022,611.6,341534046,0.17907438721350785
342,,Thailand,Million dollars,2022,347.4,341534046,0.10171753125894804
343,,Germany,Million dollars,2022,216.5,341534046,0.06339045917548145
344,,South Korea,Million dollars,2022,222.0,341534046,0.06500084035545903
345,,Rest of world,Million dollars,2022,2550.5,341534046,0.7467776726423344
346,,World,Million dollars,2022,11220.1,341534046,3.2852068868120985
347,,World (quantity),"1,000 metric tons",2022,2203.2,341534046,0.6450894210412041
348,Essential oils,Ireland,Million dollars,2022,3859.9,341534046,1.1301655121082717
349,,Brazil,Million dollars,2022,149.4,341534046,0.04374380877975486
350,,Mexico,Million dollars,2022,148.4,341534046,0.04345101220157711
351,,India,Million dollars,2022,228.9,341534046,0.06702113674488545
352,,France,Million dollars,2022,125.6,341534046,0.03677525021912457
353,,Canada,Million dollars,2022,107.6,341534046,0.03150491181192518
354,,Italy,Million dollars,2022,50.0,341534046,0.01463982890888717
355,,China ,Million dollars,2022,109.8,341534046,0.03214906428391622
356,,Rest of world,Million dollars,2022,616.6,341534046,0.18053837010439655
357,,World,Million dollars,2022,5396.2,341534046,1.5799888951627388
358,,World (quantity),"1,000 metric tons",2022,158.4,341534046,0.04637897798335455
359,Animal and other fats,Canada,Million dollars,2022,709.2,341534046,0.2076513332436556
360,,Australia,Million dollars,2022,236.8,341534046,0.06933422971248963
361,,Brazil,Million dollars,2022,86.5,341534046,0.0253269040123748
362,,Mexico,Million dollars,2022,82.1,341534046,0.024038599068392726
363,,Vietnam,Million dollars,2022,0.1,341534046,2.9279657817774338e-05
364,,Uruguay,Million dollars,2022,76.7,341534046,0.022457497546232916
365,,Argentina,Million dollars,2022,26.9,341534046,0.007876227952981296
366,,Norway,Million dollars,2022,106.5,341534046,0.031182835575929668
367,,Rest of world,Million dollars,2022,490.9,341534046,0.14373384022745422
368,,World,Million dollars,2022,1815.7,341534046,0.5316307469973286
369,,World (quantity),"1,000 metric tons",2022,825.2,341534046,0.24161573631227382
370,Other edible products,India,Million dollars,2022,535.6,341534046,0.15682184727199935
371,,China ,Million dollars,2022,472.0,341534046,0.13819998489989488
372,,Canada,Million dollars,2022,174.1,341534046,0.05097588426074512
373,,Mexico,Million dollars,2022,162.3,341534046,0.04752088463824775
374,,France,Million dollars,2022,193.3,341534046,0.056597578561757796
375,,Spain,Million dollars,2022,220.4,341534046,0.06453236583037464
376,,Italy,Million dollars,2022,174.0,341534046,0.050946604602927346
377,,Germany,Million dollars,2022,106.3,341534046,0.03112427626029412
378,,Rest of world,Million dollars,2022,719.0,341534046,0.21052073970979748
379,,World,Million dollars,2022,2757.0,341534046,0.8072401660360384
380,,World (quantity),"1,000 metric tons",2022,396.0,341534046,0.11594744495838638
381,Total dairy products,Italy,Million dollars,2022,449.7,341534046,0.1316706212065312
382,,Ireland,Million dollars,2022,399.6,341534046,0.11700151263982625
383,,New Zealand,Million dollars,2022,332.7,341534046,0.09741342155973522
384,,France,Million dollars,2022,250.1,341534046,0.07322842420225362
385,,Canada,Million dollars,2022,177.9,341534046,0.05208851125782055
386,,Mexico,Million dollars,2022,167.9,341534046,0.049160545476043115
387,,Netherlands,Million dollars,2022,137.0,341534046,0.040113131210350844
388,,Spain,Million dollars,2022,111.4,341534046,0.03261753880900061
389,,Rest of world,Million dollars,2022,679.8,341534046,0.19904311384522994
390,,World,Million dollars,2022,2706.1,341534046,0.7923368202067913
391,,World (quantity),"1,000 metric tons",2022,401.1,341534046,0.11744070750709286
392,"Cheese, fresh or processed",Italy,Million dollars,2022,446.1,341534046,0.13061655352509133
393,,France,Million dollars,2022,193.4,341534046,0.05662685821957557
394,,Spain,Million dollars,2022,111.3,341534046,0.03258825915118284
395,,Netherlands,Million dollars,2022,116.0,341534046,0.03396440306861823
396,,Switzerland,Million dollars,2022,117.1,341534046,0.034286479304613746
397,,Ireland,Million dollars,2022,58.7,341534046,0.017187159139033535
398,,United Kingdom,Million dollars,2022,68.6,341534046,0.02008584526299319
399,,Rest of world,Million dollars,2022,454.9,341534046,0.13319316341305545
400,,World,Million dollars,2022,1566.1,341534046,0.4585487210841639
401,,World (quantity),"1,000 metric tons",2022,188.4,341534046,0.05516287532868685
402,"Yogurt, buttermilk, or whey",New Zealand,Million dollars,2022,263.4,341534046,0.07712261869201759
403,,Canada,Million dollars,2022,99.6,341534046,0.02916253918650324
404,,France,Million dollars,2022,34.5,341534046,0.010101481947132146
405,,Denmark,Million dollars,2022,18.2,341534046,0.005328897722834929
406,,Germany,Million dollars,2022,18.8,341534046,0.005504575669741575
407,,Mexico,Million dollars,2022,6.0,341534046,0.0017567794690664601
408,,Chile,Million dollars,2022,5.0,341534046,0.001463982890888717
409,,Rest of world,Million dollars,2022,11.9,341534046,0.003484279280315146
410,,World,Million dollars,2022,457.4,341534046,0.13392515485849982
411,,World (quantity),"1,000 metric tons",2022,92.0,341534046,0.02693728519235239
412,Milk and cream,Mexico,Million dollars,2022,110.9,341534046,0.03247114051991174
413,,Chile,Million dollars,2022,36.3,341534046,0.010628515787852084
414,,Netherlands,Million dollars,2022,19.7,341534046,0.005768092590101545
415,,Canada,Million dollars,2022,19.0,341534046,0.005563134985377124
416,,New Zealand,Million dollars,2022,5.0,341534046,0.001463982890888717
417,,Peru,Million dollars,2022,3.9,341534046,0.0011419066548931992
418,,Rest of world,Million dollars,2022,20.3,341534046,0.005943770537008191
419,,World,Million dollars,2022,215.1,341534046,0.0629805439660326
420,,World (quantity),"1,000 metric tons",2022,53.1,341534046,0.015547498301238173
421,Butter or spreads,Ireland,Million dollars,2022,334.0,341534046,0.09779405711136628
422,,New Zealand,Million dollars,2022,58.5,341534046,0.017128599823397987
423,,Mexico,Million dollars,2022,14.5,341534046,0.004245550383577279
424,,France,Million dollars,2022,21.9,341534046,0.00641224506209258
425,,India,Million dollars,2022,12.8,341534046,0.0037477962006751153
426,,Chile,Million dollars,2022,5.0,341534046,0.001463982890888717
427,,Rest of world,Million dollars,2022,20.9,341534046,0.006119448483914836
428,,World,Million dollars,2022,467.6,341534046,0.1369116799559128
429,,World (quantity),"1,000 metric tons",2022,67.6,341534046,0.019793048684815448
430,Total cocoa and products,Canada,Million dollars,2021,1688.4,340161441,0.4963525539627521
431,,Cote d'Ivoire,Million dollars,2021,1002.8,340161441,0.2948011970586637
432,,Mexico,Million dollars,2021,523.2,340161441,0.1538093202045202
433,,Ghana,Million dollars,2021,218.7,340161441,0.06429300139282983
434,,Malaysia,Million dollars,2021,170.7,340161441,0.05018205458507568
435,,Ecuador,Million dollars,2021,236.1,340161441,0.0694082196106407
436,,Netherlands,Million dollars,2021,216.8,340161441,0.06373444308168956
437,,Rest of world,Million dollars,2021,1577.4,340161441,0.4637209894698206
438,,World,Million dollars,2021,5634.1,340161441,1.6563017793659922
439,,World (quantity),"1,000 metric tons",2021,1532.5,340161441,0.4505213746434006
440,,Ecuador,Million dollars,2021,197.3,340161441,0.05800187094103943
441,,Ghana,Million dollars,2021,134.6,340161441,0.039569446673410585
442,,Dominican Republic,Million dollars,2021,45.7,340161441,0.013434797273215926
443,,Papua New Guinea,Million dollars,2021,19.1,340161441,0.005614980917252171
444,,Nigeria,Million dollars,2021,51.6,340161441,0.015169267818335707
445,,Rest of world,Million dollars,2021,65.4,340161441,0.019226165025565026
446,,World,Million dollars,2021,1262.3,340161441,0.3710885032380845
447,,World (quantity),"1,000 metric tons",2021,471.4,340161441,0.1385812567744855
448,"Cocoa paste, butter, and powder",Cote d'Ivoire,Million dollars,2021,235.3,340161441,0.0691730371638448
449,,Malaysia,Million dollars,2021,159.7,340161441,0.046948295941632016
450,,Netherlands,Million dollars,2021,199.2,340161441,0.058560429252179705
451,,Ghana,Million dollars,2021,83.9,340161441,0.024664759107720265
452,,Ecuador,Million dollars,2021,35.3,340161441,0.010377425464869193
453,,Canada,Million dollars,2021,41.4,340161441,0.01217069162168795
454,,Spain,Million dollars,2021,25.3,340161441,0.007437644879920414
455,,Rest of world,Million dollars,2021,261.0,340161441,0.07672827326716317
456,,World,Million dollars,2021,1270.9,340161441,0.37361671454114054
457,,World (quantity),"1,000 metric tons",2021,396.1,340161441,0.11644470896982119
458,Chocolate,Canada,Million dollars,2021,1647.0,340161441,0.4841818623410641
459,,Mexico,Million dollars,2021,477.8,340161441,0.1404627163488527
460,,Germany,Million dollars,2021,145.6,340161441,0.04280320531685424
461,,Poland,Million dollars,2021,100.6,340161441,0.02957419268458473
462,,Italy,Million dollars,2021,67.5,340161441,0.019843518948404266
463,,Switzerland,Million dollars,2021,71.0,340161441,0.02087244215313634
464,,Croatia,Million dollars,2021,15.9,340161441,0.004674251130068561
465,,Rest of world,Million dollars,2021,416.7,340161441,0.12250065697481567
466,,World,Million dollars,2021,3100.7,340161441,0.9115377659750683
467,,World (quantity),"1,000 metric tons",2021,664.9,340161441,0.1954660110932444
468,"Total coffee, tea, and spices",Colombia,Million dollars,2021,1485.3,340161441,0.4366456102824423
469,,Brazil,Million dollars,2021,1378.7,340161441,0.40530754924688833
470,,Rest of world,Million dollars,2021,4104.1,340161441,1.206515349868829
471,,World,Million dollars,2021,9819.2,340161441,2.8866293519729065
472,,World (quantity),"1,000 metric tons",2021,2344.6,340161441,0.689260955947091
473,"Coffee beans, unroasted",Brazil,Million dollars,2021,1222.5,340161441,0.3593881765099884
474,,Colombia,Million dollars,2021,1309.8,340161441,0.38505246101659124
475,,Honduras,Million dollars,2021,381.5,340161441,0.11215262931579596
476,,Guatemala,Million dollars,2021,410.8,340161441,0.12076618642969589
477,,Nicaragua,Million dollars,2021,261.7,340161441,0.07693405790810957
478,,Vietnam,Million dollars,2021,263.0,340161441,0.07731622938415292
479,,Rest of world,Million dollars,2021,1344.2,340161441,0.395165306228815
480,,World,Million dollars,2021,5193.5,340161441,1.5267750467931491
481,"Coffee, roasted and instant",Switzerland,Million dollars,2021,790.0,340161441,0.23224266621095363
482,,Canada,Million dollars,2021,441.3,340161441,0.12973251721378967
483,,Italy,Million dollars,2021,125.4,340161441,0.036864848535257705
484,,Colombia,Million dollars,2021,55.0,340161441,0.016168793217218293
485,,Mexico,Million dollars,2021,44.4,340161441,0.013052625797172585
486,,Rest of world,Million dollars,2021,102.6,340161441,0.030162148801574484
487,,World,Million dollars,2021,1558.7,340161441,0.4582235997759664
488,,World (quantity),"1,000 metric tons",2021,109.8,340161441,0.03227879082273761
489,Coffee extracts and preparations,Mexico,Million dollars,2021,100.4,340161441,0.029515397072885755
490,,Brazil,Million dollars,2021,95.8,340161441,0.028163098003809315
491,,India,Million dollars,2021,43.2,340161441,0.01269985212697873
492,,Rest of world,Million dollars,2021,143.3,340161441,0.04212705578231603
493,,World,Million dollars,2021,492.0,340161441,0.14463720477948
494,,World (quantity),"1,000 metric tons",2021,66.9,340161441,0.019667132113307343
495,Tea and mate,Japan,Million dollars,2021,95.0,340161441,0.027927915557013412
496,,China ,Million dollars,2021,111.6,340161441,0.032807951328028384
497,,Canada,Million dollars,2021,81.0,340161441,0.02381222273808512
498,,Rest of world,Million dollars,2021,346.7,340161441,0.1019221928801742
499,,World,Million dollars,2021,719.3,340161441,0.21145841747536576
500,,World (quantity),"1,000 metric tons",2021,186.9,340161441,0.054944499132692705
501,Spices,India,Million dollars,2021,311.7,340161441,0.09163296083285348
502,,Vietnam,Million dollars,2021,298.3,340161441,0.08769365484902211
503,,China ,Million dollars,2021,152.6,340161441,0.044861051726318386
504,,Madagascar ,Million dollars,2021,255.5,340161441,0.07511139394544133
505,,Spain,Million dollars,2021,94.5,340161441,0.027780926527765974
506,,Peru,Million dollars,2021,88.7,340161441,0.02607585378849568
507,,Indonesia,Million dollars,2021,180.9,340161441,0.053180630781723436
508,,Rest of world,Million dollars,2021,371.5,340161441,0.10921284873084719
509,,World,Million dollars,2021,1855.7,340161441,0.5455350831489452
510,,World (quantity),"1,000 metric tons",2021,511.6,340161441,0.1503991747259796
511,Total sweeteners and candy,Mexico,Million dollars,2021,1625.4,340161441,0.47783193627757475
512,,Canada,Million dollars,2021,869.7,340161441,0.2556727174729954
513,,Brazil,Million dollars,2021,447.4,340161441,0.13152578337060844
514,,Germany,Million dollars,2021,224.2,340161441,0.06590988071455166
515,,Turkey,Million dollars,2021,149.2,340161441,0.0438615263274358
516,,Guatemala,Million dollars,2021,158.9,340161441,0.04671311349483612
517,,Colombia,Million dollars,2021,135.9,340161441,0.03995161814945392
518,,Argentina,Million dollars,2021,207.5,340161441,0.06100044713768719
519,,Rest of world,Million dollars,2021,1881.8,340161441,0.5532079104756614
520,,World,Million dollars,2021,5700.0,340161441,1.6756749334208048
521,,World (quantity),"1,000 metric tons",2021,4504.9,340161441,1.324341755713576
522,"Sugar, cane and beet",Mexico,Million dollars,2021,648.1,340161441,0.19052717971053046
523,,Brazil,Million dollars,2021,275.1,340161441,0.08087336389194096
524,,Guatemala,Million dollars,2021,144.5,340161441,0.042479829452509874
525,,El Salvador,Million dollars,2021,67.7,340161441,0.019902314560103242
526,,Colombia,Million dollars,2021,105.5,340161441,0.03101468517120963
527,,Dominican Republic,Million dollars,2021,136.2,340161441,0.040039811567002384
528,,Australia,Million dollars,2021,63.5,340161441,0.018667606714424755
529,,Rest of world,Million dollars,2021,529.1,340161441,0.15554379074963998
530,,World,Million dollars,2021,1969.7,340161441,0.5790485818173613
531,,World (quantity),"1,000 metric tons",2021,2940.8,340161441,0.8645306744217373
532,Other sweeteners and syrups,Canada,Million dollars,2021,385.2,340161441,0.11324034813222701
533,,Mexico,Million dollars,2021,125.4,340161441,0.036864848535257705
534,,India,Million dollars,2021,125.8,340161441,0.03698243975865566
535,,Argentina,Million dollars,2021,150.4,340161441,0.04421429999762966
536,,Brazil,Million dollars,2021,122.3,340161441,0.035953516553923585
537,,New Zealand,Million dollars,2021,63.1,340161441,0.018550015491026802
538,,Rest of world,Million dollars,2021,458.3,340161441,0.1347301442082026
539,,World,Million dollars,2021,1430.5,340161441,0.420535612676923
540,,World (quantity),"1,000 metric tons",2021,766.5,340161441,0.225334181836324
541,Confections ,Mexico,Million dollars,2021,851.8,340161441,0.2504105102259371
542,,Canada,Million dollars,2021,465.5,340161441,0.13684678622936572
543,,Germany,Million dollars,2021,204.3,340161441,0.06005971735050358
544,,Turkey,Million dollars,2021,128.7,340161441,0.037834976128290794
545,,Spain,Million dollars,2021,119.4,340161441,0.035100980184288436
546,,China ,Million dollars,2021,97.9,340161441,0.02878045192664856
547,,Switzerland,Million dollars,2021,21.4,340161441,0.00629113045179039
548,,Thailand,Million dollars,2021,50.7,340161441,0.014904687565690316
549,,Rest of world,Million dollars,2021,360.1,340161441,0.10586149886400557
550,,World,Million dollars,2021,2299.8,340161441,0.6760907389265206
551,,World (quantity),"1,000 metric tons",2021,797.6,340161441,0.23447689945551473
552,"Sauces, soups, prepared foods",Singapore,Million dollars,2021,3461.3,340161441,1.0175462538683213
553,,Canada,Million dollars,2021,1664.8,340161441,0.48941467178227294
554,,Italy,Million dollars,2021,600.0,340161441,0.17638683509692682
555,,Mexico,Million dollars,2021,516.6,340161441,0.15186906501845399
556,,China ,Million dollars,2021,508.8,340161441,0.14957603616219395
557,,Thailand,Million dollars,2021,310.8,340161441,0.09136838058020809
558,,Germany,Million dollars,2021,204.4,340161441,0.06008911515635307
559,,South Korea,Million dollars,2021,196.6,340161441,0.057796086300093016
560,,Rest of world,Million dollars,2021,2314.1,340161441,0.6802946251629972
561,,World,Million dollars,2021,9777.4,340161441,2.8743410691278206
562,,World (quantity),"1,000 metric tons",2021,1969.3,340161441,0.5789309905939632
563,Essential oils,Ireland,Million dollars,2021,3023.8,340161441,0.8889308532768122
564,,Brazil,Million dollars,2021,92.7,340161441,0.027251766022475192
565,,Mexico,Million dollars,2021,87.4,340161441,0.02569368231245234
566,,India,Million dollars,2021,229.9,340161441,0.06758555564797246
567,,France,Million dollars,2021,175.3,340161441,0.05153435365415212
568,,Canada,Million dollars,2021,102.6,340161441,0.030162148801574484
569,,Italy,Million dollars,2021,42.0,340161441,0.012347078456784876
570,,China ,Million dollars,2021,108.4,340161441,0.03186722154084478
571,,Rest of world,Million dollars,2021,580.7,340161441,0.1707130585679757
572,,World,Million dollars,2021,4442.8,340161441,1.3060857182810441
573,,World (quantity),"1,000 metric tons",2021,133.3,340161441,0.03918727519736725
574,Animal and other fats,Canada,Million dollars,2021,479.5,340161441,0.140962479048294
575,,Australia,Million dollars,2021,105.6,340161441,0.031044082977059118
576,,Brazil,Million dollars,2021,14.5,340161441,0.004262681848175731
577,,Mexico,Million dollars,2021,45.5,340161441,0.01337600166151695
578,,Vietnam,Million dollars,2021,0.1,340161441,2.9397805849487803e-05
579,,Uruguay,Million dollars,2021,8.8,340161441,0.002587006914754927
580,,Argentina,Million dollars,2021,2.0,340161441,0.000587956116989756
581,,Norway,Million dollars,2021,88.9,340161441,0.026134649400194658
582,,Rest of world,Million dollars,2021,320.8,340161441,0.09430816116515688
583,,World,Million dollars,2021,1065.7,340161441,0.31329241693799154
584,,World (quantity),"1,000 metric tons",2021,567.3,340161441,0.16677375258414429
585,Other edible products,India,Million dollars,2021,480.5,340161441,0.14125645710678889
586,,China ,Million dollars,2021,426.6,340161441,0.12541103975391496
587,,Canada,Million dollars,2021,139.6,340161441,0.04103933696588497
588,,Mexico,Million dollars,2021,150.8,340161441,0.04433189122102761
589,,France,Million dollars,2021,189.1,340161441,0.05559125086138143
590,,Spain,Million dollars,2021,177.4,340161441,0.05215170757699136
591,,Italy,Million dollars,2021,115.0,340161441,0.03380747672691097
592,,Germany,Million dollars,2021,147.8,340161441,0.043449957045542976
593,,Rest of world,Million dollars,2021,602.6,340161441,0.1771511780490135
594,,World,Million dollars,2021,2429.4,340161441,0.7141902953074567
595,,World (quantity),"1,000 metric tons",2021,365.6,340161441,0.1074783781857274
596,Total dairy products,Italy,Million dollars,2021,423.6,340161441,0.12452910557843033
597,,Ireland,Million dollars,2021,345.0,340161441,0.10142243018073292
598,,New Zealand,Million dollars,2021,279.5,340161441,0.08216686734931841
599,,France,Million dollars,2021,216.9,340161441,0.06376384088753904
600,,Canada,Million dollars,2021,160.5,340161441,0.04718347838842792
601,,Mexico,Million dollars,2021,117.5,340161441,0.03454242187314817
602,,Netherlands,Million dollars,2021,124.0,340161441,0.036453279253364876
603,,Spain,Million dollars,2021,99.2,340161441,0.0291626234026919
604,,Rest of world,Million dollars,2021,620.0,340161441,0.18226639626682437
605,,World,Million dollars,2021,2386.2,340161441,0.7014904431804778
606,,World (quantity),"1,000 metric tons",2021,370.8,340161441,0.10900706408990077
607,"Cheese, fresh or processed",Italy,Million dollars,2021,420.5,340161441,0.1236177735970962
608,,France,Million dollars,2021,176.3,340161441,0.051828331712646995
609,,Spain,Million dollars,2021,99.2,340161441,0.0291626234026919
610,,Netherlands,Million dollars,2021,109.0,340161441,0.0320436083759417
611,,Switzerland,Million dollars,2021,118.1,340161441,0.03471880870824509
612,,Ireland,Million dollars,2021,69.7,340161441,0.020490270677092998
613,,United Kingdom,Million dollars,2021,55.5,340161441,0.01631578224646573
614,,Rest of world,Million dollars,2021,433.0,340161441,0.12729249932828218
615,,World,Million dollars,2021,1481.3,340161441,0.4354696980484628
616,,World (quantity),"1,000 metric tons",2021,187.8,340161441,0.055209079385338096
617,"Yogurt, buttermilk, or whey",New Zealand,Million dollars,2021,240.4,340161441,0.07067232526216868
618,,Canada,Million dollars,2021,80.9,340161441,0.023782824932235633
619,,France,Million dollars,2021,22.5,340161441,0.0066145063161347556
620,,Denmark,Million dollars,2021,14.9,340161441,0.004380273071573682
621,,Germany,Million dollars,2021,8.1,340161441,0.002381222273808512
622,,Mexico,Million dollars,2021,3.5,340161441,0.001028923204732073
623,,Chile,Million dollars,2021,3.3,340161441,0.0009701275930330974
624,,Rest of world,Million dollars,2021,6.9,340161441,0.0020284486036146582
625,,World,Million dollars,2021,380.5,340161441,0.11185865125730109
626,,World (quantity),"1,000 metric tons",2021,88.7,340161441,0.02607585378849568
627,Milk and cream,Mexico,Million dollars,2021,82.6,340161441,0.02428258763167692
628,,Chile,Million dollars,2021,13.7,340161441,0.004027499401379829
629,,Netherlands,Million dollars,2021,13.4,340161441,0.003939305983831366
630,,Canada,Million dollars,2021,26.7,340161441,0.007849214161813244
631,,New Zealand,Million dollars,2021,2.8,340161441,0.0008231385637856585
632,,Peru,Million dollars,2021,0.8,340161441,0.00023518244679590243
633,,Rest of world,Million dollars,2021,21.4,340161441,0.00629113045179039
634,,World,Million dollars,2021,161.4,340161441,0.047448058641073314
635,,World (quantity),"1,000 metric tons",2021,35.1,340161441,0.010318629853170218
636,Butter or spreads,Ireland,Million dollars,2021,272.4,340161441,0.08007962313400477
637,,New Zealand,Million dollars,2021,30.6,340161441,0.008995728589943268
638,,Mexico,Million dollars,2021,7.9,340161441,0.0023224266621095363
639,,France,Million dollars,2021,18.1,340161441,0.005321002858757293
640,,India,Million dollars,2021,7.4,340161441,0.0021754376328620975
641,,Chile,Million dollars,2021,1.9,340161441,0.0005585583111402683
642,,Rest of world,Million dollars,2021,24.7,340161441,0.007261258044823487
643,,World,Million dollars,2021,363.0,340161441,0.10671403523364072
644,,World (quantity),"1,000 metric tons",2021,59.2,340161441,0.01740350106289678
645,Total cocoa and products,Canada,Million dollars,2020,1544.5,339436159,0.4550192897981738
646,,Cote d'Ivoire,Million dollars,2020,771.8,339436159,0.22737707210503758
647,,Mexico,Million dollars,2020,553.7,339436159,0.16312345792246608
648,,Ghana,Million dollars,2020,195.6,339436159,0.0576249744801054
649,,Malaysia,Million dollars,2020,205.6,339436159,0.060571036570090345
650,,Ecuador,Million dollars,2020,237.6,339436159,0.06999843525804214
651,,Netherlands,Million dollars,2020,171.5,339436159,0.0505249648432417
652,,Rest of world,Million dollars,2020,1371.4,339436159,0.40402295502053454
653,,World,Million dollars,2020,5051.7,339436159,1.4882621859976914
654,,World (quantity),"1,000 metric tons",2020,1391.9,339436159,0.41006238230500364
655,,Ecuador,Million dollars,2020,184.0,339436159,0.054207542455722874
656,,Ghana,Million dollars,2020,139.3,339436159,0.041038644913490206
657,,Dominican Republic,Million dollars,2020,57.7,339436159,0.016998778259213098
658,,Papua New Guinea,Million dollars,2020,29.8,339436159,0.008779265028155118
659,,Nigeria,Million dollars,2020,11.8,339436159,0.003476353266182228
660,,Rest of world,Million dollars,2020,67.3,339436159,0.019826997865598637
661,,World,Million dollars,2020,995.7,339436159,0.2933394022998004
662,,World (quantity),"1,000 metric tons",2020,377.0,339436159,0.1110665407924322
663,"Cocoa paste, butter, and powder",Cote d'Ivoire,Million dollars,2020,254.0,339436159,0.07482997708561745
664,,Malaysia,Million dollars,2020,195.5,339436159,0.057595513859205555
665,,Netherlands,Million dollars,2020,157.6,339436159,0.046429938538162636
666,,Ghana,Million dollars,2020,56.3,339436159,0.016586329566615206
667,,Ecuador,Million dollars,2020,50.9,339436159,0.014995456038023339
668,,Canada,Million dollars,2020,37.7,339436159,0.01110665407924322
669,,Spain,Million dollars,2020,22.8,339436159,0.006717021565165661
670,,Rest of world,Million dollars,2020,231.8,339436159,0.06828971924585088
671,,World,Million dollars,2020,1264.1,339436159,0.3724117087949961
672,,World (quantity),"1,000 metric tons",2020,384.8,339436159,0.11336446922262045
673,Chocolate,Canada,Million dollars,2020,1506.7,339436159,0.4438831750980307
674,,Mexico,Million dollars,2020,517.9,339436159,0.15257655564032
675,,Germany,Million dollars,2020,134.7,339436159,0.03968345635209712
676,,Poland,Million dollars,2020,72.1,339436159,0.021241107668791406
677,,Italy,Million dollars,2020,58.7,339436159,0.01729338446821159
678,,Switzerland,Million dollars,2020,59.0,339436159,0.01738176633091114
679,,Croatia,Million dollars,2020,4.7,339436159,0.0013846491822929212
680,,Rest of world,Million dollars,2020,312.0,339436159,0.09191713720753009
681,,World,Million dollars,2020,2791.7,339436159,0.8224521536610954
682,,World (quantity),"1,000 metric tons",2020,630.0,339436159,0.18560191166905116
683,"Total coffee, tea, and spices",Colombia,Million dollars,2020,1221.8,339436159,0.3599498661543598
684,,Brazil,Million dollars,2020,1216.7,339436159,0.35844737448846753
685,,Rest of world,Million dollars,2020,3722.7,339436159,1.0967305342386933
686,,World,Million dollars,2020,8346.2,339436159,2.45884234154323
687,,World (quantity),"1,000 metric tons",2020,2254.6,339436159,0.6642191588080043
688,"Coffee beans, unroasted",Brazil,Million dollars,2020,1045.8,339436159,0.3080991733706249
689,,Colombia,Million dollars,2020,1065.7,339436159,0.3139618369296949
690,,Honduras,Million dollars,2020,237.3,339436159,0.06991005339534259
691,,Guatemala,Million dollars,2020,302.4,339436159,0.08908891760114454
692,,Nicaragua,Million dollars,2020,241.8,339436159,0.07123578133583582
693,,Vietnam,Million dollars,2020,275.3,339436159,0.08110508933728537
694,,Rest of world,Million dollars,2020,1256.8,339436159,0.3702610834693071
695,,World,Million dollars,2020,4425.1,339436159,1.3036619354392354
696,"Coffee, roasted and instant",Switzerland,Million dollars,2020,454.0,339436159,0.13375121888531621
697,,Canada,Million dollars,2020,375.2,339436159,0.1105362496162349
698,,Italy,Million dollars,2020,91.1,339436159,0.026838625639762793
699,,Colombia,Million dollars,2020,54.2,339436159,0.01596765652771837
700,,Mexico,Million dollars,2020,37.7,339436159,0.01110665407924322
701,,Rest of world,Million dollars,2020,101.5,339436159,0.029902530213347128
702,,World,Million dollars,2020,1113.7,339436159,0.3281029349616226
703,,World (quantity),"1,000 metric tons",2020,97.2,339436159,0.028635723514653606
704,Coffee extracts and preparations,Mexico,Million dollars,2020,103.5,339436159,0.030491742631344118
705,,Brazil,Million dollars,2020,108.6,339436159,0.03199423429723643
706,,India,Million dollars,2020,26.1,339436159,0.0076892220548606905
707,,Rest of world,Million dollars,2020,159.1,339436159,0.046871847851660375
708,,World,Million dollars,2020,488.5,339436159,0.14391513309576426
709,,World (quantity),"1,000 metric tons",2020,70.9,339436159,0.02088758021799322
710,Tea and mate,Japan,Million dollars,2020,81.6,339436159,0.024039866654277098
711,,China ,Million dollars,2020,107.5,339436159,0.03167016746733809
712,,Canada,Million dollars,2020,96.2,339436159,0.02834111730565511
713,,Rest of world,Million dollars,2020,303.6,339436159,0.08944244505194275
714,,World,Million dollars,2020,659.3,339436159,0.194233873592707
715,,World (quantity),"1,000 metric tons",2020,181.0,339436159,0.053323723828727396
716,Spices,India,Million dollars,2020,240.0,339436159,0.07070549015963853
717,,Vietnam,Million dollars,2020,202.8,339436159,0.05974613918489456
718,,China ,Million dollars,2020,152.2,339436159,0.044839065009570765
719,,Madagascar ,Million dollars,2020,288.9,339436159,0.08511173377966487
720,,Spain,Million dollars,2020,76.3,339436159,0.022478453746585084
721,,Peru,Million dollars,2020,82.7,339436159,0.024363933484175444
722,,Indonesia,Million dollars,2020,175.8,339436159,0.051791771541935226
723,,Rest of world,Million dollars,2020,347.2,339436159,0.10228727576427707
724,,World,Million dollars,2020,1659.6,339436159,0.4889284644539004
725,,World (quantity),"1,000 metric tons",2020,477.7,339436159,0.14073338603858052
726,Total sweeteners and candy,Mexico,Million dollars,2020,1533.8,339436159,0.4518670033618899
727,,Canada,Million dollars,2020,764.5,339436159,0.22522644677934858
728,,Brazil,Million dollars,2020,420.9,339436159,0.12399975336746608
729,,Germany,Million dollars,2020,178.4,339436159,0.05255774768533131
730,,Turkey,Million dollars,2020,112.5,339436159,0.03314319851233056
731,,Guatemala,Million dollars,2020,157.5,339436159,0.04640047791726279
732,,Colombia,Million dollars,2020,138.7,339436159,0.040861881188091094
733,,Argentina,Million dollars,2020,177.8,339436159,0.05238098395993221
734,,Rest of world,Million dollars,2020,1687.4,339436159,0.4971185170640586
735,,World,Million dollars,2020,5171.5,339436159,1.523556009835711
736,,World (quantity),"1,000 metric tons",2020,4919.9,339436159,1.4494330876516899
737,"Sugar, cane and beet",Mexico,Million dollars,2020,739.7,339436159,0.21792021279618592
738,,Brazil,Million dollars,2020,313.3,339436159,0.09230012527922814
739,,Guatemala,Million dollars,2020,148.3,339436159,0.04369010079447665
740,,El Salvador,Million dollars,2020,73.7,339436159,0.021712477603189
741,,Colombia,Million dollars,2020,115.1,339436159,0.03390917465572665
742,,Dominican Republic,Million dollars,2020,131.2,339436159,0.03865233462060239
743,,Australia,Million dollars,2020,71.6,339436159,0.02109380456429216
744,,Rest of world,Million dollars,2020,606.5,339436159,0.17867866575758654
745,,World,Million dollars,2020,2199.4,339436159,0.6479568960712875
746,,World (quantity),"1,000 metric tons",2020,3551.6,339436159,1.046323411879051
747,Other sweeteners and syrups,Canada,Million dollars,2020,319.9,339436159,0.09424452625861818
748,,Mexico,Million dollars,2020,102.8,339436159,0.030285518285045172
749,,India,Million dollars,2020,66.3,339436159,0.019532391656600145
750,,Argentina,Million dollars,2020,93.5,339436159,0.02754568054135918
751,,Brazil,Million dollars,2020,70.0,339436159,0.020622434629894573
752,,New Zealand,Million dollars,2020,44.8,339436159,0.013198358163132525
753,,Rest of world,Million dollars,2020,337.9,339436159,0.09954743802059109
754,,World,Million dollars,2020,1035.2,339436159,0.3049763475552409
755,,World (quantity),"1,000 metric tons",2020,667.2,339436159,0.19656126264379514
756,Confections ,Mexico,Million dollars,2020,691.3,339436159,0.20366127228065883
757,,Canada,Million dollars,2020,423.9,339436159,0.12488357199446155
758,,Germany,Million dollars,2020,164.0,339436159,0.048315418275752996
759,,Turkey,Million dollars,2020,98.1,339436159,0.02890086910275225
760,,Spain,Million dollars,2020,114.3,339436159,0.033673489688527854
761,,China ,Million dollars,2020,77.2,339436159,0.02274359933468373
762,,Switzerland,Million dollars,2020,48.4,339436159,0.014258940515527103
763,,Thailand,Million dollars,2020,39.3,339436159,0.011578024013640808
764,,Rest of world,Million dollars,2020,280.4,339436159,0.08260758100317768
765,,World,Million dollars,2020,1936.9,339436159,0.5706227662091828
766,,World (quantity),"1,000 metric tons",2020,701.1,339436159,0.20654841312884406
767,"Sauces, soups, prepared foods",Singapore,Million dollars,2020,3205.2,339436159,0.9442718210819726
768,,Canada,Million dollars,2020,1419.7,339436159,0.4182524349151618
769,,Italy,Million dollars,2020,459.7,339436159,0.13543047427660765
770,,Mexico,Million dollars,2020,437.8,339436159,0.12897859829954061
771,,China ,Million dollars,2020,470.7,339436159,0.13867114257559107
772,,Thailand,Million dollars,2020,328.2,339436159,0.09668975779330569
773,,Germany,Million dollars,2020,186.7,339436159,0.05500297922001881
774,,South Korea,Million dollars,2020,172.9,339436159,0.05093741353583959
775,,Rest of world,Million dollars,2020,1920.5,339436159,0.5657912243816074
776,,World,Million dollars,2020,8601.4,339436159,2.534025846079645
777,,World (quantity),"1,000 metric tons",2020,1733.4,339436159,0.5106704026779892
778,Essential oils,Ireland,Million dollars,2020,2851.3,339436159,0.8400106837174056
779,,Brazil,Million dollars,2020,108.7,339436159,0.03202369491813629
780,,Mexico,Million dollars,2020,64.4,339436159,0.01897263985950301
781,,India,Million dollars,2020,203.9,339436159,0.060070206014792904
782,,France,Million dollars,2020,169.5,339436159,0.049935752425244714
783,,Canada,Million dollars,2020,87.9,339436159,0.025895885770967613
784,,Italy,Million dollars,2020,34.8,339436159,0.010252296073147586
785,,China ,Million dollars,2020,104.3,339436159,0.03072742759854291
786,,Rest of world,Million dollars,2020,498.9,339436159,0.1469790376693486
787,,World,Million dollars,2020,4123.7,339436159,1.2148676240470893
788,,World (quantity),"1,000 metric tons",2020,133.5,339436159,0.03932992890129893
789,Animal and other fats,Canada,Million dollars,2020,296.4,339436159,0.08732128034715357
790,,Australia,Million dollars,2020,22.6,339436159,0.006658100323365962
791,,Brazil,Million dollars,2020,0.3,339436159,8.838186269954817e-05
792,,Mexico,Million dollars,2020,42.9,339436159,0.012638606366035388
793,,Vietnam,Million dollars,2020,0.0,339436159,0.0
794,,Uruguay,Million dollars,2020,0.0,339436159,0.0
795,,Argentina,Million dollars,2020,2.4,339436159,0.0007070549015963854
796,,Norway,Million dollars,2020,72.8,339436159,0.021447332015090356
797,,Rest of world,Million dollars,2020,266.8,339436159,0.07860093656079817
798,,World,Million dollars,2020,704.2,339436159,0.2074616923767394
799,,World (quantity),"1,000 metric tons",2020,460.4,339436159,0.1356366986229066
800,Other edible products,India,Million dollars,2020,436.1,339436159,0.1284777677442432
801,,China ,Million dollars,2020,398.5,339436159,0.11740057428589981
802,,Canada,Million dollars,2020,121.0,339436159,0.03564735128881776
803,,Mexico,Million dollars,2020,152.0,339436159,0.04478014376777107
804,,France,Million dollars,2020,167.0,339436159,0.04919923690274848
805,,Spain,Million dollars,2020,111.9,339436159,0.03296643478693147
806,,Italy,Million dollars,2020,80.2,339436159,0.02362741796167921
807,,Germany,Million dollars,2020,130.9,339436159,0.03856395275790285
808,,Rest of world,Million dollars,2020,517.5,339436159,0.15245871315672058
809,,World,Million dollars,2020,2115.1,339436159,0.6231215926527144
810,,World (quantity),"1,000 metric tons",2020,325.1,339436159,0.09577647854541037
811,Total dairy products,Italy,Million dollars,2020,294.0,339436159,0.0866142254455572
812,,Ireland,Million dollars,2020,252.9,339436159,0.07450591025571911
813,,New Zealand,Million dollars,2020,263.4,339436159,0.07759927545020327
814,,France,Million dollars,2020,184.4,339436159,0.05432538493932227
815,,Canada,Million dollars,2020,166.8,339436159,0.049140315660948786
816,,Mexico,Million dollars,2020,145.8,339436159,0.04295358527198041
817,,Netherlands,Million dollars,2020,116.3,339436159,0.03426270210652484
818,,Spain,Million dollars,2020,88.8,339436159,0.026161031359066257
819,,Rest of world,Million dollars,2020,553.2,339436159,0.16297615481796685
820,,World,Million dollars,2020,2065.6,339436159,0.608538585307289
821,,World (quantity),"1,000 metric tons",2020,368.4,339436159,0.10853292739504515
822,"Cheese, fresh or processed",Italy,Million dollars,2020,291.2,339436159,0.08578932806036142
823,,France,Million dollars,2020,156.4,339436159,0.04607641108736444
824,,Spain,Million dollars,2020,88.6,339436159,0.02610211011726656
825,,Netherlands,Million dollars,2020,94.3,339436159,0.027781365508557972
826,,Switzerland,Million dollars,2020,100.3,339436159,0.029549002762548935
827,,Ireland,Million dollars,2020,39.9,339436159,0.011754787739039907
828,,United Kingdom,Million dollars,2020,39.6,339436159,0.011666405876340357
829,,Rest of world,Million dollars,2020,383.6,339436159,0.11301094177182225
830,,World,Million dollars,2020,1193.9,339436159,0.3517303529233019
831,,World (quantity),"1,000 metric tons",2020,166.0,339436159,0.048904630693749986
832,"Yogurt, buttermilk, or whey",New Zealand,Million dollars,2020,228.8,339436159,0.0674059006188554
833,,Canada,Million dollars,2020,82.8,339436159,0.024393394105075294
834,,France,Million dollars,2020,15.0,339436159,0.004419093134977408
835,,Denmark,Million dollars,2020,10.4,339436159,0.0030639045735843364
836,,Germany,Million dollars,2020,8.1,339436159,0.0023863102928878004
837,,Mexico,Million dollars,2020,2.5,339436159,0.0007365155224962347
838,,Chile,Million dollars,2020,3.6,339436159,0.001060582352394578
839,,Rest of world,Million dollars,2020,3.4,339436159,0.0010016611105948792
840,,World,Million dollars,2020,354.6,339436159,0.10446736171086593
841,,World (quantity),"1,000 metric tons",2020,88.6,339436159,0.02610211011726656
842,Milk and cream,Mexico,Million dollars,2020,88.4,339436159,0.02604318887546686
843,,Chile,Million dollars,2020,22.7,339436159,0.006687560944265811
844,,Netherlands,Million dollars,2020,21.0,339436159,0.006186730388968372
845,,Canada,Million dollars,2020,25.1,339436159,0.0073946158458621965
846,,New Zealand,Million dollars,2020,6.4,339436159,0.0018854797375903608
847,,Peru,Million dollars,2020,0.6,339436159,0.00017676372539909634
848,,Rest of world,Million dollars,2020,16.6,339436159,0.004890463069374999
849,,World,Million dollars,2020,180.8,339436159,0.053264802586927694
850,,World (quantity),"1,000 metric tons",2020,49.3,339436159,0.014524086103625749
851,Butter or spreads,Ireland,Million dollars,2020,212.5,339436159,0.06260381941217995
852,,New Zealand,Million dollars,2020,19.3,339436159,0.005685899833670932
853,,Mexico,Million dollars,2020,36.1,339436159,0.010635284144845629
854,,France,Million dollars,2020,13.0,339436159,0.0038298807169804203
855,,India,Million dollars,2020,13.0,339436159,0.0038298807169804203
856,,Chile,Million dollars,2020,6.3,339436159,0.0018560191166905114
857,,Rest of world,Million dollars,2020,36.1,339436159,0.010635284144845629
858,,World,Million dollars,2020,336.3,339436159,0.09907606808619349
859,,World (quantity),"1,000 metric tons",2020,64.4,339436159,0.01897263985950301
860,Total cocoa and products,Canada,Million dollars,2019,1518.7,337790067,0.4495987740219726
861,,Cote d'Ivoire,Million dollars,2019,656.3,337790067,0.1942922732538491
862,,Mexico,Million dollars,2019,571.4,337790067,0.16915831927053082
863,,Ghana,Million dollars,2019,224.9,337790067,0.06657981449762405
864,,Malaysia,Million dollars,2019,197.6,337790067,0.058497871697334426
865,,Ecuador,Million dollars,2019,142.3,337790067,0.04212675679418366
866,,Netherlands,Million dollars,2019,177.5,337790067,0.05254743029492338
867,,Rest of world,Million dollars,2019,1488.2,337790067,0.44056949726707034
868,,World,Million dollars,2019,4976.9,337790067,1.4733707370974882
869,,World (quantity),"1,000 metric tons",2019,1393.9,337790067,0.4126527497920772
870,,Ecuador,Million dollars,2019,116.2,337790067,0.034400064226873785
871,,Ghana,Million dollars,2019,174.9,337790067,0.05177772145680056
872,,Dominican Republic,Million dollars,2019,66.7,337790067,0.019745992116458534
873,,Papua New Guinea,Million dollars,2019,10.8,337790067,0.0031972520968178734
874,,Nigeria,Million dollars,2019,8.3,337790067,0.0024571474447766996
875,,Rest of world,Million dollars,2019,42.3,337790067,0.012522570712536672
876,,World,Million dollars,2019,905.1,337790067,0.2679474882249868
877,,World (quantity),"1,000 metric tons",2019,375.5,337790067,0.1111637187365844
878,"Cocoa paste, butter, and powder",Cote d'Ivoire,Million dollars,2019,159.3,337790067,0.04715946842806364
879,,Malaysia,Million dollars,2019,189.9,337790067,0.05621834936904761
880,,Netherlands,Million dollars,2019,163.2,337790067,0.04831403168524786
881,,Ghana,Million dollars,2019,50.0,337790067,0.01480209304082349
882,,Ecuador,Million dollars,2019,22.9,337790067,0.006779358612697158
883,,Canada,Million dollars,2019,17.9,337790067,0.005299149308614809
884,,Spain,Million dollars,2019,20.9,337790067,0.006187274891064218
885,,Rest of world,Million dollars,2019,301.1,337790067,0.08913820429183907
886,,World,Million dollars,2019,1237.3,337790067,0.36629259438821804
887,,World (quantity),"1,000 metric tons",2019,397.7,337790067,0.11773584804671003
888,Chocolate,Canada,Million dollars,2019,1500.7,337790067,0.4442700205272762
889,,Mexico,Million dollars,2019,526.4,337790067,0.1558364355337897
890,,Germany,Million dollars,2019,131.8,337790067,0.039018317255610724
891,,Poland,Million dollars,2019,67.7,337790067,0.020042033977275005
892,,Italy,Million dollars,2019,58.8,337790067,0.017407261416008422
893,,Switzerland,Million dollars,2019,71.3,337790067,0.021107784676214294
894,,Croatia,Million dollars,2019,2.1,337790067,0.0006216879077145865
895,,Rest of world,Million dollars,2019,326.9,337790067,0.09677608430090395
896,,World,Million dollars,2019,2834.3,337790067,0.8390714461121203
897,,World (quantity),"1,000 metric tons",2019,620.6,337790067,0.18372357882270116
898,"Total coffee, tea, and spices",Colombia,Million dollars,2019,1267.9,337790067,0.37535147532920204
899,,Brazil,Million dollars,2019,1171.6,337790067,0.34684264413257593
900,,Rest of world,Million dollars,2019,3901.0,337790067,1.1548592990450486
901,,World,Million dollars,2019,8427.3,337790067,2.4948335736586356
902,,World (quantity),"1,000 metric tons",2019,2371.9,337790067,0.7021816896705847
903,"Coffee beans, unroasted",Brazil,Million dollars,2019,1034.5,337790067,0.306255305014638
904,,Colombia,Million dollars,2019,1140.4,337790067,0.3376061380751022
905,,Honduras,Million dollars,2019,245.8,337790067,0.07276708938868827
906,,Guatemala,Million dollars,2019,316.4,337790067,0.09366764476233103
907,,Nicaragua,Million dollars,2019,263.7,337790067,0.07806623869730309
908,,Vietnam,Million dollars,2019,277.3,337790067,0.08209240800440706
909,,Rest of world,Million dollars,2019,1340.5,337790067,0.39684411442447776
910,,World,Million dollars,2019,4618.6,337790067,1.3672989383669474
911,"Coffee, roasted and instant",Switzerland,Million dollars,2019,360.2,337790067,0.10663427826609241
912,,Canada,Million dollars,2019,394.4,337790067,0.11675890990601567
913,,Italy,Million dollars,2019,120.3,337790067,0.03561383585622131
914,,Colombia,Million dollars,2019,48.1,337790067,0.014239613505272196
915,,Mexico,Million dollars,2019,38.5,337790067,0.011397611641434087
916,,Rest of world,Million dollars,2019,117.3,337790067,0.03472571027377191
917,,World,Million dollars,2019,1078.8,337790067,0.3193699594488076
918,,World (quantity),"1,000 metric tons",2019,102.7,337790067,0.030403499105851446
919,Coffee extracts and preparations,Mexico,Million dollars,2019,102.9,337790067,0.03046270747801474
920,,Brazil,Million dollars,2019,92.9,337790067,0.027502288869850042
921,,India,Million dollars,2019,33.5,337790067,0.009917402337351737
922,,Rest of world,Million dollars,2019,108.4,337790067,0.032090937712505326
923,,World,Million dollars,2019,408.4,337790067,0.12090349595744626
924,,World (quantity),"1,000 metric tons",2019,60.3,337790067,0.017851324207233128
925,Tea and mate,Japan,Million dollars,2019,62.4,337790067,0.018473012114947715
926,,China ,Million dollars,2019,125.2,337790067,0.03706444097422201
927,,Canada,Million dollars,2019,96.7,337790067,0.028627247940952626
928,,Rest of world,Million dollars,2019,309.5,337790067,0.0916249559226974
929,,World,Million dollars,2019,661.4,337790067,0.19580208674401312
930,,World (quantity),"1,000 metric tons",2019,188.6,337790067,0.0558334949499862
931,Spices,India,Million dollars,2019,224.5,337790067,0.06646139775329746
932,,Vietnam,Million dollars,2019,193.5,337790067,0.0572841000679869
933,,China ,Million dollars,2019,167.8,337790067,0.04967582424500363
934,,Madagascar ,Million dollars,2019,419.1,337790067,0.12407114386818248
935,,Spain,Million dollars,2019,62.2,337790067,0.01841380374278442
936,,Peru,Million dollars,2019,56.0,337790067,0.01657834420572231
937,,Indonesia,Million dollars,2019,176.7,337790067,0.05231059680627021
938,,Rest of world,Million dollars,2019,274.9,337790067,0.08138190753844753
939,,World,Million dollars,2019,1660.1,337790067,0.4914590931414215
940,,World (quantity),"1,000 metric tons",2019,427.7,337790067,0.12661710387120412
941,Total sweeteners and candy,Mexico,Million dollars,2019,1347.9,337790067,0.39903482419451963
942,,Canada,Million dollars,2019,785.8,337790067,0.23262969422958196
943,,Brazil,Million dollars,2019,269.1,337790067,0.07966486474571202
944,,Germany,Million dollars,2019,154.5,337790067,0.04573846749614458
945,,Turkey,Million dollars,2019,105.9,337790067,0.03135083306046415
946,,Guatemala,Million dollars,2019,146.0,337790067,0.04322211167920459
947,,Colombia,Million dollars,2019,128.2,337790067,0.03795256655667142
948,,Argentina,Million dollars,2019,137.5,337790067,0.040705755862264596
949,,Rest of world,Million dollars,2019,1590.1,337790067,0.4707361628842686
950,,World,Million dollars,2019,4665.0,337790067,1.3810352807088315
951,,World (quantity),"1,000 metric tons",2019,4271.9,337790067,1.264661225221877
952,"Sugar, cane and beet",Mexico,Million dollars,2019,569.4,337790067,0.16856623554889788
953,,Brazil,Million dollars,2019,175.9,337790067,0.05207376331761703
954,,Guatemala,Million dollars,2019,135.4,337790067,0.04008406795455001
955,,El Salvador,Million dollars,2019,91.4,337790067,0.027058226078625337
956,,Colombia,Million dollars,2019,96.6,337790067,0.02859764375487098
957,,Dominican Republic,Million dollars,2019,110.2,337790067,0.03262381306197497
958,,Australia,Million dollars,2019,71.9,337790067,0.02128540979270418
959,,Rest of world,Million dollars,2019,473.8,337790067,0.14026463365484337
960,,World,Million dollars,2019,1724.6,337790067,0.5105537931640838
961,,World (quantity),"1,000 metric tons",2019,2883.1,337790067,0.8535182889199641
962,Other sweeteners and syrups,Canada,Million dollars,2019,326.3,337790067,0.09659845918441409
963,,Mexico,Million dollars,2019,95.5,337790067,0.028271997707972864
964,,India,Million dollars,2019,87.5,337790067,0.025903662821441107
965,,Argentina,Million dollars,2019,80.5,337790067,0.023831369795725817
966,,Brazil,Million dollars,2019,55.8,337790067,0.016519135833559014
967,,New Zealand,Million dollars,2019,39.5,337790067,0.011693653502250555
968,,Rest of world,Million dollars,2019,312.3,337790067,0.0924538731329835
969,,World,Million dollars,2019,997.4,337790067,0.29527215197834694
970,,World (quantity),"1,000 metric tons",2019,687.5,337790067,0.20352877931132296
971,Confections ,Mexico,Million dollars,2019,683.0,337790067,0.20219659093764886
972,,Canada,Million dollars,2019,450.7,337790067,0.13342606666998294
973,,Germany,Million dollars,2019,140.5,337790067,0.041593881444714
974,,Turkey,Million dollars,2019,95.7,337790067,0.028331206080136156
975,,Spain,Million dollars,2019,98.6,337790067,0.02918972747650392
976,,China ,Million dollars,2019,109.5,337790067,0.03241658375940344
977,,Switzerland,Million dollars,2019,35.4,337790067,0.01047988187290303
978,,Thailand,Million dollars,2019,37.7,337790067,0.011160778152780913
979,,Rest of world,Million dollars,2019,291.9,337790067,0.08641461917232751
980,,World,Million dollars,2019,1943.0,337790067,0.5752093355664007
981,,World (quantity),"1,000 metric tons",2019,701.3,337790067,0.20761415699059024
982,"Sauces, soups, prepared foods",Singapore,Million dollars,2019,2973.4,337790067,0.8802508689516912
983,,Canada,Million dollars,2019,1306.4,337790067,0.38674908697063615
984,,Italy,Million dollars,2019,375.1,337790067,0.11104530199225782
985,,Mexico,Million dollars,2019,379.3,337790067,0.11228867780768699
986,,China ,Million dollars,2019,391.7,337790067,0.1159595968818112
987,,Thailand,Million dollars,2019,292.5,337790067,0.08659224428881741
988,,Germany,Million dollars,2019,160.0,337790067,0.04736669773063516
989,,South Korea,Million dollars,2019,122.0,337790067,0.03611710701960931
990,,Rest of world,Million dollars,2019,1592.5,337790067,0.4714466633502281
991,,World,Million dollars,2019,7592.9,337790067,2.2478162449933734
992,,World (quantity),"1,000 metric tons",2019,1503.1,337790067,0.4449805209932357
993,Essential oils,Ireland,Million dollars,2019,2832.6,337790067,0.8385681749487323
994,,Brazil,Million dollars,2019,110.6,337790067,0.03274222980630156
995,,Mexico,Million dollars,2019,72.3,337790067,0.021403826537030764
996,,India,Million dollars,2019,185.2,337790067,0.054826952623210204
997,,France,Million dollars,2019,161.6,337790067,0.047840364707941514
998,,Canada,Million dollars,2019,74.2,337790067,0.021966306072582056
999,,Italy,Million dollars,2019,39.0,337790067,0.011545632571842322
1000,,China ,Million dollars,2019,83.6,337790067,0.02474909956425687
1001,,Rest of world,Million dollars,2019,541.7,337790067,0.1603658760042817
1002,,World,Million dollars,2019,4100.8,337790067,1.2140084628361794
1003,,World (quantity),"1,000 metric tons",2019,118.3,337790067,0.03502175213458837
1004,Animal and other fats,Canada,Million dollars,2019,259.6,337790067,0.07685246706795557
1005,,Australia,Million dollars,2019,19.1,337790067,0.005654399541594573
1006,,Brazil,Million dollars,2019,0.2,337790067,5.9208372163293956e-05
1007,,Mexico,Million dollars,2019,42.4,337790067,0.012552174898618318
1008,,Vietnam,Million dollars,2019,0.0,337790067,0.0
1009,,Uruguay,Million dollars,2019,0.6,337790067,0.00017762511648988186
1010,,Argentina,Million dollars,2019,1.1,337790067,0.0003256460468981168
1011,,Norway,Million dollars,2019,68.9,337790067,0.02039728421025477
1012,,Rest of world,Million dollars,2019,217.5,337790067,0.06438910472758218
1013,,World,Million dollars,2019,609.4,337790067,0.18040790998155667
1014,,World (quantity),"1,000 metric tons",2019,407.0,337790067,0.1204890373523032
1015,Other edible products,India,Million dollars,2019,497.4,337790067,0.14725122157011206
1016,,China ,Million dollars,2019,361.6,337790067,0.10704873687123546
1017,,Canada,Million dollars,2019,119.9,337790067,0.03549541911189472
1018,,Mexico,Million dollars,2019,140.2,337790067,0.04150506888646906
1019,,France,Million dollars,2019,162.4,337790067,0.04807719819659469
1020,,Spain,Million dollars,2019,114.5,337790067,0.03389679306348579
1021,,Italy,Million dollars,2019,71.5,337790067,0.02116699304837759
1022,,Germany,Million dollars,2019,121.4,337790067,0.03593948190311943
1023,,Rest of world,Million dollars,2019,503.5,337790067,0.14905707692109252
1024,,World,Million dollars,2019,2092.4,337790067,0.6194379895723814
1025,,World (quantity),"1,000 metric tons",2019,377.7,337790067,0.11181501083038063
1026,Total dairy products,Italy,Million dollars,2019,375.4,337790067,0.11113411455050275
1027,,Ireland,Million dollars,2019,260.1,337790067,0.0770004879983638
1028,,New Zealand,Million dollars,2019,243.7,337790067,0.07214540148097369
1029,,France,Million dollars,2019,202.3,337790067,0.059889268443171835
1030,,Canada,Million dollars,2019,139.0,337790067,0.0411498186534893
1031,,Mexico,Million dollars,2019,130.7,337790067,0.038692671208712594
1032,,Netherlands,Million dollars,2019,103.5,337790067,0.030640332594504622
1033,,Spain,Million dollars,2019,98.9,337790067,0.029278540034748862
1034,,Rest of world,Million dollars,2019,574.6,337790067,0.17010565322514354
1035,,World,Million dollars,2019,2128.2,337790067,0.6300362881896109
1036,,World (quantity),"1,000 metric tons",2019,384.2,337790067,0.11373928292568769
1037,"Cheese, fresh or processed",Italy,Million dollars,2019,372.6,337790067,0.11030519734021664
1038,,France,Million dollars,2019,173.8,337790067,0.051452075409902445
1039,,Spain,Million dollars,2019,98.9,337790067,0.029278540034748862
1040,,Netherlands,Million dollars,2019,90.3,337790067,0.02673258003172722
1041,,Switzerland,Million dollars,2019,89.2,337790067,0.026406933984829104
1042,,Ireland,Million dollars,2019,45.9,337790067,0.013588321411475963
1043,,United Kingdom,Million dollars,2019,59.3,337790067,0.017555282346416658
1044,,Rest of world,Million dollars,2019,378.0,337790067,0.11190382338862558
1045,,World,Million dollars,2019,1308.0,337790067,0.3872227539479425
1046,,World (quantity),"1,000 metric tons",2019,179.8,337790067,0.05322832657480127
1047,"Yogurt, buttermilk, or whey",New Zealand,Million dollars,2019,204.8,337790067,0.06062937309521301
1048,,Canada,Million dollars,2019,85.7,337790067,0.02537078747197146
1049,,France,Million dollars,2019,14.1,337790067,0.004174190237512224
1050,,Denmark,Million dollars,2019,10.5,337790067,0.0031084395385729325
1051,,Germany,Million dollars,2019,11.2,337790067,0.0033156688411444613
1052,,Mexico,Million dollars,2019,2.9,337790067,0.0008585213963677624
1053,,Chile,Million dollars,2019,2.5,337790067,0.0007401046520411744
1054,,Rest of world,Million dollars,2019,3.0,337790067,0.0008881255824494094
1055,,World,Million dollars,2019,334.7,337790067,0.09908521081527244
1056,,World (quantity),"1,000 metric tons",2019,98.9,337790067,0.029278540034748862
1057,Milk and cream,Mexico,Million dollars,2019,53.6,337790067,0.01586784373976278
1058,,Chile,Million dollars,2019,21.7,337790067,0.006424108379717394
1059,,Netherlands,Million dollars,2019,11.6,337790067,0.0034340855854710496
1060,,Canada,Million dollars,2019,9.8,337790067,0.002901210236001404
1061,,New Zealand,Million dollars,2019,3.9,337790067,0.0011545632571842322
1062,,Peru,Million dollars,2019,11.4,337790067,0.0033748772133077552
1063,,Rest of world,Million dollars,2019,13.9,337790067,0.00411498186534893
1064,,World,Million dollars,2019,125.9,337790067,0.037271670276793546
1065,,World (quantity),"1,000 metric tons",2019,44.6,337790067,0.013203466992414552
1066,Butter or spreads,Ireland,Million dollars,2019,213.4,337790067,0.06317533309823466
1067,,New Zealand,Million dollars,2019,23.1,337790067,0.006838566984860452
1068,,Mexico,Million dollars,2019,57.2,337790067,0.01693359443870207
1069,,France,Million dollars,2019,14.1,337790067,0.004174190237512224
1070,,India,Million dollars,2019,6.6,337790067,0.0019538762813887003
1071,,Chile,Million dollars,2019,7.7,337790067,0.0022795223282868174
1072,,Rest of world,Million dollars,2019,37.4,337790067,0.01107196559453597
1073,,World,Million dollars,2019,359.5,337790067,0.10642704896352088
1074,,World (quantity),"1,000 metric tons",2019,61.0,337790067,0.018058553509804655
1075,Total cocoa and products,Canada,Million dollars,2018,1403.1,335056497,0.41876519708256843
1076,,Cote d'Ivoire,Million dollars,2018,733.5,335056497,0.21891830379877697
1077,,Mexico,Million dollars,2018,500.9,335056497,0.14949717569571558
1078,,Ghana,Million dollars,2018,168.9,335056497,0.050409409013787904
1079,,Malaysia,Million dollars,2018,120.7,335056497,0.036023775417194794
1080,,Ecuador,Million dollars,2018,136.7,335056497,0.040799089474155156
1081,,Netherlands,Million dollars,2018,162.8,335056497,0.048588820529571766
1082,,Rest of world,Million dollars,2018,1485.7,335056497,0.44341775590162635
1083,,World,Million dollars,2018,4712.3,335056497,1.406419526913397
1084,,World (quantity),"1,000 metric tons",2018,1372.8,335056497,0.40972194608719975
1085,,Ecuador,Million dollars,2018,123.5,335056497,0.036859455377162856
1086,,Ghana,Million dollars,2018,115.5,335056497,0.03447179834868267
1087,,Dominican Republic,Million dollars,2018,47.1,335056497,0.014057330755177089
1088,,Papua New Guinea,Million dollars,2018,17.3,335056497,0.0051633083240884
1089,,Nigeria,Million dollars,2018,15.2,335056497,0.004536548354112351
1090,,Rest of world,Million dollars,2018,34.5,335056497,0.010296770935320797
1091,,World,Million dollars,2018,961.2,335056497,0.2868769919718942
1092,,World (quantity),"1,000 metric tons",2018,415.3,335056497,0.1239492454909776
1093,"Cocoa paste, butter, and powder",Cote d'Ivoire,Million dollars,2018,112.6,335056497,0.033606272675858605
1094,,Malaysia,Million dollars,2018,116.5,335056497,0.03477025547724269
1095,,Netherlands,Million dollars,2018,141.3,335056497,0.04217199226553127
1096,,Ghana,Million dollars,2018,53.4,335056497,0.015937610665105236
1097,,Ecuador,Million dollars,2018,10.6,335056497,0.003163645562736245
1098,,Canada,Million dollars,2018,23.9,335056497,0.007133125372584552
1099,,Spain,Million dollars,2018,27.6,335056497,0.008237416748256638
1100,,Rest of world,Million dollars,2018,277.2,335056497,0.08273231603683841
1101,,World,Million dollars,2018,1126.7,335056497,0.33627164674857807
1102,,World (quantity),"1,000 metric tons",2018,367.2,335056497,0.10959345760724049
1103,Chocolate,Canada,Million dollars,2018,1378.9,335056497,0.4115425345714159
1104,,Mexico,Million dollars,2018,458.0,335056497,0.13669336488049058
1105,,Germany,Million dollars,2018,146.8,335056497,0.043813506472611397
1106,,Poland,Million dollars,2018,74.8,335056497,0.02232459321628973
1107,,Italy,Million dollars,2018,51.0,335056497,0.01522131355656118
1108,,Switzerland,Million dollars,2018,66.9,335056497,0.01996678190066555
1109,,Croatia,Million dollars,2018,1.9,335056497,0.0005670685442640439
1110,,Rest of world,Million dollars,2018,306.5,335056497,0.09147710990364709
1111,,World,Million dollars,2018,2624.1,335056497,0.7831813510543567
1112,,World (quantity),"1,000 metric tons",2018,590.2,335056497,0.17614939727612566
1113,"Total coffee, tea, and spices",Colombia,Million dollars,2018,1254.0,335056497,0.37426523921426896
1114,,Brazil,Million dollars,2018,1122.4,335056497,0.33498828109577
1115,,Rest of world,Million dollars,2018,3959.4,335056497,1.1817111548205554
1116,,World,Million dollars,2018,8454.7,335056497,2.523365484836428
1117,,World (quantity),"1,000 metric tons",2018,2236.8,335056497,0.6675889051630598
1118,"Coffee beans, unroasted",Brazil,Million dollars,2018,962.1,335056497,0.28714560338759826
1119,,Colombia,Million dollars,2018,1142.5,335056497,0.34098726937982643
1120,,Honduras,Million dollars,2018,210.7,335056497,0.06288491698759686
1121,,Guatemala,Million dollars,2018,326.2,335056497,0.09735671533627954
1122,,Nicaragua,Million dollars,2018,246.7,335056497,0.0736293736157577
1123,,Vietnam,Million dollars,2018,392.4,335056497,0.11711457724695307
1124,,Rest of world,Million dollars,2018,1460.4,335056497,0.43586679054905775
1125,,World,Million dollars,2018,4741.0,335056497,1.4149852465030697
1126,"Coffee, roasted and instant",Switzerland,Million dollars,2018,235.9,335056497,0.07040603662730946
1127,,Canada,Million dollars,2018,407.1,335056497,0.1215018970367854
1128,,Italy,Million dollars,2018,109.4,335056497,0.03265120986446653
1129,,Colombia,Million dollars,2018,43.4,335056497,0.012953039379505003
1130,,Mexico,Million dollars,2018,37.9,335056497,0.011311525172424876
1131,,Rest of world,Million dollars,2018,94.2,335056497,0.028114661510354178
1132,,World,Million dollars,2018,927.9,335056497,0.27693836959084545
1133,,World (quantity),"1,000 metric tons",2018,88.6,335056497,0.026443301590418047
1134,Coffee extracts and preparations,Mexico,Million dollars,2018,89.9,335056497,0.026831295857546077
1135,,Brazil,Million dollars,2018,100.9,335056497,0.030114324271706332
1136,,India,Million dollars,2018,43.6,335056497,0.013012730805217008
1137,,Rest of world,Million dollars,2018,91.5,335056497,0.027308827263242116
1138,,World,Million dollars,2018,389.1,335056497,0.116129668722705
1139,,World (quantity),"1,000 metric tons",2018,53.1,335056497,0.015848073526537228
1140,Tea and mate,Japan,Million dollars,2018,63.0,335056497,0.018802799099281457
1141,,China ,Million dollars,2018,132.9,335056497,0.039664952385627075
1142,,Canada,Million dollars,2018,85.9,335056497,0.025637467343305985
1143,,Rest of world,Million dollars,2018,294.9,335056497,0.08801500721235081
1144,,World,Million dollars,2018,637.4,335056497,0.19023657374415873
1145,,World (quantity),"1,000 metric tons",2018,181.0,335056497,0.05402074026936418
1146,Spices,India,Million dollars,2018,220.2,335056497,0.0657202597089171
1147,,Vietnam,Million dollars,2018,201.2,335056497,0.06004957426627665
1148,,China ,Million dollars,2018,163.0,335056497,0.04864851195528377
1149,,Madagascar ,Million dollars,2018,521.6,335056497,0.15567523825690807
1150,,Spain,Million dollars,2018,58.4,335056497,0.01742989630790535
1151,,Peru,Million dollars,2018,53.0,335056497,0.015818227813681224
1152,,Indonesia,Million dollars,2018,171.3,335056497,0.05112570612233196
1153,,Rest of world,Million dollars,2018,291.4,335056497,0.08697040726239072
1154,,World,Million dollars,2018,1759.4,335056497,0.5251054719885047
1155,,World (quantity),"1,000 metric tons",2018,410.9,335056497,0.1226360341253135
1156,Total sweeteners and candy,Mexico,Million dollars,2018,1397.3,335056497,0.4170341457369203
1157,,Canada,Million dollars,2018,823.8,335056497,0.24586898250774705
1158,,Brazil,Million dollars,2018,310.1,335056497,0.09255155556646318
1159,,Germany,Million dollars,2018,144.2,335056497,0.04303751793835533
1160,,Turkey,Million dollars,2018,92.2,335056497,0.02751774725323413
1161,,Guatemala,Million dollars,2018,157.5,335056497,0.04700699774820364
1162,,Colombia,Million dollars,2018,109.5,335056497,0.03268105557732253
1163,,Argentina,Million dollars,2018,131.6,335056497,0.039276958118499045
1164,,Rest of world,Million dollars,2018,1493.5,335056497,0.4457457215043945
1165,,World,Million dollars,2018,4659.7,335056497,1.3907206819511397
1166,,World (quantity),"1,000 metric tons",2018,4147.3,335056497,1.2377912492769838
1167,"Sugar, cane and beet",Mexico,Million dollars,2018,663.6,335056497,0.19805615051243133
1168,,Brazil,Million dollars,2018,196.7,335056497,0.058706517187756546
1169,,Guatemala,Million dollars,2018,147.5,335056497,0.04402242646260341
1170,,El Salvador,Million dollars,2018,67.0,335056497,0.01999662761352155
1171,,Colombia,Million dollars,2018,82.7,335056497,0.02468240453191391
1172,,Dominican Republic,Million dollars,2018,116.9,335056497,0.034889638328666706
1173,,Australia,Million dollars,2018,31.9,335056497,0.009520782401064737
1174,,Rest of world,Million dollars,2018,406.9,335056497,0.12144220561107341
1175,,World,Million dollars,2018,1713.2,335056497,0.5113167526490316
1176,,World (quantity),"1,000 metric tons",2018,2831.2,335056497,0.8449918223791375
1177,Other sweeteners and syrups,Canada,Million dollars,2018,320.3,335056497,0.0955958182777754
1178,,Mexico,Million dollars,2018,99.6,335056497,0.029726330004578302
1179,,India,Million dollars,2018,84.3,335056497,0.02515993593760995
1180,,Argentina,Million dollars,2018,86.9,335056497,0.02593592447186601
1181,,Brazil,Million dollars,2018,81.1,335056497,0.02420487312621787
1182,,New Zealand,Million dollars,2018,36.9,335056497,0.011013068043864854
1183,,Rest of world,Million dollars,2018,332.0,335056497,0.09908776668192767
1184,,World,Million dollars,2018,1041.1,335056497,0.31072371654384
1185,,World (quantity),"1,000 metric tons",2018,635.9,335056497,0.1897888880513187
1186,Confections ,Mexico,Million dollars,2018,634.1,335056497,0.18925166521991066
1187,,Canada,Million dollars,2018,496.5,335056497,0.1481839643300515
1188,,Germany,Million dollars,2018,130.6,335056497,0.03897850098993902
1189,,Turkey,Million dollars,2018,81.3,335056497,0.02426456455192988
1190,,Spain,Million dollars,2018,83.9,335056497,0.02504055308618594
1191,,China ,Million dollars,2018,145.4,335056497,0.04339566649262736
1192,,Switzerland,Million dollars,2018,41.4,335056497,0.012356125122384957
1193,,Thailand,Million dollars,2018,36.2,335056497,0.010804148053872838
1194,,Rest of world,Million dollars,2018,256.1,335056497,0.07643487062422193
1195,,World,Million dollars,2018,1905.5,335056497,0.5687100584711241
1196,,World (quantity),"1,000 metric tons",2018,680.2,335056497,0.20301053884652773
1197,"Sauces, soups, prepared foods",Singapore,Million dollars,2018,2610.2,335056497,0.7790327969673723
1198,,Canada,Million dollars,2018,1265.2,335056497,0.37760795905414124
1199,,Italy,Million dollars,2018,364.0,335056497,0.10863839479584841
1200,,Mexico,Million dollars,2018,344.3,335056497,0.10275878936321596
1201,,China ,Million dollars,2018,374.9,335056497,0.11189157749715267
1202,,Thailand,Million dollars,2018,276.6,335056497,0.08255324175970241
1203,,Germany,Million dollars,2018,148.0,335056497,0.04417165502688342
1204,,South Korea,Million dollars,2018,105.0,335056497,0.03133799849880243
1205,,Rest of world,Million dollars,2018,1500.2,335056497,0.44774538426574667
1206,,World,Million dollars,2018,6988.4,335056497,2.0857377972288655
1207,,World (quantity),"1,000 metric tons",2018,1441.9,335056497,0.4303453336706973
1208,Essential oils,Ireland,Million dollars,2018,2768.8,335056497,0.826368097556992
1209,,Brazil,Million dollars,2018,131.8,335056497,0.03933664954421105
1210,,Mexico,Million dollars,2018,91.0,335056497,0.027159598698962104
1211,,India,Million dollars,2018,194.6,335056497,0.0580797572177805
1212,,France,Million dollars,2018,187.1,335056497,0.055841328753580326
1213,,Canada,Million dollars,2018,88.1,335056497,0.026294073026138037
1214,,Italy,Million dollars,2018,42.8,335056497,0.01277396510236899
1215,,China ,Million dollars,2018,128.1,335056497,0.03823235816853896
1216,,Rest of world,Million dollars,2018,669.8,335056497,0.19990658470950345
1217,,World,Million dollars,2018,4302.1,335056497,1.2839924127780757
1218,,World (quantity),"1,000 metric tons",2018,116.2,335056497,0.034680718338674685
1219,Animal and other fats,Canada,Million dollars,2018,251.1,335056497,0.07494258498142181
1220,,Australia,Million dollars,2018,4.6,335056497,0.0013729027913761062
1221,,Brazil,Million dollars,2018,0.1,335056497,2.9845712856002312e-05
1222,,Mexico,Million dollars,2018,32.4,335056497,0.009670010965344748
1223,,Vietnam,Million dollars,2018,0.0,335056497,0.0
1224,,Uruguay,Million dollars,2018,0.1,335056497,2.9845712856002312e-05
1225,,Argentina,Million dollars,2018,0.8,335056497,0.0002387657028480185
1226,,Norway,Million dollars,2018,57.7,335056497,0.017220976317913333
1227,,Rest of world,Million dollars,2018,245.5,335056497,0.07327122506148567
1228,,World,Million dollars,2018,592.3,335056497,0.17677615724610168
1229,,World (quantity),"1,000 metric tons",2018,373.2,335056497,0.11138420037860063
1230,Other edible products,India,Million dollars,2018,592.9,335056497,0.1769552315232377
1231,,China ,Million dollars,2018,384.2,335056497,0.11466722879276088
1232,,Canada,Million dollars,2018,108.8,335056497,0.03247213558733052
1233,,Mexico,Million dollars,2018,141.0,335056497,0.04208245512696326
1234,,France,Million dollars,2018,168.3,335056497,0.050230334736651894
1235,,Spain,Million dollars,2018,99.9,335056497,0.02981586714314631
1236,,Italy,Million dollars,2018,62.3,335056497,0.01859387910928944
1237,,Germany,Million dollars,2018,126.5,335056497,0.037754826762842926
1238,,Rest of world,Million dollars,2018,511.5,335056497,0.15266082125845182
1239,,World,Million dollars,2018,2195.4,335056497,0.6552327800406748
1240,,World (quantity),"1,000 metric tons",2018,454.5,335056497,0.13564876493053052
1241,Total dairy products,Italy,Million dollars,2018,327.1,335056497,0.09762532675198357
1242,,Ireland,Million dollars,2018,224.1,335056497,0.06688424251030119
1243,,New Zealand,Million dollars,2018,249.9,335056497,0.07458443642714978
1244,,France,Million dollars,2018,216.6,335056497,0.06464581404610101
1245,,Canada,Million dollars,2018,118.1,335056497,0.03524778688293873
1246,,Mexico,Million dollars,2018,110.4,335056497,0.03294966699302655
1247,,Netherlands,Million dollars,2018,95.5,335056497,0.02850265577748221
1248,,Spain,Million dollars,2018,108.0,335056497,0.0322333698844825
1249,,Rest of world,Million dollars,2018,561.0,335056497,0.16743444912217298
1250,,World,Million dollars,2018,2010.7,335056497,0.6001077483956385
1251,,World (quantity),"1,000 metric tons",2018,364.0,335056497,0.10863839479584841
1252,"Cheese, fresh or processed",Italy,Million dollars,2018,324.4,335056497,0.09681949250487148
1253,,France,Million dollars,2018,190.9,335056497,0.056975465842108414
1254,,Spain,Million dollars,2018,107.9,335056497,0.032203524171626495
1255,,Netherlands,Million dollars,2018,87.0,335056497,0.02596577018472201
1256,,Switzerland,Million dollars,2018,92.3,335056497,0.027547592966090134
1257,,Ireland,Million dollars,2018,41.9,335056497,0.012505353686664968
1258,,United Kingdom,Million dollars,2018,60.5,335056497,0.0180566562778814
1259,,Rest of world,Million dollars,2018,374.1,335056497,0.11165281179430465
1260,,World,Million dollars,2018,1279.0,335056497,0.38172666742826955
1261,,World (quantity),"1,000 metric tons",2018,176.2,335056497,0.052588146052276075
1262,"Yogurt, buttermilk, or whey",New Zealand,Million dollars,2018,204.7,335056497,0.06109417421623673
1263,,Canada,Million dollars,2018,69.8,335056497,0.020832307573489615
1264,,France,Million dollars,2018,10.6,335056497,0.003163645562736245
1265,,Denmark,Million dollars,2018,7.0,335056497,0.0020891998999201617
1266,,Germany,Million dollars,2018,3.8,335056497,0.0011341370885280878
1267,,Mexico,Million dollars,2018,2.3,335056497,0.0006864513956880531
1268,,Chile,Million dollars,2018,1.8,335056497,0.0005372228314080417
1269,,Rest of world,Million dollars,2018,4.5,335056497,0.001343057078520104
1270,,World,Million dollars,2018,304.5,335056497,0.09088019564652704
1271,,World (quantity),"1,000 metric tons",2018,86.1,335056497,0.02569715876901799
1272,Milk and cream,Mexico,Million dollars,2018,44.4,335056497,0.013251496508065026
1273,,Chile,Million dollars,2018,23.3,335056497,0.006954051095448539
1274,,Netherlands,Million dollars,2018,7.7,335056497,0.002298119889912178
1275,,Canada,Million dollars,2018,7.2,335056497,0.0021488913256321666
1276,,New Zealand,Million dollars,2018,5.0,335056497,0.0014922856428001155
1277,,Peru,Million dollars,2018,18.3,335056497,0.0054617654526484235
1278,,Rest of world,Million dollars,2018,12.2,335056497,0.003641176968432282
1279,,World,Million dollars,2018,118.1,335056497,0.03524778688293873
1280,,World (quantity),"1,000 metric tons",2018,47.1,335056497,0.014057330755177089
1281,Butter or spreads,Ireland,Million dollars,2018,181.2,335056497,0.05408043169507619
1282,,New Zealand,Million dollars,2018,32.7,335056497,0.009759548103912757
1283,,Mexico,Million dollars,2018,47.0,335056497,0.014027485042321087
1284,,France,Million dollars,2018,15.0,335056497,0.004476856928400347
1285,,India,Million dollars,2018,7.3,335056497,0.002178737038488169
1286,,Chile,Million dollars,2018,0.4,335056497,0.00011938285142400925
1287,,Rest of world,Million dollars,2018,25.4,335056497,0.007580811065424587
1288,,World,Million dollars,2018,309.0,335056497,0.09222325272504714
1289,,World (quantity),"1,000 metric tons",2018,54.7,335056497,0.016325604932233263
