Country Code,Country Name,Year,Annual Imports,Population ,Annual Imports per Capita
AT,Austria,2018,4451,66288900,0.6714547986163596
BE,Belgium,2018,25880,66288900,3.9041227113438297
BG,Bulgaria,2018,513,66288900,0.07738852206025443
HR,Croatia,2018,202,66288900,0.030472673403842875
CY,Cyprus,2018,162,66288900,0.024438480650606664
CZ,Czechia,2018,5843,66288900,0.8814447064289798
DK,Denmark,2018,6760,66288900,1.01977857529692
EE,Estonia,2018,213,66288900,0.032132076410982834
FI,Finland,2018,2496,66288900,0.3765336278019397
FR,France,2018,28057,66288900,4.232533651938711
DE,Germany,2018,67952,66288900,10.250886649197678
GR,Greece,2018,1029,66288900,0.15522960857700158
HU,Hungary,2018,2787,66288900,0.4204323800817331
IE,Ireland,2018,13631,66288900,2.0563020354840704
IT,Italy,2018,19622,66288900,2.960073255100024
LV,Latvia,2018,770,66288900,0.1161582104997971
LT,Lithuania,2018,869,66288900,0.13109283756405674
LU,Luxembourg,2018,410,66288900,0.061850475720671184
MT,Malta,2018,109,66288900,0.016443175252568682
NL,Netherlands,2018,43388,66288900,6.54528887943532
PL,Poland,2018,10884,66288900,1.6419038481555737
PT,Portugal,2018,3106,66288900,0.4685550672887919
RO,Romania,2018,2593,66288900,0.3911665452285375
SK,Slovakia,2018,2349,66288900,0.3543579694337966
SI,Slovenia,2018,420,66288900,0.06335902390898024
ES,Spain,2018,16208,66288900,2.4450549036113136
SE,Sweden,2018,7189,66288900,1.0844952925753784
B5,Total EU27,2018,267893,66288900,40.41294998106772
AF,Afghanistan,2018,0,66288900,0.0
AL,Albania,2018,6,66288900,0.000905128912985432
DZ,Algeria,2018,2239,66288900,0.337763939362397
AS,American Samoa,2018,0,66288900,0.0
AD,Andorra,2018,2,66288900,0.00030170963766181066
AO,Angola,2018,89,66288900,0.013426078875950574
AI,Anguilla,2018,0,66288900,0.0
AQ,Antarctica,2018,0,66288900,0.0
AG,Antigua and Barbuda,2018,4,66288900,0.0006034192753236213
AR,Argentina,2018,657,66288900,0.09911161597190479
AM,Armenia,2018,1,66288900,0.00015085481883090533
AW,Aruba,2018,0,66288900,0.0
AU,Australia,2018,2195,66288900,0.3311263273338372
AZ,Azerbaijan,2018,293,66288900,0.04420046191745526
BS,The Bahamas,2018,7,66288900,0.0010559837318163373
BH,Bahrain,2018,340,66288900,0.05129063840250781
BD,Bangladesh,2018,2789,66288900,0.42073408971939497
BB,Barbados,2018,11,66288900,0.0016594030071399586
BY,Belarus,2018,236,66288900,0.035601737244093656
BZ,Belize,2018,73,66288900,0.011012401774656089
BJ,Benin,2018,1,66288900,0.00015085481883090533
BM,Bermuda,2018,33,66288900,0.004978209021419875
BT,Bhutan,2018,6,66288900,0.000905128912985432
BO,Bolivia,2018,19,66288900,0.0028662415577872013
BQ,"Bonaire, Sint Eustatius & Saba",2018,0,66288900,0.0
BA,Bosnia and Herzegovina,2018,21,66288900,0.003167951195449012
BW,Botswana,2018,13,66288900,0.0019611126448017694
BV,Bouvet Island,2018,0,66288900,0.0
BR,Brazil,2018,2599,66288900,0.39207167414152294
IO,British Indian Ocean Territory,2018,0,66288900,0.0
VG,British Virgin Islands,2018,12,66288900,0.001810257825970864
BN,Brunei,2018,114,66288900,0.017197449346723206
BF,Burkina Faso,2018,5,66288900,0.0007542740941545266
BI,Burundi,2018,0,66288900,0.0
KH,Cambodia,2018,888,66288900,0.13395907912184393
CM,Cameroon,2018,47,66288900,0.00709017648505255
CA,Canada,2018,6390,66288900,0.963962292329485
CV,Cape Verde,2018,0,66288900,0.0
KY,Cayman Islands,2018,11,66288900,0.0016594030071399586
CF,Central African Republic,2018,0,66288900,0.0
TD,Chad,2018,0,66288900,0.0
CL,Chile,2018,960,66288900,0.1448206260776691
CN,China,2018,44145,66288900,6.659485977290315
CX,Christmas Island,2018,0,66288900,0.0
CC,Cocos Islands,2018,0,66288900,0.0
CO,Colombia,2018,446,66288900,0.06728124919858378
KM,Comoros,2018,0,66288900,0.0
CD,Congo (Democratic Republic),2018,0,66288900,0.0
CG,Congo,2018,24,66288900,0.003620515651941728
CK,Cook Islands,2018,0,66288900,0.0
CR,Costa Rica,2018,243,66288900,0.036657720975909996
CU,Cuba,2018,8,66288900,0.0012068385506472427
CW,Curacao,2018,0,66288900,0.0
DJ,Djibouti,2018,11,66288900,0.0016594030071399586
DM,Dominica,2018,0,66288900,0.0
DO,Dominican Republic,2018,108,66288900,0.016292320433737774
TL,East Timor,2018,0,66288900,0.0
EC,Ecuador,2018,156,66288900,0.023533351737621232
EG,Egypt,2018,838,66288900,0.12641633818029865
SV,El Salvador,2018,14,66288900,0.0021119674636326745
GQ,Equatorial Guinea,2018,23,66288900,0.0034696608331108224
ER,Eritrea,2018,0,66288900,0.0
SZ,Eswatini,2018,10,66288900,0.0015085481883090532
ET,Ethiopia,2018,180,66288900,0.02715386738956296
FK,Falkland Islands,2018,8,66288900,0.0012068385506472427
FO,Faroe Islands,2018,211,66288900,0.031830366773321024
FJ,Fiji,2018,11,66288900,0.0016594030071399586
PF,French Polynesia,2018,0,66288900,0.0
TF,French Southern Territories,2018,0,66288900,0.0
GA,Gabon,2018,3,66288900,0.000452564456492716
GM,The Gambia,2018,2,66288900,0.00030170963766181066
GE,Georgia,2018,14,66288900,0.0021119674636326745
GH,Ghana,2018,434,66288900,0.0654709913726129
GI,Gibraltar,2018,15,66288900,0.0022628222824635797
GL,Greenland,2018,0,66288900,0.0
GD,Grenada,2018,0,66288900,0.0
GU,Guam,2018,0,66288900,0.0
GT,Guatemala,2018,81,66288900,0.012219240325303332
GG,Guernsey,2018,239,66288900,0.03605430170058637
GN,Guinea,2018,1,66288900,0.00015085481883090533
GW,Guinea Bissau,2018,0,66288900,0.0
GY,Guyana,2018,30,66288900,0.004525644564927159
HT,Haiti,2018,3,66288900,0.000452564456492716
HM,Heard and McDonald Islands,2018,0,66288900,0.0
HN,Honduras,2018,128,66288900,0.019309416810355882
HK,Hong Kong,2018,7070,66288900,1.0665435691345007
IS,Iceland,2018,487,66288900,0.07346629677065089
IN,India,2018,7764,66288900,1.171236813403149
ID,Indonesia,2018,1184,66288900,0.1786121054957919
IR,Iran,2018,27,66288900,0.0040730801084344435
IQ,Iraq,2018,2,66288900,0.00030170963766181066
IM,Isle of Man,2018,0,66288900,0.0
IL,Israel,2018,1129,66288900,0.1703150904600921
CI,Ivory Coast,2018,195,66288900,0.029416689672026538
JM,Jamaica,2018,42,66288900,0.006335902390898024
JP,Japan,2018,10017,66288900,1.5111127202291785
JE,Jersey,2018,200,66288900,0.030170963766181065
JO,Jordan,2018,29,66288900,0.004374789746096255
KZ,Kazakhstan,2018,343,66288900,0.051743202859000526
KE,Kenya,2018,451,66288900,0.0680355232927383
KI,Kiribati,2018,0,66288900,0.0
XK,Kosovo,2018,0,66288900,0.0
KW,Kuwait,2018,695,66288900,0.1048440990874792
KG,Kyrgyzstan,2018,0,66288900,0.0
LA,Laos,2018,12,66288900,0.001810257825970864
LB,Lebanon,2018,31,66288900,0.004676499383758065
LS,Lesotho,2018,0,66288900,0.0
LR,Liberia,2018,7,66288900,0.0010559837318163373
LY,Libya,2018,635,66288900,0.09579280995762487
LI,Liechtenstein,2018,4,66288900,0.0006034192753236213
MO,Macao,2018,11,66288900,0.0016594030071399586
MG,Madagascar,2018,32,66288900,0.004827354202588971
MW,Malawi,2018,65,66288900,0.009805563224008846
MY,Malaysia,2018,1831,66288900,0.27621517327938766
MV,Maldives,2018,15,66288900,0.0022628222824635797
ML,Mali,2018,1,66288900,0.00015085481883090533
MH,Marshall Islands,2018,0,66288900,0.0
MR,Mauritania,2018,1,66288900,0.00015085481883090533
MU,Mauritius,2018,143,66288900,0.02157223909281946
MX,Mexico,2018,1301,66288900,0.19626211929900783
FM,Micronesia,2018,0,66288900,0.0
MD,Moldova,2018,45,66288900,0.00678846684739074
MN,Mongolia,2018,6,66288900,0.000905128912985432
ME,Montenegro,2018,5,66288900,0.0007542740941545266
MS,Montserrat,2018,0,66288900,0.0
MA,Morocco incl. Western Sahara,2018,691,66288900,0.10424067981215558
MZ,Mozambique,2018,272,66288900,0.04103251072200625
MM,Myanmar (Burma),2018,272,66288900,0.04103251072200625
,Namibia,2018,27,66288900,0.0040730801084344435
NR,Nauru,2018,0,66288900,0.0
NP,Nepal,2018,21,66288900,0.003167951195449012
NC,New Caledonia,2018,7,66288900,0.0010559837318163373
NZ,New Zealand,2018,908,66288900,0.13697617549846203
NI,Nicaragua,2018,42,66288900,0.006335902390898024
NE,Niger,2018,1,66288900,0.00015085481883090533
NG,Nigeria,2018,2452,66288900,0.3698960157733799
NU,Niue Island,2018,0,66288900,0.0
NF,Norfolk Island,2018,0,66288900,0.0
KP,North Korea,2018,0,66288900,0.0
MK,North Macedonia,2018,71,66288900,0.010710692136994278
MP,Northern Mariana Islands,2018,0,66288900,0.0
NO,Norway,2018,20555,66288900,3.100820801069259
PS,Occupied Palestinian Territory,2018,1,66288900,0.00015085481883090533
OM,Oman,2018,184,66288900,0.02775728666488658
PK,Pakistan,2018,1296,66288900,0.19550784520485331
PW,Palau,2018,0,66288900,0.0
PA,Panama,2018,29,66288900,0.004374789746096255
PG,Papua New Guinea,2018,77,66288900,0.01161582104997971
PY,Paraguay,2018,25,66288900,0.003771370470772633
PE,Peru,2018,396,66288900,0.05973850825703851
PH,Philippines,2018,589,66288900,0.08885348829140324
PN,Pitcairn,2018,0,66288900,0.0
QA,Qatar,2018,1475,66288900,0.22251085777558535
RU,Russia,2018,8077,66288900,1.2184543716972223
RW,Rwanda,2018,5,66288900,0.0007542740941545266
WS,Samoa,2018,0,66288900,0.0
SM,San Marino,2018,0,66288900,0.0
ST,Sao Tome and Principe,2018,0,66288900,0.0
SA,Saudi Arabia,2018,3202,66288900,0.48303712989655884
SN,Senegal,2018,43,66288900,0.006486757209728929
RS,Serbia,2018,240,66288900,0.036205156519417275
SC,Seychelles,2018,69,66288900,0.010408982499332467
SL,Sierra Leone,2018,1,66288900,0.00015085481883090533
SG,Singapore,2018,2402,66288900,0.3623532748318346
SX,Sint Maarten,2018,0,66288900,0.0
SB,Solomon Islands,2018,0,66288900,0.0
SO,Somalia,2018,0,66288900,0.0
ZA,South Africa,2018,3505,66288900,0.5287461400023231
GS,South Georgia,2018,0,66288900,0.0
KR,South Korea,2018,5150,66288900,0.7769023169791625
SS,South Sudan,2018,0,66288900,0.0
LK,Sri Lanka,2018,710,66288900,0.10710692136994278
KN,St Kitts and Nevis,2018,0,66288900,0.0
LC,St Lucia,2018,5,66288900,0.0007542740941545266
VC,St Vincent,2018,0,66288900,0.0
SH,St. Helena,2018,0,66288900,0.0
SD,Sudan,2018,8,66288900,0.0012068385506472427
SR,Suriname,2018,0,66288900,0.0
CH,Switzerland,2018,6597,66288900,0.9951892398274824
SY,Syria,2018,3,66288900,0.000452564456492716
TW,Taiwan,2018,3571,66288900,0.5387025580451629
TJ,Tajikistan,2018,0,66288900,0.0
TZ,Tanzania,2018,14,66288900,0.0021119674636326745
TH,Thailand,2018,3118,66288900,0.4703653251147628
TG,Togo,2018,2,66288900,0.00030170963766181066
TK,Tokelau Islands,2018,0,66288900,0.0
TO,Tonga,2018,0,66288900,0.0
TT,Trinidad and Tobago,2018,163,66288900,0.02458933546943757
TN,Tunisia,2018,162,66288900,0.024438480650606664
TR,Turkey,2018,8881,66288900,1.3397416460372702
TM,Turkmenistan,2018,3,66288900,0.000452564456492716
TC,Turks and Caicos Islands,2018,2,66288900,0.00030170963766181066
TV,Tuvalu,2018,0,66288900,0.0
UG,Uganda,2018,15,66288900,0.0022628222824635797
UA,Ukraine,2018,861,66288900,0.1298859990134095
AE,United Arab Emirates,2018,3704,66288900,0.5587662489496733
US,United States inc Puerto Rico,2018,41613,66288900,6.2775215760104635
UY,Uruguay,2018,62,66288900,0.00935299876751613
UM,US Minor Outlying Islands,2018,0,66288900,0.0
VI,US Virgin Islands,2018,0,66288900,0.0
UZ,Uzbekistan,2018,0,66288900,0.0
VU,Vanuatu,2018,0,66288900,0.0
VA,Vatican City,2018,0,66288900,0.0
VE,Venezuela,2018,40,66288900,0.006034192753236213
VN,Vietnam,2018,4451,66288900,0.6714547986163596
WF,Wallis and Futuna,2018,0,66288900,0.0
YE,Yemen,2018,0,66288900,0.0
ZM,Zambia,2018,5,66288900,0.0007542740941545266
ZW,Zimbabwe,2018,99,66288900,0.014934627064259628
D5,Total Non EU,2018,227401,66288900,34.304536656966704
W1,Total,2018,495294,66288900,74.71748663803442
AT,Austria,2019,4728,66630700,0.709582819931353
BE,Belgium,2019,25253,66630700,3.7899947021418057
BG,Bulgaria,2019,603,66630700,0.09049882411561037
HR,Croatia,2019,437,66630700,0.06558538331429806
CY,Cyprus,2019,486,66630700,0.07293935077974567
CZ,Czechia,2019,6028,66630700,0.9046880792187385
DK,Denmark,2019,6571,66630700,0.9861820452133926
EE,Estonia,2019,246,66630700,0.03691991829592065
FI,Finland,2019,2454,66630700,0.3682986971471109
FR,France,2019,30450,66630700,4.5699654963853
DE,Germany,2019,65774,66630700,9.871425634129613
GR,Greece,2019,1005,66630700,0.15083137352601728
HU,Hungary,2019,3031,66630700,0.45489541607697354
IE,Ireland,2019,13855,66630700,2.079371821097482
IT,Italy,2019,20131,66630700,3.0212799805495063
LV,Latvia,2019,777,66630700,0.11661291266638352
LT,Lithuania,2019,856,66630700,0.12846930919230926
LU,Luxembourg,2019,595,66630700,0.08929817636614953
MT,Malta,2019,85,66630700,0.012756882338021363
NL,Netherlands,2019,43336,66630700,6.503908858829338
PL,Poland,2019,11369,66630700,1.7062705329525278
PT,Portugal,2019,3218,66630700,0.48296055722062053
RO,Romania,2019,2172,66630700,0.32597586397861644
SK,Slovakia,2019,2278,66630700,0.3418844466589725
SI,Slovenia,2019,439,66630700,0.06588554525166328
ES,Spain,2019,17418,66630700,2.614110312513601
SE,Sweden,2019,6521,66630700,0.9786779967792624
B5,Total EU27,2019,270116,66630700,40.539270936670334
AF,Afghanistan,2019,2,66630700,0.0003001619373652085
AL,Albania,2019,6,66630700,0.0009004858120956256
DZ,Algeria,2019,2031,66630700,0.30481444739436925
AS,American Samoa,2019,0,66630700,0.0
AD,Andorra,2019,0,66630700,0.0
AO,Angola,2019,50,66630700,0.007504048434130213
AI,Anguilla,2019,0,66630700,0.0
AQ,Antarctica,2019,0,66630700,0.0
AG,Antigua and Barbuda,2019,3,66630700,0.0004502429060478128
AR,Argentina,2019,696,66630700,0.10445635420309257
AM,Armenia,2019,0,66630700,0.0
AW,Aruba,2019,0,66630700,0.0
AU,Australia,2019,4019,66630700,0.6031754131353866
AZ,Azerbaijan,2019,208,66630700,0.031216841485981688
BS,The Bahamas,2019,5,66630700,0.0007504048434130214
BH,Bahrain,2019,332,66630700,0.04982688160262461
BD,Bangladesh,2019,3086,66630700,0.46314986935451674
BB,Barbados,2019,10,66630700,0.0015008096868260427
BY,Belarus,2019,203,66630700,0.030466436642568664
BZ,Belize,2019,78,66630700,0.011706315557243132
BJ,Benin,2019,1,66630700,0.00015008096868260426
BM,Bermuda,2019,4,66630700,0.000600323874730417
BT,Bhutan,2019,0,66630700,0.0
BO,Bolivia,2019,24,66630700,0.0036019432483825023
BQ,"Bonaire, Sint Eustatius & Saba",2019,0,66630700,0.0
BA,Bosnia and Herzegovina,2019,15,66630700,0.002251214530239064
BW,Botswana,2019,0,66630700,0.0
BV,Bouvet Island,2019,0,66630700,0.0
BR,Brazil,2019,2791,66630700,0.4188759835931485
IO,British Indian Ocean Territory,2019,0,66630700,0.0
VG,British Virgin Islands,2019,125,66630700,0.018760121085325532
BN,Brunei,2019,7,66630700,0.0010505667807782298
BF,Burkina Faso,2019,1,66630700,0.00015008096868260426
BI,Burundi,2019,0,66630700,0.0
KH,Cambodia,2019,879,66630700,0.13192117147200916
CM,Cameroon,2019,58,66630700,0.008704696183591048
CA,Canada,2019,8357,66630700,1.254226655280524
CV,Cape Verde,2019,2,66630700,0.0003001619373652085
KY,Cayman Islands,2019,23,66630700,0.003451862279699898
CF,Central African Republic,2019,0,66630700,0.0
TD,Chad,2019,0,66630700,0.0
CL,Chile,2019,866,66630700,0.1299701188791353
CN,China,2019,48574,66630700,7.290032972788819
CX,Christmas Island,2019,0,66630700,0.0
CC,Cocos Islands,2019,0,66630700,0.0
CO,Colombia,2019,480,66630700,0.07203886496765005
KM,Comoros,2019,0,66630700,0.0
CD,Congo (Democratic Republic),2019,3,66630700,0.0004502429060478128
CG,Congo,2019,18,66630700,0.002701457436286877
CK,Cook Islands,2019,0,66630700,0.0
CR,Costa Rica,2019,272,66630700,0.04082202348166836
CU,Cuba,2019,8,66630700,0.001200647749460834
CW,Curacao,2019,1,66630700,0.00015008096868260426
DJ,Djibouti,2019,16,66630700,0.002401295498921668
DM,Dominica,2019,0,66630700,0.0
DO,Dominican Republic,2019,114,66630700,0.017109230429816887
TL,East Timor,2019,0,66630700,0.0
EC,Ecuador,2019,143,66630700,0.02146157852161241
EG,Egypt,2019,902,66630700,0.13537303375170906
SV,El Salvador,2019,14,66630700,0.0021011335615564596
GQ,Equatorial Guinea,2019,34,66630700,0.005102752935208545
ER,Eritrea,2019,0,66630700,0.0
SZ,Eswatini,2019,2,66630700,0.0003001619373652085
ET,Ethiopia,2019,334,66630700,0.05012704353998983
FK,Falkland Islands,2019,6,66630700,0.0009004858120956256
FO,Faroe Islands,2019,258,66630700,0.0387208899201119
FJ,Fiji,2019,20,66630700,0.0030016193736520855
PF,French Polynesia,2019,0,66630700,0.0
TF,French Southern Territories,2019,0,66630700,0.0
GA,Gabon,2019,3,66630700,0.0004502429060478128
GM,The Gambia,2019,3,66630700,0.0004502429060478128
GE,Georgia,2019,20,66630700,0.0030016193736520855
GH,Ghana,2019,294,66630700,0.044123804792685656
GI,Gibraltar,2019,5,66630700,0.0007504048434130214
GL,Greenland,2019,2,66630700,0.0003001619373652085
GD,Grenada,2019,0,66630700,0.0
GU,Guam,2019,0,66630700,0.0
GT,Guatemala,2019,93,66630700,0.013957530087482196
GG,Guernsey,2019,387,66630700,0.058081334880167854
GN,Guinea,2019,0,66630700,0.0
GW,Guinea Bissau,2019,0,66630700,0.0
GY,Guyana,2019,35,66630700,0.00525283390389115
HT,Haiti,2019,7,66630700,0.0010505667807782298
HM,Heard and McDonald Islands,2019,0,66630700,0.0
HN,Honduras,2019,131,66630700,0.01966060689742116
HK,Hong Kong,2019,7282,66630700,1.0928896139467243
IS,Iceland,2019,488,66630700,0.07323951271711088
IN,India,2019,8446,66630700,1.2675838614932757
ID,Indonesia,2019,1242,66630700,0.1864005631037945
IR,Iran,2019,18,66630700,0.002701457436286877
IQ,Iraq,2019,1,66630700,0.00015008096868260426
IM,Isle of Man,2019,0,66630700,0.0
IL,Israel,2019,1251,66630700,0.18775129182193795
CI,Ivory Coast,2019,231,66630700,0.03466870376568158
JM,Jamaica,2019,41,66630700,0.006153319715986775
JP,Japan,2019,10073,66630700,1.5117655975398727
JE,Jersey,2019,184,66630700,0.027614898237599186
JO,Jordan,2019,34,66630700,0.005102752935208545
KZ,Kazakhstan,2019,360,66630700,0.05402914872573754
KE,Kenya,2019,430,66630700,0.06453481653351983
KI,Kiribati,2019,0,66630700,0.0
XK,Kosovo,2019,0,66630700,0.0
KW,Kuwait,2019,759,66630700,0.11391145523009663
KG,Kyrgyzstan,2019,0,66630700,0.0
LA,Laos,2019,16,66630700,0.002401295498921668
LB,Lebanon,2019,40,66630700,0.006003238747304171
LS,Lesotho,2019,0,66630700,0.0
LR,Liberia,2019,1,66630700,0.00015008096868260426
LY,Libya,2019,203,66630700,0.030466436642568664
LI,Liechtenstein,2019,4,66630700,0.000600323874730417
MO,Macao,2019,12,66630700,0.0018009716241912512
MG,Madagascar,2019,32,66630700,0.004802590997843336
MW,Malawi,2019,19,66630700,0.002851538404969481
MY,Malaysia,2019,2074,66630700,0.31126792904772127
MV,Maldives,2019,13,66630700,0.0019510525928738555
ML,Mali,2019,65,66630700,0.009755262964369278
MH,Marshall Islands,2019,1,66630700,0.00015008096868260426
MR,Mauritania,2019,3,66630700,0.0004502429060478128
MU,Mauritius,2019,127,66630700,0.019060283022690742
MX,Mexico,2019,1632,66630700,0.24493214089001017
FM,Micronesia,2019,0,66630700,0.0
MD,Moldova,2019,34,66630700,0.005102752935208545
MN,Mongolia,2019,9,66630700,0.0013507287181434384
ME,Montenegro,2019,6,66630700,0.0009004858120956256
MS,Montserrat,2019,0,66630700,0.0
MA,Morocco incl. Western Sahara,2019,667,66630700,0.10010400611129705
MZ,Mozambique,2019,171,66630700,0.02566384564472533
MM,Myanmar (Burma),2019,334,66630700,0.05012704353998983
,Namibia,2019,32,66630700,0.004802590997843336
NR,Nauru,2019,0,66630700,0.0
NP,Nepal,2019,16,66630700,0.002401295498921668
NC,New Caledonia,2019,9,66630700,0.0013507287181434384
NZ,New Zealand,2019,884,66630700,0.13267157631542217
NI,Nicaragua,2019,40,66630700,0.006003238747304171
NE,Niger,2019,0,66630700,0.0
NG,Nigeria,2019,1474,66630700,0.2212193478381587
NU,Niue Island,2019,0,66630700,0.0
NF,Norfolk Island,2019,0,66630700,0.0
KP,North Korea,2019,0,66630700,0.0
MK,North Macedonia,2019,114,66630700,0.017109230429816887
MP,Northern Mariana Islands,2019,0,66630700,0.0
NO,Norway,2019,16211,66630700,2.4329625833136976
PS,Occupied Palestinian Territory,2019,0,66630700,0.0
OM,Oman,2019,240,66630700,0.036019432483825026
PK,Pakistan,2019,1340,66630700,0.20110849803468972
PW,Palau,2019,3,66630700,0.0004502429060478128
PA,Panama,2019,32,66630700,0.004802590997843336
PG,Papua New Guinea,2019,77,66630700,0.011556234588560529
PY,Paraguay,2019,26,66630700,0.003902105185747711
PE,Peru,2019,471,66630700,0.07068813624950661
PH,Philippines,2019,541,66630700,0.0811938040572889
PN,Pitcairn,2019,0,66630700,0.0
QA,Qatar,2019,2357,66630700,0.35374084318489823
RU,Russia,2019,8425,66630700,1.264432161150941
RW,Rwanda,2019,5,66630700,0.0007504048434130214
WS,Samoa,2019,7,66630700,0.0010505667807782298
SM,San Marino,2019,0,66630700,0.0
ST,Sao Tome and Principe,2019,0,66630700,0.0
SA,Saudi Arabia,2019,3102,66630700,0.46555116485343845
SN,Senegal,2019,44,66630700,0.006603562622034587
RS,Serbia,2019,284,66630700,0.04262299510585961
SC,Seychelles,2019,64,66630700,0.009605181995686673
SL,Sierra Leone,2019,0,66630700,0.0
SG,Singapore,2019,2971,66630700,0.4458905579560173
SX,Sint Maarten,2019,0,66630700,0.0
SB,Solomon Islands,2019,0,66630700,0.0
SO,Somalia,2019,0,66630700,0.0
ZA,South Africa,2019,4708,66630700,0.7065812005577009
GS,South Georgia,2019,0,66630700,0.0
KR,South Korea,2019,5717,66630700,0.8580128979584486
SS,South Sudan,2019,0,66630700,0.0
LK,Sri Lanka,2019,765,66630700,0.11481194104219226
KN,St Kitts and Nevis,2019,0,66630700,0.0
LC,St Lucia,2019,5,66630700,0.0007504048434130214
VC,St Vincent,2019,0,66630700,0.0
SH,St. Helena,2019,0,66630700,0.0
SD,Sudan,2019,16,66630700,0.002401295498921668
SR,Suriname,2019,0,66630700,0.0
CH,Switzerland,2019,8689,66630700,1.3040535368831485
SY,Syria,2019,2,66630700,0.0003001619373652085
TW,Taiwan,2019,3687,66630700,0.553348531532762
TJ,Tajikistan,2019,0,66630700,0.0
TZ,Tanzania,2019,17,66630700,0.0025513764676042723
TH,Thailand,2019,3109,66630700,0.46660173163421664
TG,Togo,2019,0,66630700,0.0
TK,Tokelau Islands,2019,0,66630700,0.0
TO,Tonga,2019,0,66630700,0.0
TT,Trinidad and Tobago,2019,108,66630700,0.01620874461772126
TN,Tunisia,2019,193,66630700,0.02896562695574262
TR,Turkey,2019,9113,66630700,1.3676878676045727
TM,Turkmenistan,2019,1,66630700,0.00015008096868260426
TC,Turks and Caicos Islands,2019,0,66630700,0.0
TV,Tuvalu,2019,0,66630700,0.0
UG,Uganda,2019,15,66630700,0.002251214530239064
UA,Ukraine,2019,944,66630700,0.14167643443637842
AE,United Arab Emirates,2019,3057,66630700,0.4587975212627212
US,United States inc Puerto Rico,2019,46839,66630700,7.029642492124501
UY,Uruguay,2019,52,66630700,0.007804210371495422
UM,US Minor Outlying Islands,2019,0,66630700,0.0
VI,US Virgin Islands,2019,1,66630700,0.00015008096868260426
UZ,Uzbekistan,2019,50,66630700,0.007504048434130213
VU,Vanuatu,2019,0,66630700,0.0
VA,Vatican City,2019,0,66630700,0.0
VE,Venezuela,2019,47,66630700,0.0070538055280824005
VN,Vietnam,2019,4687,66630700,0.7034295002153662
WF,Wallis and Futuna,2019,0,66630700,0.0
YE,Yemen,2019,0,66630700,0.0
ZM,Zambia,2019,3,66630700,0.0004502429060478128
ZW,Zimbabwe,2019,126,66630700,0.018910202054008136
D5,Total Non EU,2019,243084,66630700,36.48228219124218
W1,Total,2019,513200,66630700,77.02155312791251
AT,Austria,2020,4086,66744100,0.6121889425432361
BE,Belgium,2020,22685,66744100,3.3988022911388422
BG,Bulgaria,2020,471,66744100,0.07056803522708374
HR,Croatia,2020,280,66744100,0.041951273595718576
CY,Cyprus,2020,468,66744100,0.07011855729570105
CZ,Czechia,2020,4646,66744100,0.6960914897346732
DK,Denmark,2020,4847,66744100,0.726206511137314
EE,Estonia,2020,215,66744100,0.03221258508242676
FI,Finland,2020,2865,66744100,0.42925142447047754
FR,France,2020,23334,66744100,3.496039350294633
DE,Germany,2020,57404,66744100,8.600610391030818
GR,Greece,2020,927,66744100,0.138888680797254
HU,Hungary,2020,2638,66744100,0.39524092766252
IE,Ireland,2020,13457,66744100,2.0162081742056603
IT,Italy,2020,17579,66744100,2.6337908519254887
LV,Latvia,2020,736,66744100,0.11027191916588883
LT,Lithuania,2020,914,66744100,0.13694094309459562
LU,Luxembourg,2020,393,66744100,0.05888160901113357
MT,Malta,2020,58,66744100,0.008689906673398848
NL,Netherlands,2020,36633,66744100,5.488575020114137
PL,Poland,2020,11305,66744100,1.6937826714271373
PT,Portugal,2020,2495,66744100,0.373815812933278
RO,Romania,2020,1592,66744100,0.2385229555870856
SK,Slovakia,2020,2087,66744100,0.31268681426523093
SI,Slovenia,2020,400,66744100,0.059930390851026534
ES,Spain,2020,15016,66744100,2.249786872547536
SE,Sweden,2020,5561,66744100,0.8331822588063964
B5,Total EU27,2020,233092,66744100,34.92323666061869
AF,Afghanistan,2020,3,66744100,0.000449477931382699
AL,Albania,2020,8,66744100,0.0011986078170205306
DZ,Algeria,2020,485,66744100,0.07266559890686967
AS,American Samoa,2020,0,66744100,0.0
AD,Andorra,2020,0,66744100,0.0
AO,Angola,2020,12,66744100,0.001797911725530796
AI,Anguilla,2020,1,66744100,0.00014982597712756633
AQ,Antarctica,2020,0,66744100,0.0
AG,Antigua and Barbuda,2020,17,66744100,0.0025470416111686277
AR,Argentina,2020,794,66744100,0.11896182583928767
AM,Armenia,2020,0,66744100,0.0
AW,Aruba,2020,0,66744100,0.0
AU,Australia,2020,2875,66744100,0.4307496842417532
AZ,Azerbaijan,2020,121,66744100,0.018128943232435527
BS,The Bahamas,2020,4,66744100,0.0005993039085102653
BH,Bahrain,2020,145,66744100,0.02172476668349712
BD,Bangladesh,2020,2396,66744100,0.35898304119764896
BB,Barbados,2020,7,66744100,0.0010487818398929644
BY,Belarus,2020,510,66744100,0.07641124833505883
BZ,Belize,2020,57,66744100,0.00854008069627128
BJ,Benin,2020,0,66744100,0.0
BM,Bermuda,2020,74,66744100,0.011087122307439908
BT,Bhutan,2020,0,66744100,0.0
BO,Bolivia,2020,14,66744100,0.0020975636797859287
BQ,"Bonaire, Sint Eustatius & Saba",2020,0,66744100,0.0
BA,Bosnia and Herzegovina,2020,19,66744100,0.0028466935654237603
BW,Botswana,2020,0,66744100,0.0
BV,Bouvet Island,2020,0,66744100,0.0
BR,Brazil,2020,2454,66744100,0.36767294787104776
IO,British Indian Ocean Territory,2020,0,66744100,0.0
VG,British Virgin Islands,2020,17,66744100,0.0025470416111686277
BN,Brunei,2020,2,66744100,0.00029965195425513266
BF,Burkina Faso,2020,2,66744100,0.00029965195425513266
BI,Burundi,2020,0,66744100,0.0
KH,Cambodia,2020,670,66744100,0.10038340467546944
CM,Cameroon,2020,44,66744100,0.006592342993612919
CA,Canada,2020,5212,66744100,0.7808929927888757
CV,Cape Verde,2020,1,66744100,0.00014982597712756633
KY,Cayman Islands,2020,1,66744100,0.00014982597712756633
CF,Central African Republic,2020,0,66744100,0.0
TD,Chad,2020,0,66744100,0.0
CL,Chile,2020,551,66744100,0.08255411339728905
CN,China,2020,55143,66744100,8.26185385674539
CX,Christmas Island,2020,0,66744100,0.0
CC,Cocos Islands,2020,0,66744100,0.0
CO,Colombia,2020,399,66744100,0.05978056487389897
KM,Comoros,2020,0,66744100,0.0
CD,Congo (Democratic Republic),2020,1,66744100,0.00014982597712756633
CG,Congo,2020,38,66744100,0.005693387130847521
CK,Cook Islands,2020,0,66744100,0.0
CR,Costa Rica,2020,246,66744100,0.03685719037338132
CU,Cuba,2020,5,66744100,0.0007491298856378317
CW,Curacao,2020,0,66744100,0.0
DJ,Djibouti,2020,8,66744100,0.0011986078170205306
DM,Dominica,2020,0,66744100,0.0
DO,Dominican Republic,2020,106,66744100,0.015881553575522032
TL,East Timor,2020,0,66744100,0.0
EC,Ecuador,2020,181,66744100,0.027118501860089506
EG,Egypt,2020,774,66744100,0.11596530629673633
SV,El Salvador,2020,10,66744100,0.0014982597712756634
GQ,Equatorial Guinea,2020,15,66744100,0.0022473896569134948
ER,Eritrea,2020,0,66744100,0.0
SZ,Eswatini,2020,27,66744100,0.004045301382444291
ET,Ethiopia,2020,332,66744100,0.04974222440635202
FK,Falkland Islands,2020,2,66744100,0.00029965195425513266
FO,Faroe Islands,2020,203,66744100,0.030414673356895964
FJ,Fiji,2020,25,66744100,0.0037456494281891584
PF,French Polynesia,2020,0,66744100,0.0
TF,French Southern Territories,2020,0,66744100,0.0
GA,Gabon,2020,15,66744100,0.0022473896569134948
GM,The Gambia,2020,2,66744100,0.00029965195425513266
GE,Georgia,2020,14,66744100,0.0020975636797859287
GH,Ghana,2020,175,66744100,0.02621954599732411
GI,Gibraltar,2020,65,66744100,0.009738688513291812
GL,Greenland,2020,0,66744100,0.0
GD,Grenada,2020,0,66744100,0.0
GU,Guam,2020,0,66744100,0.0
GT,Guatemala,2020,89,66744100,0.013334511964353403
GG,Guernsey,2020,270,66744100,0.04045301382444291
GN,Guinea,2020,0,66744100,0.0
GW,Guinea Bissau,2020,0,66744100,0.0
GY,Guyana,2020,30,66744100,0.0044947793138269895
HT,Haiti,2020,2,66744100,0.00029965195425513266
HM,Heard and McDonald Islands,2020,0,66744100,0.0
HN,Honduras,2020,115,66744100,0.017229987369670127
HK,Hong Kong,2020,7907,66744100,1.184674001147667
IS,Iceland,2020,459,66744100,0.06877012350155294
IN,India,2020,6171,66744100,0.9245761048542118
ID,Indonesia,2020,1087,66744100,0.1628608371376646
IR,Iran,2020,10,66744100,0.0014982597712756634
IQ,Iraq,2020,37,66744100,0.005543561153719954
IM,Isle of Man,2020,0,66744100,0.0
IL,Israel,2020,1432,66744100,0.214550799246675
CI,Ivory Coast,2020,318,66744100,0.04764466072656609
JM,Jamaica,2020,43,66744100,0.006442517016485352
JP,Japan,2020,7341,66744100,1.0998724980934644
JE,Jersey,2020,145,66744100,0.02172476668349712
JO,Jordan,2020,109,66744100,0.01633103150690473
KZ,Kazakhstan,2020,498,66744100,0.07461333660952803
KE,Kenya,2020,322,66744100,0.04824396463507636
KI,Kiribati,2020,0,66744100,0.0
XK,Kosovo,2020,4,66744100,0.0005993039085102653
KW,Kuwait,2020,335,66744100,0.05019170233773472
KG,Kyrgyzstan,2020,0,66744100,0.0
LA,Laos,2020,15,66744100,0.0022473896569134948
LB,Lebanon,2020,50,66744100,0.007491298856378317
LS,Lesotho,2020,0,66744100,0.0
LR,Liberia,2020,3,66744100,0.000449477931382699
LY,Libya,2020,71,66744100,0.01063764437605721
LI,Liechtenstein,2020,2,66744100,0.00029965195425513266
MO,Macao,2020,13,66744100,0.0019477377026583622
MG,Madagascar,2020,26,66744100,0.0038954754053167244
MW,Malawi,2020,18,66744100,0.002696867588296194
MY,Malaysia,2020,1943,66744100,0.29111187355886137
MV,Maldives,2020,8,66744100,0.0011986078170205306
ML,Mali,2020,0,66744100,0.0
MH,Marshall Islands,2020,0,66744100,0.0
MR,Mauritania,2020,7,66744100,0.0010487818398929644
MU,Mauritius,2020,93,66744100,0.013933815872863669
MX,Mexico,2020,1200,66744100,0.1797911725530796
FM,Micronesia,2020,0,66744100,0.0
MD,Moldova,2020,34,66744100,0.0050940832223372555
MN,Mongolia,2020,4,66744100,0.0005993039085102653
ME,Montenegro,2020,1,66744100,0.00014982597712756633
MS,Montserrat,2020,0,66744100,0.0
MA,Morocco incl. Western Sahara,2020,587,66744100,0.08794784857388144
MZ,Mozambique,2020,40,66744100,0.005993039085102654
MM,Myanmar (Burma),2020,275,66744100,0.04120214371008074
,Namibia,2020,28,66744100,0.004195127359571857
NR,Nauru,2020,0,66744100,0.0
NP,Nepal,2020,12,66744100,0.001797911725530796
NC,New Caledonia,2020,3,66744100,0.000449477931382699
NZ,New Zealand,2020,874,66744100,0.13094790400949297
NI,Nicaragua,2020,59,66744100,0.008839732650526413
NE,Niger,2020,0,66744100,0.0
NG,Nigeria,2020,1100,66744100,0.16480857484032296
NU,Niue Island,2020,0,66744100,0.0
NF,Norfolk Island,2020,0,66744100,0.0
KP,North Korea,2020,0,66744100,0.0
MK,North Macedonia,2020,128,66744100,0.01917772507232849
MP,Northern Mariana Islands,2020,0,66744100,0.0
NO,Norway,2020,11277,66744100,1.6895875440675656
PS,Occupied Palestinian Territory,2020,3,66744100,0.000449477931382699
OM,Oman,2020,173,66744100,0.025919894043068974
PK,Pakistan,2020,1265,66744100,0.1895298610663714
PW,Palau,2020,0,66744100,0.0
PA,Panama,2020,30,66744100,0.0044947793138269895
PG,Papua New Guinea,2020,86,66744100,0.012885034032970704
PY,Paraguay,2020,12,66744100,0.001797911725530796
PE,Peru,2020,394,66744100,0.05903143498826113
PH,Philippines,2020,387,66744100,0.05798265314836817
PN,Pitcairn,2020,0,66744100,0.0
QA,Qatar,2020,1524,66744100,0.2283347891424111
RU,Russia,2020,8385,66744100,1.2562908182146437
RW,Rwanda,2020,7,66744100,0.0010487818398929644
WS,Samoa,2020,2,66744100,0.00029965195425513266
SM,San Marino,2020,3,66744100,0.000449477931382699
ST,Sao Tome and Principe,2020,0,66744100,0.0
SA,Saudi Arabia,2020,1551,66744100,0.2323800905248554
SN,Senegal,2020,48,66744100,0.007191646902123184
RS,Serbia,2020,266,66744100,0.03985370991593264
SC,Seychelles,2020,57,66744100,0.00854008069627128
SL,Sierra Leone,2020,0,66744100,0.0
SG,Singapore,2020,2302,66744100,0.3448993993476577
SX,Sint Maarten,2020,0,66744100,0.0
SB,Solomon Islands,2020,0,66744100,0.0
SO,Somalia,2020,1,66744100,0.00014982597712756633
ZA,South Africa,2020,3796,66744100,0.5687394091762418
GS,South Georgia,2020,0,66744100,0.0
KR,South Korea,2020,4376,66744100,0.6556384759102303
SS,South Sudan,2020,0,66744100,0.0
LK,Sri Lanka,2020,707,66744100,0.1059269658291894
KN,St Kitts and Nevis,2020,0,66744100,0.0
LC,St Lucia,2020,0,66744100,0.0
VC,St Vincent,2020,0,66744100,0.0
SH,St. Helena,2020,1,66744100,0.00014982597712756633
SD,Sudan,2020,5,66744100,0.0007491298856378317
SR,Suriname,2020,0,66744100,0.0
CH,Switzerland,2020,5343,66744100,0.8005201957925869
SY,Syria,2020,0,66744100,0.0
TW,Taiwan,2020,3322,66744100,0.49772189601777533
TJ,Tajikistan,2020,0,66744100,0.0
TZ,Tanzania,2020,19,66744100,0.0028466935654237603
TH,Thailand,2020,2656,66744100,0.3979377952508162
TG,Togo,2020,2,66744100,0.00029965195425513266
TK,Tokelau Islands,2020,0,66744100,0.0
TO,Tonga,2020,0,66744100,0.0
TT,Trinidad and Tobago,2020,180,66744100,0.02696867588296194
TN,Tunisia,2020,153,66744100,0.022923374500517648
TR,Turkey,2020,8265,66744100,1.2383117009593356
TM,Turkmenistan,2020,1,66744100,0.00014982597712756633
TC,Turks and Caicos Islands,2020,0,66744100,0.0
TV,Tuvalu,2020,0,66744100,0.0
UG,Uganda,2020,12,66744100,0.001797911725530796
UA,Ukraine,2020,664,66744100,0.09948444881270405
AE,United Arab Emirates,2020,1991,66744100,0.2983035204609846
US,United States inc Puerto Rico,2020,37577,66744100,5.63001074252256
UY,Uruguay,2020,47,66744100,0.007041820924995617
UM,US Minor Outlying Islands,2020,0,66744100,0.0
VI,US Virgin Islands,2020,0,66744100,0.0
UZ,Uzbekistan,2020,75,66744100,0.011236948284567476
VU,Vanuatu,2020,0,66744100,0.0
VA,Vatican City,2020,0,66744100,0.0
VE,Venezuela,2020,36,66744100,0.005393735176592388
VN,Vietnam,2020,3944,66744100,0.5909136537911216
WF,Wallis and Futuna,2020,0,66744100,0.0
YE,Yemen,2020,5,66744100,0.0007491298856378317
ZM,Zambia,2020,11,66744100,0.0016480857484032297
ZW,Zimbabwe,2020,102,66744100,0.015282249667011766
D5,Total Non EU,2020,208663,66744100,31.263137865369373
W1,Total,2020,441755,66744100,66.18637452598807
AT,Austria,2021,4165,66983500,0.62179491964439
BE,Belgium,2021,24256,66983500,3.6211902931318907
BG,Bulgaria,2021,481,66983500,0.07180872901535452
HR,Croatia,2021,224,66983500,0.03344107130860585
CY,Cyprus,2021,572,66983500,0.08539416423447566
CZ,Czechia,2021,4875,66983500,0.7277911724529175
DK,Denmark,2021,5199,66983500,0.7761612934528652
EE,Estonia,2021,323,66983500,0.04822083050303433
FI,Finland,2021,2224,66983500,0.3320220651354438
FR,France,2021,23512,66983500,3.510118163428307
DE,Germany,2021,57870,66983500,8.639441056379557
GR,Greece,2021,997,66983500,0.14884262542267873
HU,Hungary,2021,2498,66983500,0.3729276612897206
IE,Ireland,2021,14978,66983500,2.2360730627691896
IT,Italy,2021,18743,66983500,2.798151783648212
LV,Latvia,2021,1177,66983500,0.17571491486709415
LT,Lithuania,2021,1049,66983500,0.1566057312621765
LU,Luxembourg,2021,328,66983500,0.048967282987601425
MT,Malta,2021,81,66983500,0.012092530249986936
NL,Netherlands,2021,33078,66983500,4.938231056902073
PL,Poland,2021,11412,66983500,1.7037031507759373
PT,Portugal,2021,2871,66983500,0.4286130166384259
RO,Romania,2021,2257,66983500,0.3369486515335866
SK,Slovakia,2021,1942,66983500,0.28992214500585967
SI,Slovenia,2021,481,66983500,0.07180872901535452
ES,Spain,2021,15389,66983500,2.2974314570006045
SE,Sweden,2021,6441,66983500,0.9615800906193316
B5,Total EU27,2021,237423,66983500,35.44499764867467
AF,Afghanistan,2021,1,66983500,0.00014929049691341897
AL,Albania,2021,10,66983500,0.0014929049691341898
DZ,Algeria,2021,1077,66983500,0.16078586517575225
AS,American Samoa,2021,0,66983500,0.0
AD,Andorra,2021,5,66983500,0.0007464524845670949
AO,Angola,2021,22,66983500,0.0032843909320952173
AI,Anguilla,2021,1,66983500,0.00014929049691341897
AQ,Antarctica,2021,0,66983500,0.0
AG,Antigua and Barbuda,2021,1,66983500,0.00014929049691341897
AR,Argentina,2021,802,66983500,0.11973097852456202
AM,Armenia,2021,5,66983500,0.0007464524845670949
AW,Aruba,2021,0,66983500,0.0
AU,Australia,2021,2553,66983500,0.38113863861995867
AZ,Azerbaijan,2021,245,66983500,0.03657617174378765
BS,The Bahamas,2021,14,66983500,0.0020900669567878657
BH,Bahrain,2021,47,66983500,0.007016653354930692
BD,Bangladesh,2021,2365,66983500,0.3530720252002359
BB,Barbados,2021,1,66983500,0.00014929049691341897
BY,Belarus,2021,566,66983500,0.08449842125299514
BZ,Belize,2021,52,66983500,0.007763105839497787
BJ,Benin,2021,0,66983500,0.0
BM,Bermuda,2021,46,66983500,0.006867362858017273
BT,Bhutan,2021,0,66983500,0.0
BO,Bolivia,2021,13,66983500,0.0019407764598744466
BQ,"Bonaire, Sint Eustatius & Saba",2021,0,66983500,0.0
BA,Bosnia and Herzegovina,2021,26,66983500,0.0038815529197488933
BW,Botswana,2021,0,66983500,0.0
BV,Bouvet Island,2021,0,66983500,0.0
BR,Brazil,2021,2675,66983500,0.3993520792433958
IO,British Indian Ocean Territory,2021,0,66983500,0.0
VG,British Virgin Islands,2021,19,66983500,0.0028365194413549604
BN,Brunei,2021,15,66983500,0.002239357453701285
BF,Burkina Faso,2021,2,66983500,0.00029858099382683794
BI,Burundi,2021,0,66983500,0.0
KH,Cambodia,2021,508,66983500,0.07583957243201685
CM,Cameroon,2021,53,66983500,0.007912396336411207
CA,Canada,2021,6745,66983500,1.006964401681011
CV,Cape Verde,2021,0,66983500,0.0
KY,Cayman Islands,2021,0,66983500,0.0
CF,Central African Republic,2021,0,66983500,0.0
TD,Chad,2021,0,66983500,0.0
CL,Chile,2021,505,66983500,0.07539170094127658
CN,China,2021,64393,66983500,9.613262967745788
CX,Christmas Island,2021,1,66983500,0.00014929049691341897
CC,Cocos Islands,2021,0,66983500,0.0
CO,Colombia,2021,434,66983500,0.06479207566042383
KM,Comoros,2021,0,66983500,0.0
CD,Congo (Democratic Republic),2021,1,66983500,0.00014929049691341897
CG,Congo,2021,4,66983500,0.0005971619876536759
CK,Cook Islands,2021,0,66983500,0.0
CR,Costa Rica,2021,219,66983500,0.032694618824038756
CU,Cuba,2021,4,66983500,0.0005971619876536759
CW,Curacao,2021,0,66983500,0.0
DJ,Djibouti,2021,13,66983500,0.0019407764598744466
DM,Dominica,2021,0,66983500,0.0
DO,Dominican Republic,2021,91,66983500,0.013585435219121127
TL,East Timor,2021,0,66983500,0.0
EC,Ecuador,2021,213,66983500,0.03179887584255824
EG,Egypt,2021,928,66983500,0.13854158113565282
SV,El Salvador,2021,9,66983500,0.0013436144722207709
GQ,Equatorial Guinea,2021,4,66983500,0.0005971619876536759
ER,Eritrea,2021,0,66983500,0.0
SZ,Eswatini,2021,24,66983500,0.0035829719259220555
ET,Ethiopia,2021,230,66983500,0.034336814290086365
FK,Falkland Islands,2021,5,66983500,0.0007464524845670949
FO,Faroe Islands,2021,222,66983500,0.03314249031477901
FJ,Fiji,2021,0,66983500,0.0
PF,French Polynesia,2021,0,66983500,0.0
TF,French Southern Territories,2021,0,66983500,0.0
GA,Gabon,2021,38,66983500,0.005673038882709921
GM,The Gambia,2021,2,66983500,0.00029858099382683794
GE,Georgia,2021,35,66983500,0.005225167391969664
GH,Ghana,2021,141,66983500,0.021049960064792074
GI,Gibraltar,2021,8,66983500,0.0011943239753073518
GL,Greenland,2021,2,66983500,0.00029858099382683794
GD,Grenada,2021,0,66983500,0.0
GU,Guam,2021,1,66983500,0.00014929049691341897
GT,Guatemala,2021,82,66983500,0.012241820746900356
GG,Guernsey,2021,274,66983500,0.0409055961542768
GN,Guinea,2021,0,66983500,0.0
GW,Guinea Bissau,2021,0,66983500,0.0
GY,Guyana,2021,23,66983500,0.0034336814290086364
HT,Haiti,2021,4,66983500,0.0005971619876536759
HM,Heard and McDonald Islands,2021,0,66983500,0.0
HN,Honduras,2021,122,66983500,0.018213440623437115
HK,Hong Kong,2021,7775,66983500,1.1607336135018325
IS,Iceland,2021,449,66983500,0.06703143311412511
IN,India,2021,8407,66983500,1.2550852075511134
ID,Indonesia,2021,1203,66983500,0.17959646778684302
IR,Iran,2021,15,66983500,0.002239357453701285
IQ,Iraq,2021,2,66983500,0.00029858099382683794
IM,Isle of Man,2021,43,66983500,0.006419491367277016
IL,Israel,2021,1679,66983500,0.25065874431763047
CI,Ivory Coast,2021,372,66983500,0.05553606485179186
JM,Jamaica,2021,48,66983500,0.007165943851844111
JP,Japan,2021,7768,66983500,1.1596885800234387
JE,Jersey,2021,236,66983500,0.03523255727156688
JO,Jordan,2021,95,66983500,0.014182597206774802
KZ,Kazakhstan,2021,444,66983500,0.06628498062955802
KE,Kenya,2021,388,66983500,0.05792471280240656
KI,Kiribati,2021,0,66983500,0.0
XK,Kosovo,2021,0,66983500,0.0
KW,Kuwait,2021,625,66983500,0.09330656057088686
KG,Kyrgyzstan,2021,0,66983500,0.0
LA,Laos,2021,14,66983500,0.0020900669567878657
LB,Lebanon,2021,41,66983500,0.006120910373450178
LS,Lesotho,2021,0,66983500,0.0
LR,Liberia,2021,21,66983500,0.0031351004351817986
LY,Libya,2021,1132,66983500,0.16899684250599029
LI,Liechtenstein,2021,23,66983500,0.0034336814290086364
MO,Macao,2021,16,66983500,0.0023886479506147035
MG,Madagascar,2021,24,66983500,0.0035829719259220555
MW,Malawi,2021,11,66983500,0.0016421954660476086
MY,Malaysia,2021,2115,66983500,0.31574940097188114
MV,Maldives,2021,10,66983500,0.0014929049691341898
ML,Mali,2021,0,66983500,0.0
MH,Marshall Islands,2021,2,66983500,0.00029858099382683794
MR,Mauritania,2021,27,66983500,0.004030843416662312
MU,Mauritius,2021,83,66983500,0.012391111243813775
MX,Mexico,2021,1358,66983500,0.20273649480842296
FM,Micronesia,2021,0,66983500,0.0
MD,Moldova,2021,41,66983500,0.006120910373450178
MN,Mongolia,2021,4,66983500,0.0005971619876536759
ME,Montenegro,2021,0,66983500,0.0
MS,Montserrat,2021,0,66983500,0.0
MA,Morocco incl. Western Sahara,2021,976,66983500,0.14570752498749692
MZ,Mozambique,2021,23,66983500,0.0034336814290086364
MM,Myanmar (Burma),2021,252,66983500,0.037621205222181583
,Namibia,2021,26,66983500,0.0038815529197488933
NR,Nauru,2021,0,66983500,0.0
NP,Nepal,2021,15,66983500,0.002239357453701285
NC,New Caledonia,2021,2,66983500,0.00029858099382683794
NZ,New Zealand,2021,750,66983500,0.11196787268506424
NI,Nicaragua,2021,52,66983500,0.007763105839497787
NE,Niger,2021,2,66983500,0.00029858099382683794
NG,Nigeria,2021,925,66983500,0.13809370964491255
NU,Niue Island,2021,0,66983500,0.0
NF,Norfolk Island,2021,0,66983500,0.0
KP,North Korea,2021,0,66983500,0.0
MK,North Macedonia,2021,148,66983500,0.022094993543186007
MP,Northern Mariana Islands,2021,0,66983500,0.0
NO,Norway,2021,27147,66983500,4.052789119708585
PS,Occupied Palestinian Territory,2021,4,66983500,0.0005971619876536759
OM,Oman,2021,138,66983500,0.020602088574051818
PK,Pakistan,2021,1493,66983500,0.22289071189173454
PW,Palau,2021,0,66983500,0.0
PA,Panama,2021,43,66983500,0.006419491367277016
PG,Papua New Guinea,2021,118,66983500,0.01761627863578344
PY,Paraguay,2021,20,66983500,0.0029858099382683795
PE,Peru,2021,619,66983500,0.09241081758940635
PH,Philippines,2021,534,66983500,0.07972112535176573
PN,Pitcairn,2021,0,66983500,0.0
QA,Qatar,2021,2103,66983500,0.3139579150089201
RU,Russia,2021,10401,66983500,1.5527704583964708
RW,Rwanda,2021,4,66983500,0.0005971619876536759
WS,Samoa,2021,5,66983500,0.0007464524845670949
SM,San Marino,2021,9,66983500,0.0013436144722207709
ST,Sao Tome and Principe,2021,0,66983500,0.0
SA,Saudi Arabia,2021,1513,66983500,0.22587652183000292
SN,Senegal,2021,51,66983500,0.0076138153425843675
RS,Serbia,2021,293,66983500,0.04374211559563176
SC,Seychelles,2021,75,66983500,0.011196787268506423
SL,Sierra Leone,2021,1,66983500,0.00014929049691341897
SG,Singapore,2021,2539,66983500,0.3790485716631708
SX,Sint Maarten,2021,0,66983500,0.0
SB,Solomon Islands,2021,3,66983500,0.00044787149074025694
SO,Somalia,2021,0,66983500,0.0
ZA,South Africa,2021,6581,66983500,0.9824807601872103
GS,South Georgia,2021,0,66983500,0.0
KR,South Korea,2021,4971,66983500,0.7421230601566058
SS,South Sudan,2021,0,66983500,0.0
LK,Sri Lanka,2021,597,66983500,0.08912642665731113
KN,St Kitts and Nevis,2021,0,66983500,0.0
LC,St Lucia,2021,0,66983500,0.0
VC,St Vincent,2021,0,66983500,0.0
SH,St. Helena,2021,0,66983500,0.0
SD,Sudan,2021,7,66983500,0.0010450334783939329
SR,Suriname,2021,0,66983500,0.0
CH,Switzerland,2021,9648,66983500,1.4403547142206663
SY,Syria,2021,1,66983500,0.00014929049691341897
TW,Taiwan,2021,3238,66983500,0.4834026290056506
TJ,Tajikistan,2021,0,66983500,0.0
TZ,Tanzania,2021,15,66983500,0.002239357453701285
TH,Thailand,2021,2452,66983500,0.36606029843170335
TG,Togo,2021,0,66983500,0.0
TK,Tokelau Islands,2021,0,66983500,0.0
TO,Tonga,2021,0,66983500,0.0
TT,Trinidad and Tobago,2021,109,66983500,0.01627266416356267
TN,Tunisia,2021,186,66983500,0.02776803242589593
TR,Turkey,2021,10725,66983500,1.6011405793964186
TM,Turkmenistan,2021,0,66983500,0.0
TC,Turks and Caicos Islands,2021,0,66983500,0.0
TV,Tuvalu,2021,0,66983500,0.0
UG,Uganda,2021,13,66983500,0.0019407764598744466
UA,Ukraine,2021,829,66983500,0.12376182194122433
AE,United Arab Emirates,2021,2731,66983500,0.4077123470705472
US,United States inc Puerto Rico,2021,39247,66983500,5.859204132360954
UY,Uruguay,2021,100,66983500,0.014929049691341898
UM,US Minor Outlying Islands,2021,0,66983500,0.0
VI,US Virgin Islands,2021,0,66983500,0.0
UZ,Uzbekistan,2021,234,66983500,0.03493397627774004
VU,Vanuatu,2021,0,66983500,0.0
VA,Vatican City,2021,1,66983500,0.00014929049691341897
VE,Venezuela,2021,30,66983500,0.00447871490740257
VN,Vietnam,2021,4433,66983500,0.6618047728171863
WF,Wallis and Futuna,2021,0,66983500,0.0
YE,Yemen,2021,0,66983500,0.0
ZM,Zambia,2021,7,66983500,0.0010450334783939329
ZW,Zimbabwe,2021,106,66983500,0.015824792672822413
D5,Total Non EU,2021,256917,66983500,38.355266595504865
W1,Total,2021,494340,66983500,73.80026424417953
AT,Austria,2022,4392,67602800,0.6496772323039874
BE,Belgium,2022,29860,67602800,4.416976811611353
BG,Bulgaria,2022,713,67602800,0.10546900424242783
HR,Croatia,2022,289,67602800,0.04274970859195181
CY,Cyprus,2022,295,67602800,0.04363724579455289
CZ,Czechia,2022,5162,67602800,0.7635778399711255
DK,Denmark,2022,5109,67602800,0.755737928014816
EE,Estonia,2022,466,67602800,0.06893205606868355
FI,Finland,2022,3522,67602800,0.5209843379268314
FR,France,2022,34398,67602800,5.088250782511967
DE,Germany,2022,67906,67602800,10.044850213304775
GR,Greece,2022,1606,67602800,0.23756412456288792
HU,Hungary,2022,2958,67602800,0.4375558408823303
IE,Ireland,2022,19057,67602800,2.8189660783281165
IT,Italy,2022,23527,67602800,3.480181294265918
LV,Latvia,2022,1128,67602800,0.16685699408900223
LT,Lithuania,2022,1378,67602800,0.20383771086404706
LU,Luxembourg,2022,691,67602800,0.10221470116622389
MT,Malta,2022,225,67602800,0.033282645097540337
NL,Netherlands,2022,55782,67602800,8.2514333725822
PL,Poland,2022,12451,67602800,1.8417876182643322
PT,Portugal,2022,3438,67602800,0.5085588170904164
RO,Romania,2022,3334,67602800,0.4931748389119977
SK,Slovakia,2022,1456,67602800,0.21537569449786104
SI,Slovenia,2022,737,67602800,0.10901915305283214
ES,Spain,2022,18760,67602800,2.7750329867993635
SE,Sweden,2022,8006,67602800,1.1842704740040353
B5,Total EU27,2022,306646,67602800,45.359955504801576
AF,Afghanistan,2022,0,67602800,0.0
AL,Albania,2022,14,67602800,0.00207092013940251
DZ,Algeria,2022,1838,67602800,0.27188222973012954
AS,American Samoa,2022,0,67602800,0.0
AD,Andorra,2022,4,67602800,0.0005916914684007172
AO,Angola,2022,1213,67602800,0.17943043779251747
AI,Anguilla,2022,1,67602800,0.0001479228671001793
AQ,Antarctica,2022,0,67602800,0.0
AG,Antigua and Barbuda,2022,116,67602800,0.017159052583620795
AR,Argentina,2022,885,67602800,0.13091173738365866
AM,Armenia,2022,5,67602800,0.0007396143355008964
AW,Aruba,2022,0,67602800,0.0
AU,Australia,2022,2088,67602800,0.3088629465051743
AZ,Azerbaijan,2022,358,67602800,0.052956386421864184
BS,The Bahamas,2022,6,67602800,0.0008875372026010757
BH,Bahrain,2022,452,67602800,0.06686113592928103
BD,Bangladesh,2022,3547,67602800,0.5246824096043359
BB,Barbados,2022,3,67602800,0.00044376860130053783
BY,Belarus,2022,178,67602800,0.026330270343831914
BZ,Belize,2022,50,67602800,0.007396143355008964
BJ,Benin,2022,0,67602800,0.0
BM,Bermuda,2022,353,67602800,0.052216772086363286
BT,Bhutan,2022,0,67602800,0.0
BO,Bolivia,2022,11,67602800,0.0016271515381019721
BQ,"Bonaire, Sint Eustatius & Saba",2022,0,67602800,0.0
BA,Bosnia and Herzegovina,2022,33,67602800,0.004881454614305916
BW,Botswana,2022,0,67602800,0.0
BV,Bouvet Island,2022,0,67602800,0.0
BR,Brazil,2022,3541,67602800,0.5237948724017348
IO,British Indian Ocean Territory,2022,0,67602800,0.0
VG,British Virgin Islands,2022,3,67602800,0.00044376860130053783
BN,Brunei,2022,30,67602800,0.004437686013005379
BF,Burkina Faso,2022,2,67602800,0.0002958457342003586
BI,Burundi,2022,0,67602800,0.0
KH,Cambodia,2022,774,67602800,0.11449229913553877
CM,Cameroon,2022,130,67602800,0.019229972723023306
CA,Canada,2022,7670,67602800,1.134568390658375
CV,Cape Verde,2022,0,67602800,0.0
KY,Cayman Islands,2022,0,67602800,0.0
CF,Central African Republic,2022,0,67602800,0.0
TD,Chad,2022,0,67602800,0.0
CL,Chile,2022,685,67602800,0.1013271639636228
CN,China,2022,70893,67602800,10.48669581733301
CX,Christmas Island,2022,1,67602800,0.0001479228671001793
CC,Cocos Islands,2022,0,67602800,0.0
CO,Colombia,2022,595,67602800,0.08801410592460668
KM,Comoros,2022,0,67602800,0.0
CD,Congo (Democratic Republic),2022,203,67602800,0.030028342021336394
CG,Congo,2022,14,67602800,0.00207092013940251
CK,Cook Islands,2022,0,67602800,0.0
CR,Costa Rica,2022,273,67602800,0.04038294271834894
CU,Cuba,2022,7,67602800,0.001035460069701255
CW,Curacao,2022,11,67602800,0.0016271515381019721
DJ,Djibouti,2022,9,67602800,0.0013313058039016135
DM,Dominica,2022,1,67602800,0.0001479228671001793
DO,Dominican Republic,2022,93,67602800,0.013756826640316673
TL,East Timor,2022,0,67602800,0.0
EC,Ecuador,2022,214,67602800,0.031655493559438364
EG,Egypt,2022,1701,67602800,0.25161679693740496
SV,El Salvador,2022,18,67602800,0.002662611607803227
GQ,Equatorial Guinea,2022,0,67602800,0.0
ER,Eritrea,2022,4,67602800,0.0005916914684007172
SZ,Eswatini,2022,16,67602800,0.0023667658736028687
ET,Ethiopia,2022,225,67602800,0.033282645097540337
FK,Falkland Islands,2022,6,67602800,0.0008875372026010757
FO,Faroe Islands,2022,320,67602800,0.04733531747205737
FJ,Fiji,2022,2,67602800,0.0002958457342003586
PF,French Polynesia,2022,1,67602800,0.0001479228671001793
TF,French Southern Territories,2022,0,67602800,0.0
GA,Gabon,2022,11,67602800,0.0016271515381019721
GM,The Gambia,2022,0,67602800,0.0
GE,Georgia,2022,68,67602800,0.01005875496281219
GH,Ghana,2022,651,67602800,0.09629778648221671
GI,Gibraltar,2022,9,67602800,0.0013313058039016135
GL,Greenland,2022,0,67602800,0.0
GD,Grenada,2022,0,67602800,0.0
GU,Guam,2022,0,67602800,0.0
GT,Guatemala,2022,80,67602800,0.011833829368014342
GG,Guernsey,2022,392,67602800,0.05798576390327028
GN,Guinea,2022,0,67602800,0.0
GW,Guinea Bissau,2022,0,67602800,0.0
GY,Guyana,2022,678,67602800,0.10029170389392156
HT,Haiti,2022,0,67602800,0.0
HM,Heard and McDonald Islands,2022,0,67602800,0.0
HN,Honduras,2022,156,67602800,0.023075967267627968
HK,Hong Kong,2022,6172,67602800,0.9129799357423065
IS,Iceland,2022,566,67602800,0.08372434277870147
IN,India,2022,11102,67602800,1.6422396705461904
ID,Indonesia,2022,1595,67602800,0.23593697302478595
IR,Iran,2022,17,67602800,0.0025146887407030477
IQ,Iraq,2022,3,67602800,0.00044376860130053783
IM,Isle of Man,2022,110,67602800,0.01627151538101972
IL,Israel,2022,2596,67602800,0.3840077629920654
CI,Ivory Coast,2022,304,67602800,0.044968551598454504
JM,Jamaica,2022,45,67602800,0.0066565290195080675
JP,Japan,2022,9082,67602800,1.3434354790038283
JE,Jersey,2022,160,67602800,0.023667658736028684
JO,Jordan,2022,261,67602800,0.03860786831314679
KZ,Kazakhstan,2022,1256,67602800,0.18579112107782517
KE,Kenya,2022,397,67602800,0.05872537823877118
KI,Kiribati,2022,0,67602800,0.0
XK,Kosovo,2022,2,67602800,0.0002958457342003586
KW,Kuwait,2022,2279,67602800,0.3371162141213086
KG,Kyrgyzstan,2022,0,67602800,0.0
LA,Laos,2022,7,67602800,0.001035460069701255
LB,Lebanon,2022,39,67602800,0.005768991816906992
LS,Lesotho,2022,0,67602800,0.0
LR,Liberia,2022,41,67602800,0.006064837551107351
LY,Libya,2022,1321,67602800,0.19540610743933684
LI,Liechtenstein,2022,29,67602800,0.004289763145905199
MO,Macao,2022,20,67602800,0.0029584573420035854
MG,Madagascar,2022,43,67602800,0.0063606832853077095
MW,Malawi,2022,20,67602800,0.0029584573420035854
MY,Malaysia,2022,2175,67602800,0.32173223594288997
MV,Maldives,2022,13,67602800,0.0019229972723023307
ML,Mali,2022,0,67602800,0.0
MH,Marshall Islands,2022,2,67602800,0.0002958457342003586
MR,Mauritania,2022,32,67602800,0.004733531747205737
MU,Mauritius,2022,122,67602800,0.018046589786221874
MX,Mexico,2022,1368,67602800,0.20235848219304525
FM,Micronesia,2022,0,67602800,0.0
MD,Moldova,2022,43,67602800,0.0063606832853077095
MN,Mongolia,2022,7,67602800,0.001035460069701255
ME,Montenegro,2022,5,67602800,0.0007396143355008964
MS,Montserrat,2022,0,67602800,0.0
MA,Morocco incl. Western Sahara,2022,1245,67602800,0.1841639695397232
MZ,Mozambique,2022,38,67602800,0.005621068949806813
MM,Myanmar (Burma),2022,438,67602800,0.06479021578987852
,Namibia,2022,29,67602800,0.004289763145905199
NR,Nauru,2022,0,67602800,0.0
NP,Nepal,2022,15,67602800,0.0022188430065026893
NC,New Caledonia,2022,0,67602800,0.0
NZ,New Zealand,2022,785,67602800,0.11611945067364074
NI,Nicaragua,2022,58,67602800,0.008579526291810398
NE,Niger,2022,1,67602800,0.0001479228671001793
NG,Nigeria,2022,2125,67602800,0.314336092587881
NU,Niue Island,2022,1,67602800,0.0001479228671001793
NF,Norfolk Island,2022,0,67602800,0.0
KP,North Korea,2022,0,67602800,0.0
MK,North Macedonia,2022,115,67602800,0.017011129716520617
MP,Northern Mariana Islands,2022,0,67602800,0.0
NO,Norway,2022,44476,67602800,6.579017437147574
PS,Occupied Palestinian Territory,2022,3,67602800,0.00044376860130053783
OM,Oman,2022,183,67602800,0.027069884679332808
PK,Pakistan,2022,1723,67602800,0.2548711000136089
PW,Palau,2022,0,67602800,0.0
PA,Panama,2022,54,67602800,0.007987834823409682
PG,Papua New Guinea,2022,194,67602800,0.02869703621743478
PY,Paraguay,2022,27,67602800,0.003993917411704841
PE,Peru,2022,3013,67602800,0.4456915985728402
PH,Philippines,2022,659,67602800,0.09748116941901815
PN,Pitcairn,2022,0,67602800,0.0
QA,Qatar,2022,7774,67602800,1.1499523688367936
RU,Russia,2022,5068,67602800,0.7496730904637086
RW,Rwanda,2022,13,67602800,0.0019229972723023307
WS,Samoa,2022,4,67602800,0.0005916914684007172
SM,San Marino,2022,6,67602800,0.0008875372026010757
ST,Sao Tome and Principe,2022,2,67602800,0.0002958457342003586
SA,Saudi Arabia,2022,4222,67602800,0.6245303448969569
SN,Senegal,2022,54,67602800,0.007987834823409682
RS,Serbia,2022,320,67602800,0.04733531747205737
SC,Seychelles,2022,59,67602800,0.008727449158910577
SL,Sierra Leone,2022,3,67602800,0.00044376860130053783
SG,Singapore,2022,2896,67602800,0.4283846231221192
SX,Sint Maarten,2022,0,67602800,0.0
SB,Solomon Islands,2022,14,67602800,0.00207092013940251
SO,Somalia,2022,0,67602800,0.0
ZA,South Africa,2022,5431,67602800,0.8033690912210737
GS,South Georgia,2022,0,67602800,0.0
KR,South Korea,2022,6836,67602800,1.0112007194968256
SS,South Sudan,2022,0,67602800,0.0
LK,Sri Lanka,2022,785,67602800,0.11611945067364074
KN,St Kitts and Nevis,2022,0,67602800,0.0
LC,St Lucia,2022,0,67602800,0.0
VC,St Vincent,2022,0,67602800,0.0
SH,St. Helena,2022,0,67602800,0.0
SD,Sudan,2022,10,67602800,0.0014792286710017927
SR,Suriname,2022,0,67602800,0.0
CH,Switzerland,2022,10679,67602800,1.5796682977628145
SY,Syria,2022,0,67602800,0.0
TW,Taiwan,2022,3773,67602800,0.5581129775689765
TJ,Tajikistan,2022,0,67602800,0.0
TZ,Tanzania,2022,35,67602800,0.005177300348506275
TH,Thailand,2022,3054,67602800,0.4517564361239475
TG,Togo,2022,39,67602800,0.005768991816906992
TK,Tokelau Islands,2022,0,67602800,0.0
TO,Tonga,2022,0,67602800,0.0
TT,Trinidad and Tobago,2022,372,67602800,0.05502730656126669
TN,Tunisia,2022,274,67602800,0.040530865585449126
TR,Turkey,2022,12560,67602800,1.8579112107782518
TM,Turkmenistan,2022,8,67602800,0.0011833829368014344
TC,Turks and Caicos Islands,2022,0,67602800,0.0
TV,Tuvalu,2022,0,67602800,0.0
UG,Uganda,2022,12,67602800,0.0017750744052021513
UA,Ukraine,2022,374,67602800,0.055323152295467054
AE,United Arab Emirates,2022,4573,67602800,0.6764512712491199
US,United States inc Puerto Rico,2022,61892,67602800,9.155242090564297
UY,Uruguay,2022,258,67602800,0.038164099711846255
UM,US Minor Outlying Islands,2022,0,67602800,0.0
VI,US Virgin Islands,2022,0,67602800,0.0
UZ,Uzbekistan,2022,10,67602800,0.0014792286710017927
VU,Vanuatu,2022,0,67602800,0.0
VA,Vatican City,2022,0,67602800,0.0
VE,Venezuela,2022,8,67602800,0.0011833829368014344
VN,Vietnam,2022,5531,67602800,0.8181613779310916
WF,Wallis and Futuna,2022,0,67602800,0.0
YE,Yemen,2022,0,67602800,0.0
ZM,Zambia,2022,1,67602800,0.0001479228671001793
ZW,Zimbabwe,2022,5,67602800,0.0007396143355008964
D5,Total Non EU,2022,334013,67602800,49.40816060873218
W1,Total,2022,640659,67602800,94.76811611353376
AT,Austria,2023,4713,68265200,0.6903956920949473
BE,Belgium,2023,29199,68265200,4.277289160509308
BG,Bulgaria,2023,696,68265200,0.1019553154462303
HR,Croatia,2023,396,68265200,0.058009058788372404
CY,Cyprus,2023,246,68265200,0.03603593045944346
CZ,Czechia,2023,4905,68265200,0.7185212963559764
DK,Denmark,2023,6002,68265200,0.8792181082015434
EE,Estonia,2023,322,68265200,0.047168982146100796
FI,Finland,2023,2351,68265200,0.34439216467541295
FR,France,2023,41280,68265200,6.047004916121245
DE,Germany,2023,73750,68265200,10.803454761723396
GR,Greece,2023,1693,68265200,0.24800337507251133
HU,Hungary,2023,3308,68265200,0.4845807234139796
IE,Ireland,2023,19548,68265200,2.8635380838260196
IT,Italy,2023,22965,68265200,3.364085947159021
LV,Latvia,2023,858,68265200,0.12568629404147355
LT,Lithuania,2023,1317,68265200,0.1929240667279961
LU,Luxembourg,2023,733,68265200,0.1073753537673661
MT,Malta,2023,166,68265200,0.024316928684014697
NL,Netherlands,2023,53183,68265200,7.790645892782853
PL,Poland,2023,13798,68265200,2.021234831217077
PT,Portugal,2023,3263,68265200,0.4779887849153009
RO,Romania,2023,3901,68265200,0.5714478240743454
SK,Slovakia,2023,1547,68265200,0.22661619683235382
SI,Slovenia,2023,697,68265200,0.10210180296842315
ES,Spain,2023,19859,68265200,2.909095703227999
SE,Sweden,2023,7666,68265200,1.1229733451304618
B5,Total EU27,2023,318362,68265200,46.636060540363175
AF,Afghanistan,2023,0,68265200,0.0
AL,Albania,2023,26,68265200,0.00380867557701435
DZ,Algeria,2023,1664,68265200,0.2437552369289184
AS,American Samoa,2023,0,68265200,0.0
AD,Andorra,2023,0,68265200,0.0
AO,Angola,2023,637,68265200,0.09331255163685158
AI,Anguilla,2023,0,68265200,0.0
AQ,Antarctica,2023,0,68265200,0.0
AG,Antigua and Barbuda,2023,1,68265200,0.00014648752219285961
AR,Argentina,2023,840,68265200,0.12304951864200207
AM,Armenia,2023,2,68265200,0.00029297504438571923
AW,Aruba,2023,0,68265200,0.0
AU,Australia,2023,2002,68265200,0.29326801943010494
AZ,Azerbaijan,2023,289,68265200,0.042334893913736425
BS,The Bahamas,2023,0,68265200,0.0
BH,Bahrain,2023,166,68265200,0.024316928684014697
BD,Bangladesh,2023,2533,68265200,0.3710528937145134
BB,Barbados,2023,4,68265200,0.0005859500887714385
BY,Belarus,2023,168,68265200,0.024609903728400415
BZ,Belize,2023,50,68265200,0.007324376109642981
BJ,Benin,2023,0,68265200,0.0
BM,Bermuda,2023,38,68265200,0.005566525843328665
BT,Bhutan,2023,0,68265200,0.0
BO,Bolivia,2023,8,68265200,0.001171900177542877
BQ,"Bonaire, Sint Eustatius & Saba",2023,0,68265200,0.0
BA,Bosnia and Herzegovina,2023,42,68265200,0.006152475932100104
BW,Botswana,2023,0,68265200,0.0
BV,Bouvet Island,2023,0,68265200,0.0
BR,Brazil,2023,3417,68265200,0.5005478633330013
IO,British Indian Ocean Territory,2023,0,68265200,0.0
VG,British Virgin Islands,2023,0,68265200,0.0
BN,Brunei,2023,0,68265200,0.0
BF,Burkina Faso,2023,0,68265200,0.0
BI,Burundi,2023,0,68265200,0.0
KH,Cambodia,2023,568,68265200,0.08320491260554426
CM,Cameroon,2023,159,68265200,0.02329151602866468
CA,Canada,2023,5293,68265200,0.7753584549668059
CV,Cape Verde,2023,0,68265200,0.0
KY,Cayman Islands,2023,308,68265200,0.04511815683540076
CF,Central African Republic,2023,0,68265200,0.0
TD,Chad,2023,0,68265200,0.0
CL,Chile,2023,450,68265200,0.06591938498678683
CN,China,2023,56155,68265200,8.226006808740031
CX,Christmas Island,2023,0,68265200,0.0
CC,Cocos Islands,2023,0,68265200,0.0
CO,Colombia,2023,518,68265200,0.07588053649590128
KM,Comoros,2023,0,68265200,0.0
CD,Congo (Democratic Republic),2023,2,68265200,0.00029297504438571923
CG,Congo,2023,134,68265200,0.01962932797384319
CK,Cook Islands,2023,0,68265200,0.0
CR,Costa Rica,2023,316,68265200,0.046290057012943635
CU,Cuba,2023,10,68265200,0.0014648752219285962
CW,Curacao,2023,0,68265200,0.0
DJ,Djibouti,2023,17,68265200,0.0024902878772786134
DM,Dominica,2023,0,68265200,0.0
DO,Dominican Republic,2023,90,68265200,0.013183876997357366
TL,East Timor,2023,0,68265200,0.0
EC,Ecuador,2023,239,68265200,0.03501051780409345
EG,Egypt,2023,1304,68265200,0.19101972893948893
SV,El Salvador,2023,22,68265200,0.0032227254882429114
GQ,Equatorial Guinea,2023,8,68265200,0.001171900177542877
ER,Eritrea,2023,0,68265200,0.0
SZ,Eswatini,2023,1,68265200,0.00014648752219285961
ET,Ethiopia,2023,188,68265200,0.027539654172257608
FK,Falkland Islands,2023,8,68265200,0.001171900177542877
FO,Faroe Islands,2023,249,68265200,0.03647539302602204
FJ,Fiji,2023,29,68265200,0.004248138143592929
PF,French Polynesia,2023,0,68265200,0.0
TF,French Southern Territories,2023,0,68265200,0.0
GA,Gabon,2023,61,68265200,0.008935738853764436
GM,The Gambia,2023,2,68265200,0.00029297504438571923
GE,Georgia,2023,31,68265200,0.004541113187978648
GH,Ghana,2023,290,68265200,0.042481381435929284
GI,Gibraltar,2023,3,68265200,0.0004394625665785788
GL,Greenland,2023,0,68265200,0.0
GD,Grenada,2023,0,68265200,0.0
GU,Guam,2023,0,68265200,0.0
GT,Guatemala,2023,94,68265200,0.013769827086128804
GG,Guernsey,2023,137,68265200,0.020068790540421766
GN,Guinea,2023,1,68265200,0.00014648752219285961
GW,Guinea Bissau,2023,0,68265200,0.0
GY,Guyana,2023,422,68265200,0.061817734365386755
HT,Haiti,2023,0,68265200,0.0
HM,Heard and McDonald Islands,2023,0,68265200,0.0
HN,Honduras,2023,125,68265200,0.018310940274107453
HK,Hong Kong,2023,4680,68265200,0.685561603862583
IS,Iceland,2023,534,68265200,0.07822433685098704
IN,India,2023,9729,68265200,1.4251771034143312
ID,Indonesia,2023,1078,68265200,0.15791354892390266
IR,Iran,2023,16,68265200,0.002343800355085754
IQ,Iraq,2023,5,68265200,0.0007324376109642981
IM,Isle of Man,2023,0,68265200,0.0
IL,Israel,2023,1651,68265200,0.24185089914041122
CI,Ivory Coast,2023,426,68265200,0.0624036844541582
JM,Jamaica,2023,54,68265200,0.007910326198414419
JP,Japan,2023,7640,68265200,1.1191646695534474
JE,Jersey,2023,28,68265200,0.0041016506214000695
JO,Jordan,2023,206,68265200,0.03017642957172908
KZ,Kazakhstan,2023,464,68265200,0.06797021029748686
KE,Kenya,2023,386,68265200,0.05654418356644381
KI,Kiribati,2023,0,68265200,0.0
XK,Kosovo,2023,0,68265200,0.0
KW,Kuwait,2023,3606,68265200,0.5282340050274518
KG,Kyrgyzstan,2023,0,68265200,0.0
LA,Laos,2023,2,68265200,0.00029297504438571923
LB,Lebanon,2023,43,68265200,0.006298963454292963
LS,Lesotho,2023,0,68265200,0.0
LR,Liberia,2023,34,68265200,0.004980575754557227
LY,Libya,2023,1272,68265200,0.18633212822931744
LI,Liechtenstein,2023,14,68265200,0.0020508253107000348
MO,Macao,2023,13,68265200,0.001904337788507175
MG,Madagascar,2023,34,68265200,0.004980575754557227
MW,Malawi,2023,2,68265200,0.00029297504438571923
MY,Malaysia,2023,1779,68265200,0.26060130198109727
MV,Maldives,2023,13,68265200,0.001904337788507175
ML,Mali,2023,0,68265200,0.0
MH,Marshall Islands,2023,0,68265200,0.0
MR,Mauritania,2023,29,68265200,0.004248138143592929
MU,Mauritius,2023,109,68265200,0.015967139919021697
MX,Mexico,2023,1304,68265200,0.19101972893948893
FM,Micronesia,2023,0,68265200,0.0
MD,Moldova,2023,40,68265200,0.005859500887714385
MN,Mongolia,2023,8,68265200,0.001171900177542877
ME,Montenegro,2023,0,68265200,0.0
MS,Montserrat,2023,0,68265200,0.0
MA,Morocco incl. Western Sahara,2023,1428,68265200,0.20918418169140351
MZ,Mozambique,2023,14,68265200,0.0020508253107000348
MM,Myanmar (Burma),2023,270,68265200,0.039551630992072095
,Namibia,2023,18,68265200,0.002636775399471473
NR,Nauru,2023,0,68265200,0.0
NP,Nepal,2023,16,68265200,0.002343800355085754
NC,New Caledonia,2023,0,68265200,0.0
NZ,New Zealand,2023,794,68265200,0.11631109262113053
NI,Nicaragua,2023,78,68265200,0.01142602673104305
NE,Niger,2023,0,68265200,0.0
NG,Nigeria,2023,2021,68265200,0.29605128235176925
NU,Niue Island,2023,0,68265200,0.0
NF,Norfolk Island,2023,0,68265200,0.0
KP,North Korea,2023,0,68265200,0.0
MK,North Macedonia,2023,68,68265200,0.009961151509114453
MP,Northern Mariana Islands,2023,0,68265200,0.0
NO,Norway,2023,27246,68265200,3.991199029666653
PS,Occupied Palestinian Territory,2023,1,68265200,0.00014648752219285961
OM,Oman,2023,232,68265200,0.03398510514874343
PK,Pakistan,2023,1516,68265200,0.22207508364437517
PW,Palau,2023,0,68265200,0.0
PA,Panama,2023,33,68265200,0.004834088232364368
PG,Papua New Guinea,2023,172,68265200,0.02519585381717185
PY,Paraguay,2023,24,68265200,0.0035157005326286305
PE,Peru,2023,1321,68265200,0.19351001681676755
PH,Philippines,2023,585,68265200,0.08569520048282288
PN,Pitcairn,2023,0,68265200,0.0
QA,Qatar,2023,2294,68265200,0.33604237591041997
RU,Russia,2023,56,68265200,0.008203301242800139
RW,Rwanda,2023,8,68265200,0.001171900177542877
WS,Samoa,2023,0,68265200,0.0
SM,San Marino,2023,8,68265200,0.001171900177542877
ST,Sao Tome and Principe,2023,0,68265200,0.0
SA,Saudi Arabia,2023,3129,68265200,0.45835945694145774
SN,Senegal,2023,63,68265200,0.009228713898150156
RS,Serbia,2023,363,68265200,0.05317497055600804
SC,Seychelles,2023,55,68265200,0.008056813720607278
SL,Sierra Leone,2023,5,68265200,0.0007324376109642981
SG,Singapore,2023,2884,68265200,0.42247001400420714
SX,Sint Maarten,2023,0,68265200,0.0
SB,Solomon Islands,2023,0,68265200,0.0
SO,Somalia,2023,0,68265200,0.0
ZA,South Africa,2023,4324,68265200,0.6334120459619249
GS,South Georgia,2023,0,68265200,0.0
KR,South Korea,2023,5767,68265200,0.8447935404862214
SS,South Sudan,2023,0,68265200,0.0
LK,Sri Lanka,2023,554,68265200,0.08115408729484422
KN,St Kitts and Nevis,2023,0,68265200,0.0
LC,St Lucia,2023,0,68265200,0.0
VC,St Vincent,2023,0,68265200,0.0
SH,St. Helena,2023,0,68265200,0.0
SD,Sudan,2023,7,68265200,0.0010254126553500174
SR,Suriname,2023,1,68265200,0.00014648752219285961
CH,Switzerland,2023,9279,68265200,1.3592577184275443
SY,Syria,2023,0,68265200,0.0
TW,Taiwan,2023,2907,68265200,0.4258392270146429
TJ,Tajikistan,2023,0,68265200,0.0
TZ,Tanzania,2023,17,68265200,0.0024902878772786134
TH,Thailand,2023,2471,68265200,0.3619706673385561
TG,Togo,2023,30,68265200,0.004394625665785789
TK,Tokelau Islands,2023,0,68265200,0.0
TO,Tonga,2023,2,68265200,0.00029297504438571923
TT,Trinidad and Tobago,2023,343,68265200,0.050245220112150844
TN,Tunisia,2023,243,68265200,0.035596467892864886
TR,Turkey,2023,11253,68265200,1.6484240872362492
TM,Turkmenistan,2023,13,68265200,0.001904337788507175
TC,Turks and Caicos Islands,2023,0,68265200,0.0
TV,Tuvalu,2023,0,68265200,0.0
UG,Uganda,2023,13,68265200,0.001904337788507175
UA,Ukraine,2023,325,68265200,0.047608444712679374
AE,United Arab Emirates,2023,3500,68265200,0.5127063276750087
US,United States inc Puerto Rico,2023,57948,68265200,8.488658936031829
UY,Uruguay,2023,159,68265200,0.02329151602866468
UM,US Minor Outlying Islands,2023,39,68265200,0.005713013365521525
VI,US Virgin Islands,2023,0,68265200,0.0
UZ,Uzbekistan,2023,54,68265200,0.007910326198414419
VU,Vanuatu,2023,0,68265200,0.0
VA,Vatican City,2023,0,68265200,0.0
VE,Venezuela,2023,35,68265200,0.005127063276750087
VN,Vietnam,2023,4520,68265200,0.6621236003117255
WF,Wallis and Futuna,2023,0,68265200,0.0
YE,Yemen,2023,0,68265200,0.0
ZM,Zambia,2023,1,68265200,0.00014648752219285961
ZW,Zimbabwe,2023,4,68265200,0.0005859500887714385
D5,Total Non EU,2023,262831,68265200,38.50146194547148
W1,Total,2023,581193,68265200,85.13752248583465
