"6. Monthly Imports: UK trade in goods monthly imports from all countries, current prices, seasonally adjusted, [note 1]",,,,,,,,,,,,,,,,,,,,,,,,,,,,,,,,,,,,,,,,,,,,,,,,,,,,,,,,,,,,,,,,,,,,,,,,,,,,,,
This worksheet contains one table and notes which can be found on the notes worksheet.,,,,,,,,,,,,,,,,,,,,,,,,,,,,,,,,,,,,,,,,,,,,,,,,,,,,,,,,,,,,,,,,,,,,,,,,,,,,,,
"Source: Office for National Statistics - UK trade statistics, current prices, seasonally adjusted",,,,,,,,,,,,,,,,,,,,,,,,,,,,,,,,,,,,,,,,,,,,,,,,,,,,,,,,,,,,,,,,,,,,,,,,,,,,,,
Country Code,Country Name,,2018Jan,2018Feb,2018Mar,2018Apr,2018May,2018Jun,2018Jul,2018Aug,2018Sep,2018Oct,2018Nov,2018Dec,2019Jan,2019Feb,2019Mar,2019Apr,2019May,2019Jun,2019Jul,2019Aug,2019Sep,2019Oct,2019Nov,2019Dec,2020Jan,2020Feb,2020Mar,2020Apr,2020May,2020Jun,2020Jul,2020Aug,2020Sep,2020Oct,2020Nov,2020Dec,2021Jan,2021Feb,2021Mar,2021Apr,2021May,2021Jun,2021Jul,2021Aug,2021Sep,2021Oct,2021Nov,2021Dec,2022Jan,2022Feb,2022Mar,2022Apr,2022May,2022Jun,2022Jul,2022Aug,2022Sep,2022Oct,2022Nov,2022Dec,2023Jan,2023Feb,2023Mar,2023Apr,2023May,2023Jun,2023Jul,2023Aug,2023Sep,2023Oct,2023Nov,2023Dec,2024Jan,2024Feb,2024Mar,2024Apr
AT,Austria,,626,372,360,341,339,349,302,362,353,345,362,340,407,428,414,437,386,380,429,367,407,398,332,343,383,325,335,207,202,337,383,281,395,429,380,429,310,370,377,381,272,352,371,334,323,316,402,357,400,396,354,333,422,373,348,406,268,341,339,412,294,360,494,387,464,471,360,378,358,411,366,370,408,390,338,366
BE,Belgium,,2146,2139,2153,2039,2483,2042,2103,2125,2155,2157,2186,2152,2238,2364,2279,1872,1899,1953,2118,2343,2277,2342,1753,1815,1876,1942,1940,1299,1251,1520,1761,1990,2085,2125,2316,2580,1795,1769,1717,1925,1996,2186,2112,2100,2121,2178,2121,2236,2277,2219,2174,2422,2885,2682,2639,2498,2383,2610,2577,2494,2495,2590,2551,2417,2227,2336,2414,2457,2494,2437,2457,2324,2316,2347,2236,2830
BG,Bulgaria,,40,38,39,43,42,37,43,45,50,48,44,44,48,43,39,43,76,64,46,39,56,69,40,40,42,38,38,36,36,43,36,42,31,37,41,51,38,45,46,40,33,35,37,38,40,41,42,46,46,48,59,65,73,50,63,53,95,48,59,54,61,58,58,51,65,58,57,56,45,70,61,56,59,58,48,61
HR,Croatia,,16,9,20,22,15,19,15,15,16,26,13,16,11,14,11,18,30,23,143,35,43,13,13,83,21,11,16,10,17,14,19,13,13,22,51,73,10,52,10,14,8,14,32,8,13,26,12,25,37,28,41,23,19,15,51,12,15,16,16,16,24,18,26,147,25,22,26,15,17,24,28,24,18,21,24,30
CY,Cyprus,,13,11,15,14,14,17,17,13,11,10,13,14,49,14,14,17,14,151,16,154,14,19,11,13,16,13,20,19,13,16,17,152,157,15,15,15,286,13,13,14,153,16,14,14,14,13,10,12,13,17,15,21,21,49,25,14,73,13,16,18,21,20,19,21,25,23,36,21,15,15,15,15,26,16,25,47
CZ,Czechia,,482,471,489,500,525,461,490,489,465,498,480,493,523,526,567,457,513,497,536,505,488,498,448,470,447,440,400,282,249,313,376,395,418,398,433,495,363,410,408,382,401,399,369,395,554,382,409,403,421,406,417,526,436,438,448,439,392,403,423,413,360,411,426,405,436,415,410,387,405,475,388,387,394,454,375,413
DK,Denmark,,397,351,684,607,640,618,566,555,435,586,574,747,396,396,614,650,746,727,509,566,522,460,511,474,476,438,325,296,232,748,292,335,362,342,354,647,383,428,377,589,425,537,577,333,385,383,367,415,379,405,441,402,411,381,409,431,413,490,457,490,520,495,516,576,545,496,520,473,393,500,490,478,526,506,519,489
EE,Estonia,,20,16,16,13,20,21,22,18,17,19,17,14,21,16,28,18,17,30,19,12,20,19,29,17,12,17,17,12,15,11,11,36,31,19,20,14,19,18,24,52,32,32,20,23,25,39,18,21,33,39,45,30,27,80,35,50,36,29,37,25,22,30,28,23,26,34,23,32,24,35,25,20,25,34,31,36
FI,Finland,,163,215,220,178,221,210,206,212,199,187,216,269,222,217,213,208,196,209,201,205,230,208,170,175,196,147,226,137,137,141,159,165,178,176,193,1010,205,174,162,205,159,176,186,167,202,188,205,195,210,237,219,227,269,307,261,194,204,234,898,262,174,199,197,195,212,236,171,189,163,177,201,237,221,190,155,253
FR,France,,2346,2145,2284,2275,2185,2229,2441,2262,2437,2436,2447,2570,2640,2651,3232,2325,2412,2538,2370,2577,2521,2592,2303,2289,1912,2200,1971,1257,1488,1705,1847,1818,2164,2250,2345,2377,1699,1767,1901,1844,1870,1966,2000,2164,2109,2158,2020,2014,2726,2607,2673,2749,2968,2835,2972,2880,2629,2892,3110,3357,3446,3380,3249,3619,3876,3516,3413,3312,3276,3439,3382,3372,3067,3235,3029,3167
DE,Germany,,5862,5644,5424,5953,5912,5943,5684,5573,5098,5598,5761,5500,5946,5809,6039,5371,5436,4842,5323,5462,5562,5626,5075,5283,5009,4948,4884,2890,2967,4300,4816,4890,5216,5916,5668,5900,4229,4764,5138,4740,4925,5069,4906,4867,4897,4781,4827,4727,5039,5217,5438,5996,5659,5289,5806,5710,5368,5731,5703,6950,5970,6248,6131,5646,6343,6489,6299,6066,5547,6402,6344,6265,5951,5755,5844,6789
GR,Greece,,118,66,72,72,129,75,90,101,62,96,79,69,72,79,102,69,71,94,75,76,88,114,85,80,77,82,72,74,94,73,69,76,76,75,82,77,81,75,77,80,81,91,88,82,83,79,92,88,118,120,135,157,128,119,131,163,123,140,125,147,159,140,123,138,157,121,169,142,133,130,178,103,163,159,245,151
HU,Hungary,,251,217,233,246,255,227,213,218,212,250,227,238,259,258,316,208,229,303,236,285,232,261,231,213,204,233,206,158,155,205,276,199,251,246,255,250,178,211,219,205,189,221,217,211,235,196,210,206,210,219,250,248,278,243,259,244,218,238,265,286,269,290,274,270,286,275,267,278,270,284,270,275,297,292,253,376
IE,Ireland,,1113,1042,1104,1052,1122,1095,1170,1096,1182,1236,1274,1145,1140,1122,1184,1168,1190,1068,1190,1130,1123,1385,1096,1059,1100,1093,1092,984,965,1021,1056,1269,1105,1218,1304,1250,1196,975,1194,1234,1280,1427,1393,1120,1316,1116,1382,1345,1407,1275,1711,2050,1687,1662,1405,1775,1247,1684,1620,1534,1641,1631,1793,1591,1781,2304,1684,1525,1414,1423,1443,1318,1541,1663,1761,1747
IT,Italy,,1543,1547,2070,1612,1560,1539,1600,1575,1600,1658,1651,1667,1640,1710,1880,1626,1661,1748,1688,1649,1717,1707,1569,1536,1579,1528,1338,956,1146,1381,1427,1546,1534,1608,1687,1849,1194,1444,1550,1643,1603,1596,1579,1691,1629,1600,1585,1629,1705,1776,2003,2070,2129,2003,2037,1954,1905,1845,2116,1984,1841,1836,2376,1765,1914,1952,1968,1826,1829,2030,1844,1784,1824,2286,1815,2498
LV,Latvia,,43,43,46,63,59,69,69,65,85,91,87,50,62,94,68,72,56,53,61,70,62,61,72,46,62,52,63,59,51,53,56,54,65,77,71,73,68,68,107,82,77,103,114,127,130,105,100,96,118,100,112,120,119,83,77,83,93,74,82,67,74,80,80,61,78,64,69,64,66,60,89,73,92,82,67,63
LT,Lithuania,,91,84,102,65,67,60,58,64,60,70,89,59,74,87,72,79,80,73,66,64,75,76,60,50,57,53,64,47,53,67,75,82,116,108,79,113,94,75,78,90,75,83,89,89,96,91,97,92,126,85,128,104,121,96,115,124,117,161,91,110,96,98,131,90,108,110,102,143,113,122,112,92,97,94,94,100
LU,Luxembourg,,34,31,30,27,32,30,28,32,54,41,38,33,105,62,113,36,30,37,40,33,36,41,37,25,30,32,35,23,23,25,32,30,36,43,38,46,21,23,27,25,27,28,27,30,35,33,32,20,61,50,53,49,52,68,69,41,75,49,62,62,48,46,55,45,86,109,47,57,82,66,48,44,42,33,63,59
MT,Malta,,9,11,9,13,10,6,9,7,13,8,9,5,8,6,9,6,6,8,5,4,17,4,9,3,5,5,5,3,4,4,5,3,4,5,10,5,6,7,11,6,7,10,9,5,6,3,8,3,21,16,39,8,12,23,19,6,11,13,33,24,10,14,21,14,15,21,7,12,10,7,28,7,9,12,9,11
NL,Netherlands,,4407,3584,3556,3605,3523,3563,3454,3596,3435,3498,3644,3523,3828,4129,4552,3320,3094,3523,3532,3411,3473,4071,3229,3174,3085,3035,3331,2802,2814,2866,2931,2830,2977,3121,3419,3422,2571,2560,2562,2615,2701,2709,2855,2705,2929,2917,2904,3050,4178,3927,4462,4702,5061,4384,4978,5119,4404,4979,4719,4869,4323,4869,4705,4825,4579,4497,4277,4354,4280,4247,4298,3929,4083,4117,4191,4202
PL,Poland,,924,899,919,874,876,895,900,925,918,927,923,904,1026,1023,939,882,919,912,964,980,954,978,934,858,993,944,912,728,769,879,917,960,991,1015,1104,1093,878,879,956,1011,981,972,923,945,966,943,989,969,978,992,1015,1049,1124,1079,1103,1054,860,1027,1033,1137,1089,1130,1163,1159,1173,1170,1165,1157,1129,1147,1176,1140,1182,1149,1154,1187
PT,Portugal,,249,263,262,263,257,241,270,233,265,281,261,261,302,311,280,261,280,264,239,242,253,324,224,238,209,234,210,170,136,163,224,201,230,223,253,242,232,234,242,216,208,233,200,240,339,214,305,208,233,207,226,228,339,319,365,356,318,235,289,323,269,283,281,292,330,276,268,274,206,262,312,210,280,323,247,320
RO,Romania,,193,204,265,201,206,211,208,227,207,215,216,240,205,204,186,175,176,170,182,170,183,180,176,165,167,151,146,73,70,98,145,133,150,157,164,138,154,151,188,185,195,194,220,216,173,182,186,213,242,287,268,301,306,254,265,290,310,231,273,307,302,294,323,315,329,339,313,326,339,352,350,319,276,334,368,330
SK,Slovakia,,209,198,179,247,177,169,199,192,173,229,183,194,221,204,202,153,190,182,202,217,212,200,141,154,197,193,168,74,102,132,205,163,194,206,230,223,101,138,196,169,182,194,157,159,184,147,158,157,105,97,123,119,130,126,117,133,110,125,135,136,128,136,123,130,128,125,134,124,120,144,126,129,131,135,102,135
SI,Slovenia,,31,32,31,38,37,35,34,34,47,36,31,34,42,41,42,34,39,36,33,33,34,37,36,32,31,32,36,22,27,29,32,37,34,33,41,46,33,39,42,39,41,48,37,40,38,39,42,43,61,58,62,58,63,57,58,56,61,71,62,70,47,49,50,57,55,62,67,68,62,56,71,53,56,63,51,72
ES,Spain,,1350,1305,1327,1431,1462,1427,1340,1360,1298,1279,1324,1305,1422,1470,1566,1476,1430,1434,1459,1468,1486,1470,1362,1375,1284,1326,1269,943,987,1089,1126,1150,1292,1442,1588,1520,1271,1311,1331,1276,1222,1189,1217,1365,1318,1242,1325,1322,1645,1631,1654,1613,1810,1594,1393,1487,1384,1419,1443,1687,1516,1578,1584,1675,1754,1513,1825,1697,1531,1769,1678,1739,1688,1620,1641,1953
SE,Sweden,,570,544,593,599,624,577,579,636,666,516,676,609,598,567,549,545,510,610,583,551,510,543,482,473,502,505,500,388,335,374,357,374,501,518,564,643,458,525,550,500,501,539,545,564,609,568,528,554,565,736,681,698,829,667,794,617,486,534,650,749,676,649,652,693,652,600,624,628,593,658,614,627,634,594,607,639
B5,Total EU27 [note 2],,22921,21397,22527,22084,23223,22256,22128,21858,21752,22681,22843,22223,23430,23936,25558,21107,21394,22129,22294,22604,22689,24283,20422,20270,20164,19907,19388,13695,14104,17540,18705,19128,20672,22050,22817,24922,17797,18530,19241,19343,19392,20327,20331,19910,20955,20212,20621,20764,23491,23122,24763,25829,27059,25317,26158,26097,23683,25887,27024,28216,25989,26606,27351,25887,27385,27782,26785,26327,24938,27187,26522,25603,25599,25853,25088,27709
AF,Afghanistan,,0,0,0,0,0,0,0,0,0,0,0,0,0,0,0,0,0,0,0,0,1,1,0,0,1,0,0,0,0,0,0,0,0,0,1,1,1,0,0,0,0,0,0,0,0,0,0,0,0,0,0,0,0,0,0,0,0,0,0,0,0,0,0,0,0,0,0,0,0,0,0,0,0,0,0,0
AL,Albania,,0,0,0,1,1,1,1,0,0,1,0,1,0,0,1,1,1,1,0,0,1,1,0,0,1,0,2,2,1,0,1,0,0,1,0,0,0,0,0,1,1,1,2,1,1,1,1,1,1,1,1,1,1,2,1,1,1,1,2,1,5,5,1,1,1,4,3,2,1,1,1,1,1,1,1,1
DZ,Algeria,,131,120,82,117,160,141,371,276,144,108,411,178,302,60,224,146,248,217,175,47,221,260,53,78,48,134,100,2,35,27,25,23,5,1,41,44,38,1,32,30,49,125,63,15,78,270,75,301,150,203,133,470,142,39,46,67,176,156,21,235,187,186,138,16,220,57,47,145,277,100,128,163,111,35,90,118
AS,American Samoa,,0,0,0,0,0,0,0,0,0,0,0,0,0,0,0,0,0,0,0,0,0,0,0,0,0,0,0,0,0,0,0,0,0,0,0,0,0,0,0,0,0,0,0,0,0,0,0,0,0,0,0,0,0,0,0,0,0,0,0,0,0,0,0,0,0,0,0,0,0,0,0,0,0,0,0,0
AD,Andorra,,0,2,0,0,0,0,0,0,0,0,0,0,0,0,0,0,0,0,0,0,0,0,0,0,0,0,0,0,0,0,0,0,0,0,0,0,0,1,1,1,0,1,1,0,0,0,0,0,0,0,0,0,1,1,1,1,0,0,0,0,0,0,0,0,0,0,0,0,0,0,0,0,0,0,0,0
AO,Angola,,1,10,22,1,6,0,1,1,1,42,0,4,2,1,1,8,24,2,1,1,0,1,1,8,1,0,3,0,0,3,1,0,0,1,1,2,1,3,2,1,1,2,2,1,2,2,2,3,2,152,170,264,2,172,97,80,0,91,88,95,306,92,157,2,31,1,5,2,39,1,0,1,160,71,75,3
AI,Anguilla,,0,0,0,0,0,0,0,0,0,0,0,0,0,0,0,0,0,0,0,0,0,0,0,0,1,0,0,0,0,0,0,0,0,0,0,0,0,0,0,0,0,0,0,0,1,0,0,0,1,0,0,0,0,0,0,0,0,0,0,0,0,0,0,0,0,0,0,0,0,0,0,0,0,0,0,0
AQ,Antarctica,,0,0,0,0,0,0,0,0,0,0,0,0,0,0,0,0,0,0,0,0,0,0,0,0,0,0,0,0,0,0,0,0,0,0,0,0,0,0,0,0,0,0,0,0,0,0,0,0,0,0,0,0,0,0,0,0,0,0,0,0,0,0,0,0,0,0,0,0,0,0,0,0,0,0,0,0
AG,Antigua and Barbuda,,0,0,0,0,0,3,0,0,0,1,0,0,0,0,0,0,1,1,0,0,0,1,0,0,0,0,0,7,0,10,0,0,0,0,0,0,0,0,1,0,0,0,0,0,0,0,0,0,0,0,0,0,114,1,0,0,1,0,0,0,0,0,1,0,0,0,0,0,0,0,0,0,0,0,0,0
AR,Argentina,,65,72,77,37,54,52,71,26,57,53,68,25,98,23,50,51,72,43,45,75,62,58,82,37,69,60,61,54,49,86,65,67,58,85,68,72,46,77,64,74,72,45,98,54,96,35,43,98,57,49,83,70,84,99,75,70,75,53,107,63,104,74,67,82,66,50,60,61,76,89,72,39,75,80,32,81
AM,Armenia,,0,0,0,1,0,0,0,0,0,0,0,0,0,0,0,0,0,0,0,0,0,0,0,0,0,0,0,0,0,0,0,0,0,0,0,0,0,0,5,0,0,0,0,0,0,0,0,0,1,0,0,1,0,0,0,1,0,1,0,1,1,0,1,0,0,0,0,0,0,0,0,0,0,0,0,0
AW,Aruba,,0,0,0,0,0,0,0,0,0,0,0,0,0,0,0,0,0,0,0,0,0,0,0,0,0,0,0,0,0,0,0,0,0,0,0,0,0,0,0,0,0,0,0,0,0,0,0,0,0,0,0,0,0,0,0,0,0,0,0,0,0,0,0,0,0,0,0,0,0,0,0,0,0,0,0,0
AU,Australia,,190,143,191,178,159,137,187,220,166,172,232,220,581,401,414,706,211,204,174,212,526,229,184,177,122,358,169,130,143,141,196,108,198,184,500,626,639,128,167,188,209,237,162,141,165,163,181,173,154,155,190,108,203,161,194,138,216,218,179,172,141,172,142,173,150,181,137,202,155,171,241,137,107,161,114,179
AZ,Azerbaijan,,3,53,4,35,5,90,12,30,2,19,1,39,1,82,16,5,5,3,60,2,7,3,15,9,3,1,17,2,2,1,20,26,25,6,2,16,2,17,3,33,34,34,1,55,1,18,3,44,41,2,2,2,60,78,73,6,26,7,8,53,2,14,9,0,99,2,51,3,50,55,3,1,3,1,2,4
BS,The Bahamas,,0,1,1,0,1,0,0,1,0,1,1,1,2,0,0,0,1,0,1,0,0,0,0,1,1,0,1,0,1,0,0,0,0,0,0,1,0,0,0,8,0,0,0,1,1,0,2,2,0,1,0,1,0,1,1,1,0,1,0,0,0,0,0,0,0,0,0,0,0,0,0,0,0,0,0,0
BH,Bahrain,,21,3,28,2,6,50,6,71,119,12,5,17,51,32,5,2,17,84,32,34,3,24,6,42,60,11,18,9,17,4,1,2,17,2,2,2,2,4,4,3,9,1,4,3,6,7,1,3,4,55,6,92,2,9,66,5,2,2,182,27,3,62,6,8,7,5,3,3,4,1,2,62,6,16,9,22
BD,Bangladesh,,217,215,224,224,209,237,239,226,228,246,273,251,240,266,232,272,282,245,274,246,268,268,234,259,261,235,298,210,82,95,182,214,208,233,207,171,113,200,183,227,187,182,197,187,197,178,297,217,247,236,263,253,330,295,266,315,322,336,359,325,225,240,239,221,224,194,218,229,199,205,195,144,171,174,189,227
BB,Barbados,,1,1,1,1,1,1,1,0,1,1,1,1,1,1,1,1,1,1,1,1,1,0,1,0,1,1,1,0,1,2,0,0,0,0,1,0,0,0,1,0,0,0,0,0,0,0,0,0,0,0,0,0,1,0,0,1,0,1,0,0,0,1,1,0,1,0,0,1,0,0,0,0,0,0,0,0
BY,Belarus,,19,21,23,17,21,18,17,17,20,25,19,19,12,17,18,23,13,13,24,18,16,16,18,15,40,45,46,42,38,39,42,44,45,38,41,50,44,44,46,50,46,51,48,51,49,46,46,45,16,17,17,15,15,14,14,14,14,14,14,14,14,14,14,14,14,14,14,14,14,14,14,14,14,14,14,14
BZ,Belize,,2,3,12,6,4,13,9,3,2,12,3,4,3,7,7,3,15,4,7,13,3,10,3,3,3,3,3,11,5,4,4,6,3,8,4,3,3,2,3,5,6,4,4,3,6,5,5,6,3,3,2,6,5,5,6,4,4,4,5,3,2,1,3,3,3,4,5,16,3,4,3,3,4,3,3,5
BJ,Benin,,0,0,0,0,0,0,0,0,1,0,0,0,0,0,0,0,0,0,1,0,0,0,0,0,0,0,0,0,0,0,0,0,0,0,0,0,0,0,0,0,0,0,0,0,0,0,0,0,0,0,0,0,0,0,0,0,0,0,0,0,0,0,0,0,0,0,0,0,0,0,0,0,0,0,0,0
BM,Bermuda,,0,13,0,0,0,0,18,0,1,0,0,1,0,1,0,0,3,0,0,0,0,0,0,0,0,0,0,0,0,0,0,0,0,74,0,0,0,0,0,0,0,0,0,0,0,0,46,0,111,0,0,13,27,0,74,86,42,0,0,0,0,2,36,0,0,0,0,0,0,0,0,0,0,0,27,1
BT,Bhutan,,0,0,0,0,0,0,0,6,0,0,0,0,0,0,0,0,0,0,0,0,0,0,0,0,0,0,0,0,0,0,0,0,0,0,0,0,0,0,0,0,0,0,0,0,0,0,0,0,0,0,0,0,0,0,0,0,0,0,0,0,0,0,0,0,0,0,0,0,0,0,0,0,0,0,0,0
BO,Bolivia,,0,1,1,1,2,2,1,3,2,2,2,2,2,3,1,1,3,1,5,2,1,2,2,1,1,2,1,1,2,1,1,2,0,1,1,1,0,0,0,1,0,4,1,1,2,1,1,2,0,0,1,1,1,0,1,3,1,1,1,1,0,1,0,1,0,1,1,1,1,0,1,1,0,0,0,0
BQ,"Bonaire, Sint Eustatius & Saba",,0,0,0,0,0,0,0,0,0,0,0,0,0,0,0,0,0,0,0,0,0,0,0,0,0,0,0,0,0,0,0,0,0,0,0,0,0,0,0,0,0,0,0,0,0,0,0,0,0,0,0,0,0,0,0,0,0,0,0,0,0,0,0,0,0,0,0,0,0,0,0,0,0,0,0,0
BA,Bosnia and Herzegovina,,2,2,2,2,1,2,2,2,1,2,2,1,1,1,1,1,2,1,1,1,2,2,1,1,1,2,1,1,1,1,2,2,2,2,2,2,1,3,2,2,2,2,3,2,3,2,2,2,2,2,3,2,2,3,3,3,3,3,4,3,3,3,4,3,4,3,3,5,2,6,3,3,3,3,3,3
BW,Botswana,,1,2,2,1,1,0,1,1,1,1,1,1,0,0,0,0,0,0,0,0,0,0,0,0,0,0,0,0,0,0,0,0,0,0,0,0,0,0,0,0,0,0,0,0,0,0,0,0,0,0,0,0,0,0,0,0,0,0,0,0,0,0,0,0,0,0,0,0,0,0,0,0,0,0,0,0
BV,Bouvet Island,,0,0,0,0,0,0,0,0,0,0,0,0,0,0,0,0,0,0,0,0,0,0,0,0,0,0,0,0,0,0,0,0,0,0,0,0,0,0,0,0,0,0,0,0,0,0,0,0,0,0,0,0,0,0,0,0,0,0,0,0,0,0,0,0,0,0,0,0,0,0,0,0,0,0,0,0
BR,Brazil,,259,154,213,233,209,192,180,218,214,262,215,250,249,294,221,234,229,250,231,232,245,224,233,149,183,209,181,178,284,228,129,199,199,178,232,254,125,215,217,640,119,178,214,209,176,203,175,204,215,206,226,258,735,253,267,268,299,287,265,262,307,278,310,271,316,276,292,286,296,288,260,237,228,210,242,270
IO,British Indian Ocean Territory,,0,0,0,0,0,0,0,0,0,0,0,0,0,0,0,0,0,0,0,0,0,0,0,0,0,0,0,0,0,0,0,0,0,0,0,0,0,0,0,0,0,0,0,0,0,0,0,0,0,0,0,0,0,0,0,0,0,0,0,0,0,0,0,0,0,0,0,0,0,0,0,0,0,0,0,0
VG,British Virgin Islands,,1,1,1,1,1,1,1,1,1,1,1,1,1,117,1,1,1,1,1,1,0,1,0,0,0,1,13,0,1,0,1,1,0,0,0,0,0,0,0,0,0,1,0,0,1,15,1,1,0,1,0,0,0,0,0,0,1,0,1,0,0,0,0,0,0,0,0,0,0,0,0,0,0,0,0,0
BN,Brunei,,3,1,1,0,106,0,0,0,2,1,0,0,0,1,0,1,1,0,1,2,0,0,0,1,1,1,0,0,0,0,0,0,0,0,0,0,1,0,0,0,13,0,1,0,0,0,0,0,0,0,18,2,0,2,0,3,1,2,1,1,0,0,0,0,0,0,0,0,0,0,0,0,0,0,1,0
BF,Burkina Faso,,0,0,0,0,0,1,2,1,1,0,0,0,0,0,0,0,0,0,1,0,0,0,0,0,0,0,0,0,0,0,1,1,0,0,0,0,0,0,0,0,0,0,0,1,0,0,0,1,0,0,0,0,0,1,0,0,0,1,0,0,0,0,0,0,0,0,0,0,0,0,0,0,0,0,0,0
BI,Burundi,,0,0,0,0,0,0,0,0,0,0,0,0,0,0,0,0,0,0,0,0,0,0,0,0,0,0,0,0,0,0,0,0,0,0,0,0,0,0,0,0,0,0,0,0,0,0,0,0,0,0,0,0,0,0,0,0,0,0,0,0,0,0,0,0,0,0,0,0,0,0,0,0,0,0,0,0
KH,Cambodia,,74,78,65,72,65,78,75,72,72,74,88,75,80,75,76,68,68,66,72,77,73,69,72,83,69,55,78,50,41,47,58,62,61,68,41,40,37,53,44,50,43,31,35,33,42,39,59,42,54,52,60,67,71,79,64,62,55,69,72,69,46,52,53,33,46,58,46,57,50,43,44,40,53,55,45,60
CM,Cameroon,,2,3,3,4,5,4,4,5,5,4,5,3,4,6,4,4,6,5,7,6,4,5,4,3,4,6,3,3,3,2,4,4,4,5,3,3,3,5,3,6,3,4,5,5,5,5,4,5,6,6,5,5,65,5,8,6,5,9,7,3,8,4,7,5,104,6,4,3,5,4,5,4,3,2,5,79
CA,Canada,,375,448,645,821,465,493,504,555,584,381,486,633,1285,951,1745,1239,362,348,311,374,678,382,330,352,324,685,350,242,207,239,239,247,309,350,796,1224,1369,1240,563,336,294,325,675,462,281,396,376,428,1176,1048,680,430,1043,692,387,611,450,455,278,420,577,297,492,486,505,489,442,375,350,578,335,367,441,297,482,1022
CV,Cape Verde,,0,0,0,0,0,0,0,0,0,0,0,0,1,0,0,0,0,0,0,0,0,0,0,1,0,0,0,0,0,0,0,0,0,0,0,1,0,0,0,0,0,0,0,0,0,0,0,0,0,0,0,0,0,0,0,0,0,0,0,0,0,0,0,0,0,0,0,0,0,0,0,0,0,0,0,0
KY,Cayman Islands,,0,0,0,0,0,0,0,0,0,11,0,0,0,0,0,17,0,0,6,0,0,0,0,0,1,0,0,0,0,0,0,0,0,0,0,0,0,0,0,0,0,0,0,0,0,0,0,0,0,0,0,0,0,0,0,0,0,0,0,0,0,41,0,0,0,0,0,0,1,132,134,0,0,0,0,0
CF,Central African Republic,,0,0,0,0,0,0,0,0,0,0,0,0,0,0,0,0,0,0,0,0,0,0,0,0,0,0,0,0,0,0,0,0,0,0,0,0,0,0,0,0,0,0,0,0,0,0,0,0,0,0,0,0,0,0,0,0,0,0,0,0,0,0,0,0,0,0,0,0,0,0,0,0,0,0,0,0
TD,Chad,,0,0,0,0,0,0,0,0,0,0,0,0,0,0,0,0,0,0,0,0,0,0,0,0,0,0,0,0,0,0,0,0,0,0,0,0,0,0,0,0,0,0,0,0,0,0,0,0,0,0,0,0,0,0,0,0,0,0,0,0,0,0,0,0,0,0,0,0,0,0,0,0,0,0,0,0
CL,Chile,,50,63,53,70,93,141,128,117,49,82,53,61,103,115,86,54,66,66,53,56,56,70,75,66,52,48,56,56,42,50,52,43,47,39,38,28,45,49,37,39,49,41,40,30,39,36,45,55,70,40,51,48,51,43,55,78,63,124,33,29,44,43,33,34,40,39,36,41,36,34,36,34,44,48,41,45
CN,China,,3399,3291,3524,3349,3471,3557,3971,3881,3691,4028,4101,3882,4379,4130,4082,4088,4293,3983,4143,4020,3800,4482,3682,3492,3949,3477,2739,3981,4419,4537,5073,4787,5304,5762,5559,5556,4591,5747,5748,5710,5218,5377,5145,5255,5501,4704,5538,5859,6138,6005,6442,5520,5903,6251,5640,6048,5896,5381,5955,5714,4898,5619,4250,5241,5243,4742,4713,4676,4087,4607,4033,4046,3915,3886,4559,4528
CX,Christmas Island,,0,0,0,0,0,0,0,0,0,0,0,0,0,0,0,0,0,0,0,0,0,0,0,0,0,0,0,0,0,0,0,0,0,0,0,0,0,0,0,0,0,0,1,0,0,0,0,0,0,0,1,0,0,0,0,0,0,0,0,0,0,0,0,0,0,0,0,0,0,0,0,0,0,0,0,0
CC,Cocos Islands,,0,0,0,0,0,0,0,0,0,0,0,0,0,0,0,0,0,0,0,0,0,0,0,0,0,0,0,0,0,0,0,0,0,0,0,0,0,0,0,0,0,0,0,0,0,0,0,0,0,0,0,0,0,0,0,0,0,0,0,0,0,0,0,0,0,0,0,0,0,0,0,0,0,0,0,0
CO,Colombia,,30,42,32,36,52,27,46,39,24,59,30,29,57,50,41,34,32,28,32,53,35,48,38,32,41,42,48,30,37,32,27,21,28,37,30,26,36,30,51,38,22,26,33,24,57,34,44,39,71,31,44,48,43,37,65,57,44,43,71,41,35,32,36,60,43,29,45,50,33,54,46,55,38,42,49,35
KM,Comoros,,0,0,0,0,0,0,0,0,0,0,0,0,0,0,0,0,0,0,0,0,0,0,0,0,0,0,0,0,0,0,0,0,0,0,0,0,0,0,0,0,0,0,0,0,0,0,0,0,0,0,0,0,0,0,0,0,0,0,0,0,0,0,0,0,0,0,0,0,0,0,0,0,0,0,0,0
CD,Congo (Democratic Republic),,0,0,0,0,0,0,0,0,0,0,0,0,1,1,0,0,0,1,0,0,0,0,0,0,1,0,0,0,0,0,0,0,0,0,0,0,0,0,0,0,0,0,1,0,0,0,0,0,54,56,0,0,0,0,93,0,0,0,0,0,1,0,0,0,0,1,0,0,0,0,0,0,0,0,0,0
CG,Congo,,2,3,0,5,3,3,1,1,1,1,3,1,1,3,2,1,2,2,1,0,1,1,3,1,1,1,1,0,0,0,0,33,0,0,0,2,0,0,1,0,0,0,1,0,1,1,0,0,0,0,2,1,1,1,1,1,0,3,3,1,1,66,0,0,1,1,63,1,0,0,1,0,1,0,1,1
CK,Cook Islands,,0,0,0,0,0,0,0,0,0,0,0,0,0,0,0,0,0,0,0,0,0,0,0,0,0,0,0,0,0,0,0,0,0,0,0,0,0,0,0,0,0,0,0,0,0,0,0,0,0,0,0,0,0,0,0,0,0,0,0,0,0,0,0,0,0,0,0,0,0,0,0,0,0,0,0,0
CR,Costa Rica,,20,19,20,19,19,24,18,22,19,23,20,20,21,24,24,22,24,22,19,28,23,23,21,21,21,22,20,20,18,23,21,20,20,19,21,21,19,18,20,19,17,16,19,17,19,18,18,19,18,17,19,19,27,32,22,25,22,24,23,25,26,16,25,50,26,27,29,25,23,24,25,20,25,32,26,20
CU,Cuba,,1,0,0,1,1,1,1,1,1,1,0,0,1,1,0,0,1,1,1,1,1,1,0,0,0,1,3,0,0,0,0,1,0,0,0,0,0,0,0,0,0,1,0,0,1,1,0,1,1,0,1,0,0,0,1,1,1,0,0,2,1,1,1,0,1,1,1,1,1,1,1,0,1,1,1,0
CW,Curacao,,0,0,0,0,0,0,0,0,0,0,0,0,0,0,0,0,0,0,0,0,0,0,0,1,0,0,0,0,0,0,0,0,0,0,0,0,0,0,0,0,0,0,0,0,0,0,0,0,0,0,0,0,0,0,0,9,0,0,2,0,0,0,0,0,0,0,0,0,0,0,0,0,0,0,0,0
DJ,Djibouti,,0,0,0,1,2,1,1,2,1,1,1,1,1,1,1,2,2,1,1,1,1,1,1,3,0,1,0,1,1,0,1,1,1,1,1,0,0,1,1,1,1,2,1,1,2,1,2,0,0,1,0,1,0,1,2,1,1,1,1,0,0,1,1,2,3,2,3,1,1,1,1,1,0,0,0,1
DM,Dominica,,0,0,0,0,0,0,0,0,0,0,0,0,0,0,0,0,0,0,0,0,0,0,0,0,0,0,0,0,0,0,0,0,0,0,0,0,0,0,0,0,0,0,0,0,0,0,0,0,0,0,0,0,0,1,0,0,0,0,0,0,0,0,0,0,0,0,0,0,0,0,0,0,0,0,0,0
DO,Dominican Republic,,9,8,9,9,9,10,11,9,9,8,9,8,10,8,9,8,12,11,9,10,10,10,10,7,9,7,9,8,10,10,10,9,7,9,10,8,9,7,7,8,7,7,8,6,8,7,7,10,7,7,6,7,8,8,11,8,8,8,8,7,7,6,7,7,9,11,11,8,7,6,6,5,6,5,6,8
TL,East Timor,,0,0,0,0,0,0,0,0,0,0,0,0,0,0,0,0,0,0,0,0,0,0,0,0,0,0,0,0,0,0,0,0,0,0,0,0,0,0,0,0,0,0,0,0,0,0,0,0,0,0,0,0,0,0,0,0,0,0,0,0,0,0,0,0,0,0,0,0,0,0,0,0,0,0,0,0
EC,Ecuador,,14,9,10,11,13,14,15,16,13,12,17,12,15,9,9,10,12,13,16,13,13,14,10,9,13,9,14,13,9,10,23,16,19,22,17,16,17,13,21,17,19,17,27,17,19,15,14,17,18,11,18,17,25,16,21,16,18,20,16,18,21,14,15,20,26,20,21,21,20,25,22,14,19,17,18,24
EG,Egypt,,77,65,69,64,81,69,63,86,56,68,85,55,57,60,54,56,97,85,125,53,58,96,99,62,64,98,65,47,36,65,77,75,48,57,64,78,64,91,64,75,92,80,87,53,55,90,100,77,106,71,193,144,99,138,178,145,175,112,202,138,110,125,172,98,93,128,97,103,100,93,113,72,137,149,102,87
SV,El Salvador,,0,0,1,1,6,1,1,1,1,1,1,0,3,0,1,1,1,1,1,1,0,1,3,1,1,0,0,3,1,1,0,1,2,1,0,0,0,0,0,4,1,1,1,1,1,0,0,0,0,0,1,4,1,2,2,2,1,3,0,2,1,2,1,6,2,2,2,2,2,1,1,0,1,1,1,0
GQ,Equatorial Guinea,,0,0,0,0,0,0,3,0,0,0,0,20,0,20,0,0,2,0,0,0,0,0,0,12,13,0,0,1,0,0,0,0,1,0,0,0,0,0,1,0,0,0,0,0,3,0,0,0,0,0,0,0,0,0,0,0,0,0,0,0,1,0,0,0,0,1,0,1,0,5,0,0,0,0,1,0
ER,Eritrea,,0,0,0,0,0,0,0,0,0,0,0,0,0,0,0,0,0,0,0,0,0,0,0,0,0,0,0,0,0,0,0,0,0,0,0,0,0,0,0,0,0,0,0,0,0,0,0,0,0,0,0,0,0,0,0,0,0,4,0,0,0,0,0,0,0,0,0,0,0,0,0,0,0,0,0,0
SZ,Eswatini,,6,0,0,0,0,1,1,1,1,0,0,0,0,0,0,0,0,1,0,1,0,0,0,0,0,10,0,0,0,0,11,0,1,2,1,2,9,0,3,1,0,0,2,1,1,4,1,2,3,3,0,2,1,1,1,1,1,1,1,1,0,0,0,0,0,0,0,1,0,0,0,0,0,0,0,20
ET,Ethiopia,,3,5,4,37,3,3,24,4,40,6,26,25,3,18,27,50,80,24,26,5,28,5,40,28,38,16,50,47,3,2,3,50,3,56,43,21,43,33,3,26,27,21,18,10,4,22,20,3,39,20,19,3,62,52,6,6,6,4,4,4,28,3,3,3,30,13,30,3,5,4,30,36,37,32,4,5
FK,Falkland Islands,,1,0,1,1,1,1,1,1,0,0,0,1,1,0,0,0,0,2,1,1,0,0,1,0,0,0,0,1,0,0,1,0,0,0,0,0,1,0,0,0,3,0,0,0,1,0,0,0,0,0,0,0,1,0,1,2,0,2,0,0,0,0,1,0,0,0,0,0,0,6,0,1,1,0,0,1
FO,Faroe Islands,,14,14,19,15,16,25,13,11,18,21,23,22,25,26,22,19,22,19,16,15,28,23,18,25,25,12,20,16,17,18,14,21,15,13,16,16,16,11,19,20,18,18,21,15,21,19,24,20,23,22,37,26,35,26,26,31,25,18,29,22,24,13,13,21,17,18,22,33,20,22,30,16,31,25,20,35
FJ,Fiji,,1,1,1,1,0,0,1,1,1,0,4,0,1,0,1,0,0,0,1,0,10,0,7,0,0,0,0,0,0,0,0,0,9,0,8,8,0,0,0,0,0,0,0,0,0,0,0,0,1,0,0,1,0,0,0,0,0,0,0,0,0,0,0,0,1,1,0,1,0,1,24,1,1,0,0,0
PF,French Polynesia,,0,0,0,0,0,0,0,0,0,0,0,0,0,0,0,0,0,0,0,0,0,0,0,0,0,0,0,0,0,0,0,0,0,0,0,0,0,0,0,0,0,0,0,0,0,0,0,0,0,0,0,0,0,1,0,0,0,0,0,0,0,0,0,0,0,0,0,0,0,0,0,0,0,0,0,0
TF,French Southern Territories,,0,0,0,0,0,0,0,0,0,0,0,0,0,0,0,0,0,0,0,0,0,0,0,0,0,0,0,0,0,0,0,0,0,0,0,0,0,0,0,0,0,0,0,0,0,0,0,0,0,0,0,0,0,0,0,0,0,0,0,0,0,0,0,0,0,0,0,0,0,0,0,0,0,0,0,0
GA,Gabon,,0,0,0,0,0,0,1,2,0,0,0,0,3,0,0,0,0,0,0,0,0,0,0,0,2,0,1,0,0,0,1,0,11,0,0,0,1,0,0,0,0,0,0,34,1,0,0,2,2,0,0,1,1,1,1,0,1,1,2,1,1,0,0,1,0,0,0,0,16,21,22,0,0,0,17,9
GM,The Gambia,,0,0,0,0,1,1,0,0,0,0,0,0,0,0,0,0,1,1,1,0,0,0,0,0,0,0,0,0,1,1,0,0,0,0,0,0,0,0,0,0,0,1,1,0,0,0,0,0,0,0,0,0,0,0,0,0,0,0,0,0,0,1,0,0,0,1,0,0,0,0,0,0,1,1,0,0
GE,Georgia,,1,1,1,1,1,1,3,1,1,1,1,1,2,1,2,1,2,1,1,4,1,3,1,1,1,1,1,0,1,0,2,5,1,0,1,1,3,6,4,1,2,1,2,7,1,1,4,3,2,1,1,27,2,2,1,4,4,13,10,1,10,1,1,1,10,1,1,1,3,1,1,0,0,32,1,2
GH,Ghana,,19,21,17,60,12,20,76,20,130,16,31,12,15,49,62,18,17,11,15,13,13,14,56,11,24,22,15,22,8,12,15,9,10,16,9,13,17,8,14,14,13,10,13,11,12,10,10,9,16,8,13,13,13,15,105,13,15,180,10,250,81,8,14,17,11,14,12,12,85,13,10,13,14,15,13,17
GI,Gibraltar,,0,3,0,3,2,0,0,0,0,4,2,1,1,0,0,0,0,1,1,0,0,0,1,1,3,0,0,30,13,1,0,1,11,4,1,1,0,7,0,0,0,0,1,0,0,0,0,0,0,2,1,0,0,1,1,2,0,0,1,1,0,0,1,0,0,1,1,0,0,0,0,0,0,0,0,0
GL,Greenland,,0,0,0,0,0,0,0,0,0,0,0,0,0,0,0,0,0,2,0,0,0,0,0,0,0,0,0,0,0,0,0,0,0,0,0,0,0,0,0,1,1,0,0,0,0,0,0,0,0,0,0,0,0,0,0,0,0,0,0,0,0,0,0,0,0,0,0,0,0,0,0,0,0,0,0,1
GD,Grenada,,0,0,0,0,0,0,0,0,0,0,0,0,0,0,0,0,0,0,0,0,0,0,0,0,0,0,0,0,0,0,0,0,0,0,0,0,0,0,0,0,0,0,0,0,0,0,0,0,0,0,0,0,0,0,0,0,0,0,0,0,0,0,0,0,0,0,0,0,0,0,0,0,0,0,0,0
GU,Guam,,0,0,0,0,0,0,0,0,0,0,0,0,0,0,0,0,0,0,0,0,0,0,0,0,0,0,0,0,0,0,0,0,0,0,0,0,0,0,0,0,0,0,0,0,0,1,0,0,0,0,0,0,0,0,0,0,0,0,0,0,0,0,0,0,0,0,0,0,0,0,0,0,0,0,0,0
GT,Guatemala,,9,7,7,8,5,7,8,7,5,5,7,6,11,9,14,8,13,5,7,6,6,5,4,5,9,10,9,12,8,5,5,5,8,9,5,4,7,7,14,8,6,5,7,6,5,5,7,5,6,5,15,8,6,5,6,6,7,3,7,6,7,4,8,12,7,10,9,11,8,7,6,5,6,6,7,7
GG,Guernsey,,22,21,19,19,20,21,22,21,18,19,19,18,37,36,38,31,29,27,29,39,31,30,30,30,34,38,30,12,12,15,17,16,25,20,27,24,19,21,23,19,20,20,24,26,26,28,24,24,35,35,38,31,32,30,29,32,26,30,40,34,9,9,9,36,36,35,1,1,1,0,0,0,19,19,18,16
GN,Guinea,,0,0,0,0,0,0,0,0,0,0,0,1,0,0,0,0,0,0,0,0,0,0,0,0,0,0,0,0,0,0,0,0,0,0,0,0,0,0,0,0,0,0,0,0,0,0,0,0,0,0,0,0,0,0,0,0,0,0,0,0,0,0,0,0,0,0,0,0,0,0,1,0,0,0,0,0
GW,Guinea Bissau,,0,0,0,0,0,0,0,0,0,0,0,0,0,0,0,0,0,0,0,0,0,0,0,0,0,0,0,0,0,0,0,0,0,0,0,0,0,0,0,0,0,0,0,0,0,0,0,0,0,0,0,0,0,0,0,0,0,0,0,0,0,0,0,0,0,0,0,0,0,0,0,0,0,0,0,0
GY,Guyana,,6,1,1,2,3,3,1,1,3,3,2,4,1,2,5,1,1,6,2,3,1,3,5,5,1,2,2,7,1,3,5,1,1,1,2,4,1,1,0,2,4,1,4,5,1,1,2,1,5,0,2,2,63,194,3,177,125,52,1,54,54,66,76,49,2,59,1,108,1,2,2,2,55,59,107,64
HT,Haiti,,1,0,1,0,0,0,0,0,0,1,0,0,0,0,0,0,1,1,1,1,1,2,0,0,0,1,0,1,0,0,0,0,0,0,0,0,0,0,0,0,0,4,0,0,0,0,0,0,0,0,0,0,0,0,0,0,0,0,0,0,0,0,0,0,0,0,0,0,0,0,0,0,0,0,0,0
HM,Heard and McDonald Islands,,0,0,0,0,0,0,0,0,0,0,0,0,0,0,0,0,0,0,0,0,0,0,0,0,0,0,0,0,0,0,0,0,0,0,0,0,0,0,0,0,0,0,0,0,0,0,0,0,0,0,0,0,0,0,0,0,0,0,0,0,0,0,0,0,0,0,0,0,0,0,0,0,0,0,0,0
HN,Honduras,,12,14,7,21,7,10,7,11,7,8,13,11,10,10,13,9,14,10,12,12,12,11,10,8,9,9,14,13,11,11,8,7,11,10,7,5,9,9,9,9,11,10,12,9,10,10,15,9,10,12,9,18,8,9,14,15,15,15,15,16,8,11,11,11,11,11,11,13,12,10,9,7,10,9,12,8
HK,Hong Kong,,536,574,571,645,581,632,588,547,561,624,635,576,706,641,764,576,565,527,573,587,620,585,575,563,552,558,536,594,586,583,672,600,806,759,670,991,736,722,691,610,675,697,534,608,578,601,643,680,624,561,639,619,590,574,419,456,424,428,449,389,427,439,394,419,458,387,436,363,365,374,284,334,278,311,372,363
IS,Iceland,,38,38,40,38,39,45,41,39,42,38,44,45,45,46,43,42,43,39,42,40,38,35,38,37,38,45,41,28,36,32,35,45,39,38,42,40,26,34,37,39,41,39,39,42,40,44,35,33,54,48,41,49,47,61,42,31,40,38,70,45,40,34,49,47,45,37,50,41,59,49,44,39,51,47,51,50
IN,India,,786,649,590,601,608,609,666,628,694,620,673,640,772,647,665,649,743,697,858,738,607,726,657,687,675,626,634,346,205,432,457,518,528,613,570,567,580,645,660,764,607,649,676,624,739,731,848,884,776,926,944,978,1005,1000,904,1034,798,864,820,1053,902,809,643,772,752,815,869,879,911,961,635,781,646,751,623,1078
ID,Indonesia,,91,97,95,97,103,95,89,100,100,102,107,108,109,102,105,107,94,102,111,104,103,110,99,96,105,119,132,87,71,69,79,87,86,80,80,92,88,87,84,104,97,108,86,100,104,100,133,112,120,107,125,133,131,138,146,142,110,153,159,131,97,108,94,79,92,82,91,87,96,97,73,82,79,84,91,100
IR,Iran,,1,2,4,4,3,5,1,1,1,2,1,2,1,1,1,1,1,1,7,1,1,1,1,1,1,1,1,0,0,1,1,1,1,1,1,1,1,2,1,1,1,1,1,1,2,1,2,1,2,1,2,2,2,1,1,1,1,2,1,1,1,2,2,2,1,1,1,2,1,1,1,1,1,1,2,1
IQ,Iraq,,0,0,0,1,0,0,0,0,0,0,1,0,0,0,0,0,0,0,0,0,0,0,1,0,0,0,36,1,0,0,0,0,0,0,0,0,0,0,2,0,0,0,0,0,0,0,0,0,0,0,0,0,0,0,0,0,0,1,0,2,1,3,0,0,0,0,0,1,0,0,0,0,0,0,0,1
IM,Isle of Man,,0,0,0,0,0,0,0,0,0,0,0,0,0,0,0,0,0,0,0,0,0,0,0,0,0,0,0,0,0,0,0,0,0,0,0,0,0,0,0,0,0,0,0,0,0,13,15,15,14,11,15,19,24,27,0,0,0,0,0,0,0,0,0,0,0,0,0,0,0,0,0,0,0,0,0,0
IL,Israel,,97,103,102,87,88,97,98,122,72,96,84,83,123,128,123,94,75,84,89,117,130,88,119,81,145,146,95,114,111,171,118,73,137,95,109,118,84,82,99,158,138,122,129,94,100,300,204,169,160,180,190,419,187,230,142,354,229,75,229,201,121,124,138,245,120,198,107,113,138,108,122,117,100,159,105,105
CI,Ivory Coast,,5,7,8,20,33,9,12,16,27,18,26,14,14,21,13,16,14,24,19,20,20,35,13,22,20,23,24,21,16,13,40,16,16,31,57,41,42,33,29,18,23,7,77,19,103,7,5,9,18,10,15,20,46,131,10,11,8,11,15,9,13,47,62,24,21,24,26,30,31,26,97,25,25,20,21,34
JM,Jamaica,,3,3,3,3,2,4,4,3,8,3,3,3,3,3,3,4,4,4,3,5,3,3,3,3,3,3,3,3,2,5,5,5,4,4,3,3,3,3,4,4,4,5,5,4,4,4,5,3,3,2,5,4,3,3,4,4,4,4,4,5,4,5,4,4,4,5,7,4,4,4,5,4,3,4,3,3
JP,Japan,,879,633,806,896,782,847,851,846,863,927,795,892,858,941,1053,824,844,743,839,829,844,842,771,685,755,806,702,455,435,611,586,575,624,578,640,574,846,596,555,579,576,760,759,588,574,576,605,754,673,588,865,610,795,770,647,885,833,713,861,842,766,749,674,553,662,627,590,614,613,695,615,482,518,496,573,595
JE,Jersey,,21,13,15,17,17,19,18,20,14,16,15,15,16,13,16,17,16,16,14,17,16,16,14,13,14,13,11,9,11,12,13,12,13,12,13,12,12,15,15,15,16,14,18,17,17,43,25,29,18,15,14,15,18,14,12,11,10,12,11,10,5,6,6,3,2,2,1,2,1,0,0,0,9,7,8,10
JO,Jordan,,3,2,2,3,2,2,3,2,2,2,3,3,2,2,3,2,1,2,2,9,2,3,3,3,4,23,26,5,3,6,5,3,3,1,4,26,17,8,9,8,7,9,5,4,5,10,6,7,16,19,12,21,37,23,10,12,13,29,15,54,9,8,22,6,17,4,6,30,5,18,39,42,21,6,8,5
KZ,Kazakhstan,,40,13,33,9,62,9,11,66,9,13,63,15,26,11,24,38,26,24,28,35,36,39,54,19,37,18,27,13,48,60,32,49,62,43,58,51,46,62,28,36,46,28,25,14,42,44,44,29,5,443,294,129,127,40,164,2,14,21,7,10,80,27,52,74,30,42,36,43,27,20,17,16,60,23,14,75
KE,Kenya,,28,57,40,35,33,19,47,55,36,26,44,31,47,52,53,28,45,45,28,31,27,26,26,22,23,29,21,32,24,27,30,27,28,26,28,27,32,32,33,31,33,32,33,30,30,32,36,34,33,32,29,29,33,46,29,38,34,32,29,33,33,25,46,24,35,31,28,31,31,38,34,30,31,37,25,51
KI,Kiribati,,0,0,0,0,0,0,0,0,0,0,0,0,0,0,0,0,0,0,0,0,0,0,0,0,0,0,0,0,0,0,0,0,0,0,0,0,0,0,0,0,0,0,0,0,0,0,0,0,0,0,0,0,0,0,0,0,0,0,0,0,0,0,0,0,0,0,0,0,0,0,0,0,0,0,0,0
XK,Kosovo,,0,0,0,0,0,0,0,0,0,0,0,0,0,0,0,0,0,0,0,0,0,0,0,0,0,0,0,1,1,1,0,0,1,0,0,0,0,0,0,0,0,0,0,0,0,0,0,0,0,0,0,0,0,0,0,0,0,1,0,1,0,0,0,0,0,0,0,0,0,0,0,0,0,0,0,0
KW,Kuwait,,91,46,2,103,69,2,73,59,33,4,90,123,26,90,2,162,20,27,57,54,94,90,44,93,47,4,56,2,28,30,69,5,25,37,10,22,45,19,50,69,97,3,88,2,32,4,86,130,171,80,4,95,331,136,526,312,362,50,47,165,207,440,367,192,205,146,315,420,271,203,415,425,388,400,209,255
KG,Kyrgyzstan,,0,0,0,0,0,0,0,0,0,0,0,0,0,0,0,0,0,0,0,0,0,0,0,0,0,0,0,0,0,0,0,0,0,0,0,0,0,0,0,0,0,0,0,0,0,0,0,0,0,0,0,0,0,0,0,0,0,0,0,0,0,0,0,0,0,0,0,0,0,0,0,0,0,0,0,26
LA,Laos,,1,1,2,1,1,1,1,1,1,1,1,0,1,1,1,1,1,1,1,2,3,2,1,1,1,0,3,2,1,0,1,2,2,1,1,1,0,1,1,1,0,1,1,3,1,1,2,2,1,0,0,0,0,1,1,1,1,0,1,1,0,0,0,0,0,1,0,0,0,1,0,0,1,0,0,0
LB,Lebanon,,2,2,2,3,3,4,2,3,2,3,3,2,2,3,2,3,3,4,4,3,4,6,3,3,7,5,5,2,2,2,5,3,4,5,6,4,4,2,3,5,3,4,3,2,4,4,4,3,3,2,4,4,4,2,5,5,4,2,2,2,3,3,5,3,3,4,4,2,3,3,7,3,4,3,2,4
LS,Lesotho,,0,0,0,0,0,0,0,0,0,0,0,0,0,0,0,0,0,0,0,0,0,0,0,0,0,0,0,0,0,0,0,0,0,0,0,0,0,0,0,0,0,0,0,0,0,0,0,0,0,0,0,0,0,0,0,0,0,0,0,0,0,0,0,0,0,0,0,0,0,0,0,0,0,0,0,0
LR,Liberia,,0,0,0,3,0,0,1,0,3,0,0,0,0,0,1,0,0,0,0,0,0,0,0,0,3,0,0,0,0,0,0,0,0,0,0,0,0,0,0,0,0,1,0,7,6,0,0,7,0,8,0,5,5,4,5,3,4,3,0,4,4,5,5,5,4,0,4,1,0,2,0,4,0,5,3,4
LY,Libya,,78,64,0,0,113,0,54,55,89,103,79,0,0,0,0,0,56,57,0,38,0,52,0,0,52,0,0,0,0,0,0,0,0,0,0,19,63,33,31,78,44,133,129,119,228,48,189,37,163,55,74,87,90,88,0,117,304,104,103,136,40,0,41,107,188,194,149,141,1,48,168,195,266,90,192,255
LI,Liechtenstein,,1,1,1,0,0,0,1,0,0,0,0,0,0,1,0,0,0,1,0,0,0,1,0,1,0,1,0,0,0,0,0,0,0,0,0,1,1,1,3,2,1,1,2,2,3,3,2,2,2,3,3,2,2,3,2,3,2,4,2,1,3,1,1,1,1,1,1,1,1,1,1,1,2,1,1,1
MO,Macao,,0,0,1,1,1,1,1,1,1,1,1,2,1,1,1,1,1,1,1,1,1,1,1,1,1,1,2,1,1,0,0,1,1,1,2,2,2,2,2,1,1,1,2,1,1,1,1,1,2,2,1,2,1,2,1,1,4,2,1,1,2,1,1,1,1,1,1,1,1,1,1,1,2,3,1,2
MG,Madagascar,,3,1,2,1,1,2,2,3,6,6,3,2,2,1,1,2,1,1,1,2,4,6,6,5,2,1,2,1,2,1,2,2,4,5,2,2,4,1,1,2,1,2,1,1,3,2,3,3,3,2,1,2,5,3,2,3,6,4,4,8,5,4,3,2,2,3,3,2,4,2,2,2,2,2,2,2
MW,Malawi,,0,1,6,14,4,12,1,3,2,16,5,1,2,2,1,2,1,2,1,1,2,2,1,2,1,1,1,1,1,3,4,2,1,1,1,1,1,1,0,1,1,1,1,1,1,1,1,1,2,4,1,1,1,2,3,1,2,1,1,1,0,0,0,0,0,0,0,1,0,1,0,0,0,0,0,0
MY,Malaysia,,152,141,147,151,150,145,157,157,155,168,180,128,186,195,173,167,176,172,186,193,168,165,145,148,154,141,178,115,97,127,177,173,195,173,188,225,157,186,182,192,172,160,164,148,151,180,268,155,221,169,153,240,177,176,167,193,195,137,165,182,144,174,166,150,160,153,158,142,144,141,146,101,140,133,124,134
MV,Maldives,,1,1,1,2,2,1,0,1,1,2,1,2,2,1,1,1,1,1,1,1,1,1,1,1,1,1,1,0,0,0,1,1,1,1,1,0,1,1,1,1,0,1,0,1,1,1,1,1,1,1,1,1,1,1,2,1,0,2,1,1,0,0,1,1,1,1,3,1,1,1,1,2,3,3,2,1
ML,Mali,,0,0,0,0,1,0,0,0,0,0,0,0,0,2,0,0,1,0,0,0,0,62,0,0,0,0,0,0,0,0,0,0,0,0,0,0,0,0,0,0,0,0,0,0,0,0,0,0,0,0,0,0,0,0,0,0,0,0,0,0,0,0,0,0,0,0,0,0,0,0,0,0,0,0,0,0
MH,Marshall Islands,,0,0,0,0,0,0,0,0,0,0,0,0,0,0,1,0,0,0,0,0,0,0,0,0,0,0,0,0,0,0,0,0,0,0,0,0,0,0,0,0,0,0,0,0,2,0,0,0,0,0,0,0,0,0,0,1,0,1,0,0,0,0,0,0,0,0,0,0,0,0,0,0,0,0,0,0
MR,Mauritania,,0,0,1,0,0,0,0,0,0,0,0,0,0,1,0,0,0,0,0,1,0,1,0,0,0,2,2,0,0,0,0,2,1,0,0,0,0,0,8,0,0,10,0,0,2,0,7,0,5,0,11,0,0,9,0,0,7,0,0,0,0,0,2,11,0,7,0,0,0,0,0,9,0,0,8,0
MU,Mauritius,,14,14,8,11,21,6,13,11,11,11,8,15,10,7,15,12,13,11,8,9,15,8,9,10,10,9,7,8,4,4,9,9,7,9,11,6,8,6,9,7,7,8,8,7,4,4,7,8,9,11,6,8,22,10,7,11,10,8,8,12,10,4,10,10,9,8,9,7,10,18,6,8,7,12,3,9
MX,Mexico,,110,85,129,102,113,124,104,106,111,99,90,128,156,188,236,169,122,113,108,109,115,130,93,93,122,160,104,79,62,70,79,76,65,96,91,196,179,205,97,55,89,99,158,125,83,83,72,113,249,118,111,99,122,89,86,76,87,98,97,136,132,85,98,95,107,81,117,69,112,126,181,101,106,65,116,179
FM,Micronesia,,0,0,0,0,0,0,0,0,0,0,0,0,0,0,0,0,0,0,0,0,0,0,0,0,0,0,0,0,0,0,0,0,0,0,0,0,0,0,0,0,0,0,0,0,0,0,0,0,0,0,0,0,0,0,0,0,0,0,0,0,0,0,0,0,0,0,0,0,0,0,0,0,0,0,0,0
MD,Moldova,,4,4,4,4,4,4,4,4,4,4,3,2,3,2,3,3,3,3,3,3,2,3,3,3,3,3,3,1,2,3,3,3,3,3,4,3,2,2,6,3,4,4,4,4,3,3,3,3,3,4,4,5,3,4,4,4,3,4,3,2,3,3,3,12,2,2,3,3,2,3,2,2,2,2,2,1
MN,Mongolia,,1,0,0,0,0,0,1,1,1,1,1,0,2,0,0,0,0,0,1,1,2,1,1,1,1,1,0,0,0,0,0,0,2,0,0,0,0,0,0,0,0,0,0,2,0,1,0,1,1,1,0,0,0,1,0,1,1,1,1,0,0,2,0,1,0,1,0,1,0,2,0,1,0,1,0,0
ME,Montenegro,,0,1,0,1,1,0,1,0,1,0,0,0,0,1,1,0,1,0,1,0,1,1,0,0,1,0,0,0,0,0,0,0,0,0,0,0,0,0,0,0,0,0,0,0,0,0,0,0,0,0,5,0,0,0,0,0,0,0,0,0,0,0,0,0,0,0,0,0,0,0,0,0,0,0,0,0
MS,Montserrat,,0,0,0,0,0,0,0,0,0,0,0,0,0,0,0,0,0,0,0,0,0,0,0,0,0,0,0,0,0,0,0,0,0,0,0,0,0,0,0,0,0,0,0,0,0,0,0,0,0,0,0,0,0,0,0,0,0,0,0,0,0,0,0,0,0,0,0,0,0,0,0,0,0,0,0,0
MA,Morocco incl. Western Sahara,,57,55,52,53,59,55,59,70,48,79,52,52,50,55,53,52,48,51,55,56,59,76,66,46,57,55,55,32,35,36,40,50,54,55,57,61,85,78,84,92,81,82,74,66,85,69,91,89,92,103,98,109,102,120,102,99,96,107,104,113,114,111,114,114,123,113,124,118,126,118,130,123,124,132,138,127
MZ,Mozambique,,39,16,26,23,33,15,13,7,25,21,26,28,32,9,2,11,19,23,4,16,33,20,1,1,30,0,0,1,2,1,1,0,1,3,0,1,0,1,1,13,1,1,1,1,1,3,0,0,3,2,2,2,2,4,1,10,1,10,1,0,9,1,0,0,1,1,0,0,1,0,1,0,1,0,1,1
MM,Myanmar (Burma),,20,21,20,23,22,21,26,23,23,22,26,25,23,25,21,23,30,27,28,29,35,31,29,33,30,23,35,24,13,14,20,29,29,27,14,17,16,32,19,22,18,23,26,15,15,17,25,24,33,28,33,30,36,38,34,38,40,41,48,39,33,38,26,24,22,26,23,20,18,17,12,11,15,13,13,16
NA,Namibia,,5,2,2,1,2,2,2,1,1,2,1,6,4,1,2,1,1,2,3,1,4,2,2,9,4,3,2,1,1,1,2,2,0,2,1,9,7,2,2,2,1,1,3,1,1,1,1,4,2,5,7,2,2,2,1,2,3,1,0,2,2,1,1,2,2,2,2,1,1,0,1,3,9,3,1,2
NR,Nauru,,0,0,0,0,0,0,0,0,0,0,0,0,0,0,0,0,0,0,0,0,0,0,0,0,0,0,0,0,0,0,0,0,0,0,0,0,0,0,0,0,0,0,0,0,0,0,0,0,0,0,0,0,0,0,0,0,0,0,0,0,0,0,0,0,0,0,0,0,0,0,0,0,0,0,0,0
NP,Nepal,,2,2,2,1,2,2,2,2,2,2,1,1,1,1,1,1,1,1,2,2,2,2,1,1,1,1,1,0,0,1,1,1,2,2,1,1,1,1,1,1,1,1,1,1,2,2,2,1,1,1,1,1,1,1,1,2,2,1,1,2,1,1,1,1,1,1,1,1,2,3,1,2,1,1,1,1
NC,New Caledonia,,1,0,0,0,1,1,0,1,2,0,1,0,1,0,2,0,3,0,1,0,1,1,0,0,1,1,0,0,1,0,0,0,0,0,0,0,0,0,0,0,0,0,0,2,0,0,0,0,0,0,0,0,0,0,0,0,0,0,0,0,0,0,0,0,0,0,0,0,0,0,0,0,0,0,0,0
NZ,New Zealand,,78,62,80,65,77,77,80,80,74,78,75,82,80,71,72,83,79,74,73,64,72,74,73,69,67,73,79,68,64,70,63,66,71,109,78,66,64,61,64,48,63,61,62,65,51,69,65,77,75,68,64,58,66,78,70,67,69,57,58,55,57,61,59,77,65,59,62,69,94,71,68,52,64,71,70,67
NI,Nicaragua,,2,3,4,5,4,3,5,4,3,3,4,2,3,3,3,2,5,2,4,4,5,3,4,2,4,5,5,6,5,5,7,5,4,6,4,3,4,4,8,4,6,5,4,2,4,3,4,4,3,3,4,9,6,6,6,6,4,3,6,2,4,4,4,10,9,5,11,8,5,8,5,5,5,6,6,7
NE,Niger,,0,1,0,0,0,0,0,0,0,0,0,0,0,0,0,0,0,0,0,0,0,0,0,0,0,0,0,0,0,0,0,0,0,0,0,0,1,0,0,0,0,0,0,1,0,0,0,0,0,1,0,0,0,0,0,0,0,0,0,0,0,0,0,0,0,0,0,0,0,0,0,0,0,0,1,0
NG,Nigeria,,193,208,188,5,158,230,5,285,359,300,313,208,80,99,61,83,112,174,54,360,208,101,52,90,120,231,204,46,19,27,102,40,109,81,45,76,44,33,130,48,50,3,107,122,2,76,107,203,160,233,133,5,185,266,269,152,172,182,143,225,106,67,411,232,63,115,69,109,153,374,165,157,30,134,4,78
NU,Niue Island,,0,0,0,0,0,0,0,0,0,0,0,0,0,0,0,0,0,0,0,0,0,0,0,0,0,0,0,0,0,0,0,0,0,0,0,0,0,0,0,0,0,0,0,0,0,0,0,0,0,0,0,0,0,0,0,0,1,0,0,0,0,0,0,0,0,0,0,0,0,0,0,0,0,0,0,0
NF,Norfolk Island,,0,0,0,0,0,0,0,0,0,0,0,0,0,0,0,0,0,0,0,0,0,0,0,0,0,0,0,0,0,0,0,0,0,0,0,0,0,0,0,0,0,0,0,0,0,0,0,0,0,0,0,0,0,0,0,0,0,0,0,0,0,0,0,0,0,0,0,0,0,0,0,0,0,0,0,0
KP,North Korea,,0,0,0,0,0,0,0,0,0,0,0,0,0,0,0,0,0,0,0,0,0,0,0,0,0,0,0,0,0,0,0,0,0,0,0,0,0,0,0,0,0,0,0,0,0,0,0,0,0,0,0,0,0,0,0,0,0,0,0,0,0,0,0,0,0,0,0,0,0,0,0,0,0,0,0,0
MK,North Macedonia,,5,4,4,7,8,7,6,4,6,8,6,6,5,9,13,9,7,8,11,9,15,13,9,6,11,16,14,6,9,12,12,9,9,11,10,9,12,17,17,15,13,13,10,11,10,9,11,10,12,10,10,12,7,13,16,7,9,6,7,6,4,5,6,5,6,6,5,5,6,7,7,6,6,5,5,6
MP,Northern Mariana Islands,,0,0,0,0,0,0,0,0,0,0,0,0,0,0,0,0,0,0,0,0,0,0,0,0,0,0,0,0,0,0,0,0,0,0,0,0,0,0,0,0,0,0,0,0,0,0,0,0,0,0,0,0,0,0,0,0,0,0,0,0,0,0,0,0,0,0,0,0,0,0,0,0,0,0,0,0
NO,Norway,,1897,1336,2407,1665,1525,1655,1679,1909,1757,1681,1484,1560,1569,1440,1340,1481,1532,1475,1426,1219,1172,1112,1282,1163,986,1185,942,733,655,777,769,906,958,1030,1147,1189,1445,1321,1286,1716,1989,1813,2122,2018,2883,3651,3222,3681,3150,3468,5179,3630,3734,3919,4220,4866,3313,2676,2364,3957,3139,3060,2646,2644,2079,1842,1874,1998,1640,1970,2612,1742,1720,1728,1871,2042
PS,Occupied Palestinian Territory,,0,0,1,0,0,0,0,0,0,0,0,0,0,0,0,0,0,0,0,0,0,0,0,0,0,0,1,1,0,0,0,0,0,0,0,1,1,1,1,1,0,0,0,0,0,0,0,0,1,0,0,0,0,0,0,0,0,0,1,1,1,0,0,0,0,0,0,0,0,0,0,0,1,1,0,0
OM,Oman,,10,10,23,12,8,28,6,34,12,12,13,16,11,12,11,15,11,9,15,90,10,25,24,7,28,27,35,9,6,4,5,5,5,12,30,7,13,7,8,54,6,7,7,7,9,9,5,6,7,23,19,22,6,8,7,22,24,29,10,6,22,6,9,21,23,22,20,12,40,27,24,6,8,5,60,29
PK,Pakistan,,108,105,102,104,102,102,112,112,113,106,117,113,134,113,99,113,114,115,108,112,111,116,110,95,112,96,122,91,52,101,108,115,109,121,110,128,113,143,125,126,126,130,123,111,121,117,138,120,128,125,158,157,158,124,149,151,144,148,143,138,133,133,125,131,116,129,132,128,130,126,118,115,108,123,114,127
PW,Palau,,0,0,0,0,0,0,0,0,0,0,0,0,0,0,0,0,0,0,0,0,0,0,0,3,0,0,0,0,0,0,0,0,0,0,0,0,0,0,0,0,0,0,0,0,0,0,0,0,0,0,0,0,0,0,0,0,0,0,0,0,0,0,0,0,0,0,0,0,0,0,0,0,0,0,0,0
PA,Panama,,3,1,1,3,2,2,3,3,2,3,3,3,3,2,3,4,3,3,2,3,1,2,5,1,2,3,3,3,3,2,3,1,2,3,3,2,3,2,3,14,2,4,3,2,3,2,3,2,2,3,6,6,4,6,8,4,4,4,4,3,3,2,3,3,3,4,3,2,2,3,3,2,5,3,6,4
PG,Papua New Guinea,,4,9,3,8,14,6,9,5,5,1,12,1,12,5,5,7,8,1,10,1,11,2,10,5,5,3,13,2,18,1,10,1,9,8,7,9,6,3,7,1,17,16,8,13,15,1,10,21,6,6,9,14,14,23,27,8,28,35,11,13,1,26,2,19,29,15,27,1,12,15,25,0,12,11,10,18
PY,Paraguay,,1,1,1,1,1,1,2,1,1,12,2,1,14,1,1,1,1,1,1,1,1,1,2,1,1,1,1,1,1,1,1,1,1,1,1,1,1,2,1,1,1,5,1,1,2,2,1,2,6,1,2,1,1,2,2,3,3,2,3,1,2,2,1,1,2,3,2,2,2,2,2,3,2,3,1,1
PE,Peru,,26,26,19,38,32,29,32,34,35,35,37,53,60,66,26,32,34,35,35,34,36,39,34,40,29,24,34,29,31,38,35,31,31,38,41,33,36,32,39,44,47,37,40,36,38,38,147,85,345,160,854,323,163,144,65,265,228,11,167,288,185,212,114,164,181,39,35,27,24,107,163,70,61,68,60,42
PH,Philippines,,46,48,57,46,46,49,53,49,46,47,49,53,54,47,38,54,42,44,43,43,64,40,37,35,36,38,56,33,26,25,32,30,30,23,26,32,28,31,37,38,46,44,35,37,35,84,82,37,82,43,40,47,52,93,46,58,58,47,48,45,48,62,62,55,55,49,50,54,43,40,31,36,47,46,42,46
PN,Pitcairn,,0,0,0,0,0,0,0,0,0,0,0,0,0,0,0,0,0,0,0,0,0,0,0,0,0,0,0,0,0,0,0,0,0,0,0,0,0,0,0,0,0,0,0,0,0,0,0,0,0,0,0,0,0,0,0,0,0,0,0,0,0,0,0,0,0,0,0,0,0,0,0,0,0,0,0,0
QA,Qatar,,153,100,97,171,97,111,146,86,75,177,161,101,259,78,173,211,469,112,130,75,215,299,183,153,191,194,141,104,108,248,67,48,149,82,134,58,27,16,182,166,184,165,114,77,135,199,551,287,625,437,398,951,862,591,488,885,1247,574,337,379,411,238,256,270,246,237,105,126,93,158,79,75,99,48,27,57
RU,Russia,,534,354,786,691,590,749,940,775,653,699,647,659,538,837,893,972,611,551,666,712,740,490,620,795,793,926,622,485,258,473,558,568,648,569,1096,1389,1118,1186,747,604,606,740,1046,951,602,632,638,1531,1816,1810,543,352,227,41,174,31,16,17,18,23,6,5,5,5,4,5,4,5,2,6,5,4,5,7,3,8
RW,Rwanda,,0,0,0,0,1,0,1,0,1,0,1,1,0,1,0,1,0,0,0,1,0,0,1,1,0,0,0,1,1,1,1,0,0,1,1,1,0,1,0,0,0,0,1,0,0,1,0,1,1,0,1,0,1,1,1,1,2,1,2,2,2,1,1,0,0,1,1,1,1,0,0,0,0,1,1,1
WS,Samoa,,0,0,0,0,0,0,0,0,0,0,0,0,0,1,0,1,1,1,1,1,1,0,0,0,1,0,1,0,0,0,0,0,0,0,0,0,0,1,0,0,1,0,1,0,0,0,1,1,1,1,1,0,0,1,0,0,0,0,0,0,0,0,0,0,0,0,0,0,0,0,0,0,0,0,0,0
SM,San Marino,,0,0,0,0,0,0,0,0,0,0,0,0,0,0,0,0,0,0,0,0,0,0,0,0,0,0,1,0,0,0,0,0,0,1,1,0,0,1,1,1,1,1,1,0,1,1,1,0,0,0,0,0,0,1,1,1,1,0,1,1,0,1,0,1,0,1,0,1,1,1,1,1,0,1,1,1
ST,Sao Tome and Principe,,0,0,0,0,0,0,0,0,0,0,0,0,0,0,0,0,0,0,0,0,0,0,0,0,0,0,0,0,0,0,0,0,0,0,0,0,0,0,0,0,0,0,0,0,0,0,0,0,0,0,0,0,0,0,2,0,0,0,0,0,0,0,0,0,0,0,0,0,0,0,0,0,0,0,0,0
SA,Saudi Arabia,,275,303,199,400,242,219,112,274,355,350,260,213,252,252,385,226,315,205,206,291,375,187,240,168,282,108,109,102,59,157,130,73,65,162,130,174,152,94,111,112,114,81,184,177,103,78,240,67,152,76,202,336,375,505,518,525,320,410,509,294,282,296,240,301,288,356,129,208,376,390,191,72,78,141,321,420
SN,Senegal,,3,2,2,1,3,4,3,4,7,6,4,4,2,3,4,3,4,3,6,5,4,4,3,3,3,4,3,3,3,3,5,5,4,6,5,4,4,4,4,4,4,5,5,3,5,4,5,4,4,3,4,3,3,5,3,6,7,6,6,4,2,7,4,3,6,9,6,4,5,9,5,3,3,5,3,4
RS,Serbia,,17,21,20,19,18,21,19,18,21,22,25,19,21,22,26,23,20,24,27,18,25,26,25,27,23,24,22,32,16,15,18,20,22,24,28,22,27,25,27,35,20,25,21,19,21,21,29,23,22,21,29,23,33,28,29,27,23,27,30,28,30,27,31,24,30,38,28,23,26,32,30,44,30,27,27,31
SC,Seychelles,,4,4,3,4,7,12,4,3,1,10,9,8,4,3,4,6,12,8,7,5,4,2,1,8,2,5,4,3,6,5,5,9,2,5,5,6,4,26,2,8,4,4,5,2,10,4,2,4,3,3,4,1,5,6,5,4,8,2,12,6,5,1,2,3,7,7,6,4,6,5,5,4,1,4,2,5
SL,Sierra Leone,,0,0,0,0,0,0,1,0,0,0,0,0,0,0,0,0,0,0,0,0,0,0,0,0,0,0,0,0,0,0,0,0,0,0,0,0,0,0,1,0,0,0,0,0,0,0,0,0,0,0,0,0,0,0,0,0,0,1,2,0,1,1,1,0,0,1,0,1,0,0,0,0,0,3,0,1
SG,Singapore,,231,192,154,235,172,160,210,184,189,245,221,209,208,221,189,424,204,274,192,259,242,307,254,197,232,199,230,199,183,153,150,195,192,199,237,133,231,191,207,203,175,232,225,156,227,222,231,239,222,256,227,189,246,237,290,290,231,240,222,246,310,200,350,217,313,225,216,203,202,250,219,179,249,207,191,220
SX,Sint Maarten,,0,0,0,0,0,0,0,0,0,0,0,0,0,0,0,0,0,0,0,0,0,0,0,0,0,0,0,0,0,0,0,0,0,0,0,0,0,0,0,0,0,0,0,0,0,0,0,0,0,0,0,0,0,0,0,0,0,0,0,0,0,0,0,0,0,0,0,0,0,0,0,0,0,0,0,0
SB,Solomon Islands,,0,0,0,0,0,0,0,0,0,0,0,0,0,0,0,0,0,0,0,0,0,0,0,0,0,0,0,0,0,0,0,0,0,0,0,0,0,0,0,0,0,0,2,0,1,0,0,0,0,5,0,0,0,1,0,6,0,0,2,0,0,0,0,0,0,0,0,0,0,0,0,0,0,0,0,0
SO,Somalia,,0,0,0,0,0,0,0,0,0,0,0,0,0,0,0,0,0,0,0,0,0,0,0,0,0,0,0,0,0,0,1,0,0,0,0,0,0,0,0,0,0,0,0,0,0,0,0,0,0,0,0,0,0,0,0,0,0,0,0,0,0,0,0,0,0,0,0,0,0,0,0,0,0,0,0,0
ZA,South Africa,,240,136,302,223,300,382,199,314,445,254,234,476,451,289,876,218,291,461,227,300,578,163,301,553,273,284,330,207,196,209,271,275,443,354,415,539,637,307,505,947,554,536,678,641,551,428,378,419,482,334,499,489,571,566,353,364,373,489,368,543,247,302,408,345,407,452,343,315,386,412,400,307,330,283,344,507
GS,South Georgia,,0,0,0,0,0,0,0,0,0,0,0,0,0,0,0,0,0,0,0,0,0,0,0,0,0,0,0,0,0,0,0,0,0,0,0,0,0,0,0,0,0,0,0,0,0,0,0,0,0,0,0,0,0,0,0,0,0,0,0,0,0,0,0,0,0,0,0,0,0,0,0,0,0,0,0,0
KR,South Korea,,354,302,424,351,465,505,523,515,497,588,355,271,941,347,595,561,414,539,511,463,355,368,370,253,507,310,447,260,251,493,403,297,397,365,343,303,371,323,387,445,415,410,516,441,451,459,419,334,491,455,654,540,439,655,614,672,868,436,689,323,372,304,454,404,706,422,528,630,507,398,472,570,434,381,537,563
SS,South Sudan,,0,0,0,0,0,0,0,0,0,0,0,0,0,0,0,0,0,0,0,0,0,0,0,0,0,0,0,0,0,0,0,0,0,0,0,0,0,0,0,0,0,0,0,0,0,0,0,0,0,0,0,0,0,0,0,0,0,0,0,0,0,0,0,0,0,0,0,0,0,0,0,0,0,0,0,0
LK,Sri Lanka,,57,64,60,60,58,60,66,60,59,53,59,54,72,63,63,56,70,64,71,64,60,66,53,63,59,60,74,31,19,46,56,62,72,80,77,71,33,50,52,57,45,53,52,52,40,43,66,54,66,65,58,69,80,72,66,60,71,65,60,53,54,57,54,37,48,46,42,50,42,42,45,37,39,44,42,52
KN,St Kitts and Nevis,,0,0,0,0,0,0,0,0,0,0,0,0,0,0,0,0,0,0,0,0,0,0,0,0,0,0,0,0,0,0,0,0,0,0,0,0,0,0,0,0,0,0,0,0,0,0,0,0,0,0,0,0,0,0,0,0,0,0,0,0,0,0,0,0,0,0,0,0,0,0,0,0,0,0,0,0
LC,St Lucia,,1,0,0,0,0,0,1,1,1,1,0,0,0,1,0,0,0,1,0,1,0,1,1,0,0,0,0,0,0,0,0,0,0,0,0,0,0,0,0,0,0,0,0,0,0,0,0,0,0,0,0,0,0,0,0,0,0,0,0,0,0,0,0,0,0,0,0,0,0,0,0,0,0,0,0,0
VC,St Vincent,,0,0,0,0,0,0,0,0,0,0,0,0,0,0,0,0,0,0,0,0,0,0,0,0,0,0,0,0,0,0,0,0,0,0,0,0,0,0,0,0,0,0,0,0,0,0,0,0,0,0,0,0,0,0,0,0,0,0,0,0,0,0,0,0,0,0,0,0,0,0,0,0,0,0,0,0
SH,St. Helena,,0,0,0,0,0,0,0,0,0,0,0,0,0,0,0,0,0,0,0,0,0,0,0,0,0,0,0,0,0,0,0,0,0,1,0,0,0,0,0,0,0,0,0,0,0,0,0,0,0,0,0,0,0,0,0,0,0,0,0,0,0,0,0,0,0,0,0,0,0,0,0,0,2,0,0,0
SD,Sudan,,1,1,0,1,1,0,0,0,1,1,1,1,0,0,8,1,1,1,1,1,0,1,1,1,0,1,0,1,0,0,0,1,0,1,0,1,1,0,1,1,0,1,1,1,0,1,0,0,0,1,0,0,1,2,1,1,1,1,1,1,1,1,0,2,0,0,0,0,0,2,0,1,1,1,0,2
SR,Suriname,,0,0,0,0,0,0,0,0,0,0,0,0,0,0,0,0,0,0,0,0,0,0,0,0,0,0,0,0,0,0,0,0,0,0,0,0,0,0,0,0,0,0,0,0,0,0,0,0,0,0,0,0,0,0,0,0,0,0,0,0,0,0,0,0,0,0,0,0,1,0,0,0,0,0,0,0
CH,Switzerland,,696,685,617,592,542,519,499,481,443,509,501,513,929,1563,615,615,496,508,433,805,1177,633,399,516,516,598,418,314,292,388,461,330,542,532,569,383,733,681,895,781,782,895,858,816,770,848,814,775,637,903,1241,863,1061,907,751,796,907,750,860,1003,631,722,899,802,775,850,683,661,803,881,924,648,686,634,695,927
SY,Syria,,0,0,0,0,1,2,0,0,0,0,0,0,0,0,0,0,0,1,1,0,0,0,0,0,0,0,0,0,0,0,0,0,0,0,0,0,0,0,0,0,0,0,1,0,0,0,0,0,0,0,0,0,0,0,0,0,0,0,0,0,0,0,0,0,0,0,0,0,0,0,0,0,0,0,0,0
TW,Taiwan,,280,285,301,289,276,306,317,296,287,321,292,321,315,312,311,313,310,315,303,317,333,299,291,268,292,297,246,275,259,274,283,275,262,284,291,284,232,258,283,239,298,247,280,277,285,266,291,282,321,289,321,328,301,372,255,303,300,363,308,312,228,352,236,226,260,371,226,233,205,204,159,207,189,211,213,235
TJ,Tajikistan,,0,0,0,0,0,0,0,0,0,0,0,0,0,0,0,0,0,0,0,0,0,0,0,0,0,0,0,0,0,0,0,0,0,0,0,0,0,0,0,0,0,0,0,0,0,0,0,0,0,0,0,0,0,0,0,0,0,0,0,0,0,0,0,0,0,0,0,0,0,0,0,0,0,0,0,0
TZ,Tanzania,,2,1,3,1,1,0,1,1,1,1,1,1,1,1,1,1,1,1,2,3,2,1,1,2,1,1,1,2,1,2,2,2,1,1,1,4,1,1,1,1,1,1,2,2,1,2,1,1,2,3,2,1,2,1,2,2,2,15,1,2,1,2,1,2,2,2,2,1,1,1,1,1,1,1,1,1
TH,Thailand,,266,259,256,272,257,256,251,252,261,261,265,262,280,267,252,260,235,236,309,257,257,303,243,210,238,259,259,193,176,209,218,210,221,214,234,225,199,171,215,213,214,225,208,201,198,195,200,213,227,228,207,268,281,265,278,230,267,275,270,258,216,199,219,193,206,195,193,213,212,227,208,190,185,198,179,241
TG,Togo,,0,0,0,0,0,2,0,0,0,0,0,0,0,0,0,0,0,0,0,0,0,0,0,0,1,0,0,0,0,0,0,0,0,1,0,0,0,0,0,0,0,0,0,0,0,0,0,0,0,0,39,0,0,0,0,0,0,0,0,0,0,0,0,0,27,0,0,0,1,1,1,0,0,0,1,0
TK,Tokelau Islands,,0,0,0,0,0,0,0,0,0,0,0,0,0,0,0,0,0,0,0,0,0,0,0,0,0,0,0,0,0,0,0,0,0,0,0,0,0,0,0,0,0,0,0,0,0,0,0,0,0,0,0,0,0,0,0,0,0,0,0,0,0,0,0,0,0,0,0,0,0,0,0,0,0,0,0,0
TO,Tonga,,0,0,0,0,0,0,0,0,0,0,0,0,0,0,0,0,0,0,0,0,0,0,0,0,0,0,0,0,0,0,0,0,0,0,0,0,0,0,0,0,0,0,0,0,0,0,0,0,0,0,0,0,0,0,0,0,0,0,0,0,0,0,1,0,0,0,0,0,0,1,0,0,0,0,0,0
TT,Trinidad and Tobago,,17,10,3,21,18,16,6,6,5,19,13,29,17,9,5,6,17,0,6,7,5,2,10,24,63,12,22,8,3,2,0,0,3,21,1,45,16,4,11,4,7,4,1,0,2,4,32,24,80,32,52,100,5,7,58,9,5,3,5,16,2,36,95,12,33,12,3,4,6,26,67,47,10,57,35,12
TN,Tunisia,,15,11,12,14,12,12,15,14,12,16,14,15,13,12,14,17,14,49,16,9,12,13,13,11,11,12,39,6,8,9,12,8,10,11,12,15,14,13,14,15,12,17,13,17,17,19,17,18,21,21,27,68,21,18,14,17,14,22,16,15,20,13,17,9,25,25,16,14,16,38,35,15,22,16,17,16
TR,Turkey,,762,566,702,838,687,750,718,831,757,716,741,813,809,784,783,784,800,638,825,743,738,801,718,690,749,749,677,407,371,589,657,649,745,795,837,1040,727,739,845,865,894,866,969,922,1038,1055,903,902,988,1174,1133,1212,1062,1101,1012,1017,1007,890,927,1037,1002,783,914,831,1005,1073,876,1142,816,840,1026,945,973,1057,1009,1045
TM,Turkmenistan,,1,0,0,0,0,1,0,0,0,1,0,0,0,0,0,0,0,0,0,0,0,0,1,0,0,0,0,0,0,0,0,0,0,0,0,1,0,0,0,0,0,0,0,0,0,0,0,0,0,0,1,0,1,0,2,0,1,1,1,1,2,0,1,1,1,1,0,3,1,0,3,0,2,1,1,1
TC,Turks and Caicos Islands,,0,2,0,0,0,0,0,0,0,0,0,0,0,0,0,0,0,0,0,0,0,0,0,0,0,0,0,0,0,0,0,0,0,0,0,0,0,0,0,0,0,0,0,0,0,0,0,0,0,0,0,0,0,0,0,0,0,0,0,0,0,0,0,0,0,0,0,0,0,0,0,0,0,0,0,0
TV,Tuvalu,,0,0,0,0,0,0,0,0,0,0,0,0,0,0,0,0,0,0,0,0,0,0,0,0,0,0,0,0,0,0,0,0,0,0,0,0,0,0,0,0,0,0,0,0,0,0,0,0,0,0,0,0,0,0,0,0,0,0,0,0,0,0,0,0,0,0,0,0,0,0,0,0,0,0,0,0
UG,Uganda,,4,1,1,1,1,1,1,1,1,1,1,1,1,1,1,2,1,3,1,1,1,1,1,1,1,1,1,1,1,1,1,1,1,1,1,1,1,2,1,1,1,1,1,1,1,1,1,1,1,1,1,1,1,1,1,1,1,1,1,1,1,1,1,1,1,1,1,1,1,1,2,1,1,1,1,1
UA,Ukraine,,83,61,84,69,61,80,63,62,66,84,90,58,82,82,83,84,75,81,96,75,77,63,69,77,59,54,67,37,48,39,35,57,52,70,70,76,62,55,56,57,70,84,48,80,66,90,98,63,76,73,31,13,8,19,12,12,17,15,87,11,27,14,20,21,16,17,35,21,28,30,40,56,32,29,48,27
AE,United Arab Emirates,,328,204,331,321,305,328,331,217,336,347,285,371,314,279,223,223,306,208,331,224,223,240,260,226,260,189,185,102,103,147,149,153,168,169,242,124,123,128,159,208,177,278,137,308,296,356,143,418,308,186,316,664,408,600,372,267,289,368,505,290,243,316,363,305,308,232,304,372,349,267,243,198,393,318,262,347
US,United States inc Puerto Rico,,3219,2661,3070,3335,3427,3502,3317,4137,3341,3745,3843,4016,4607,4497,4700,3571,3629,3321,3795,4092,3854,3868,3481,3424,3642,4284,3719,2618,2366,2383,2606,2669,3019,2915,3753,3603,3150,3599,2789,2802,3199,3302,3295,3257,3342,3182,3077,4253,5417,4841,5313,5056,4428,4031,3928,4222,5545,5717,6366,7028,7232,5232,5425,5308,5453,3932,4004,3878,3761,4459,4404,4860,5043,4645,4434,5083
UY,Uruguay,,5,5,4,3,5,4,5,8,6,6,6,5,7,4,3,4,3,4,3,4,4,10,3,3,3,2,3,2,2,3,5,5,7,3,9,3,2,12,4,4,31,7,4,7,5,7,11,6,4,72,20,57,6,26,31,7,8,9,11,7,30,28,17,20,9,9,10,6,9,5,11,5,9,4,5,27
UM,US Minor Outlying Islands,,0,0,0,0,0,0,0,0,0,0,0,0,0,0,0,0,0,0,0,0,0,0,0,0,0,0,0,0,0,0,0,0,0,0,0,0,0,0,0,0,0,0,0,0,0,0,0,0,0,0,0,0,0,0,0,0,0,0,0,0,39,0,0,0,0,0,0,0,0,0,0,0,0,0,0,0
VI,US Virgin Islands,,0,0,0,0,0,0,0,0,0,0,0,0,0,0,0,0,0,0,0,0,0,0,0,1,0,0,0,0,0,0,0,0,0,0,0,0,0,0,0,0,0,0,0,0,0,0,0,0,0,0,0,0,0,0,0,0,0,0,0,0,0,0,0,0,0,0,0,0,0,0,0,0,0,0,0,0
UZ,Uzbekistan,,0,0,0,0,0,0,0,0,0,0,0,0,0,23,0,0,0,0,0,0,19,0,0,8,0,11,0,0,0,1,23,27,13,0,0,0,35,0,1,140,20,19,1,1,14,1,1,1,0,2,1,0,0,0,1,1,1,1,1,2,2,1,1,0,46,0,1,0,1,1,1,0,1,1,0,1
VU,Vanuatu,,0,0,0,0,0,0,0,0,0,0,0,0,0,0,0,0,0,0,0,0,0,0,0,0,0,0,0,0,0,0,0,0,0,0,0,0,0,0,0,0,0,0,0,0,0,0,0,0,0,0,0,0,0,0,0,0,0,0,0,0,0,0,0,0,0,0,0,0,0,0,0,0,0,0,0,0
VA,Vatican City,,0,0,0,0,0,0,0,0,0,0,0,0,0,0,0,0,0,0,0,0,0,0,0,0,0,0,0,0,0,0,0,0,0,0,0,0,0,0,0,0,0,0,0,0,0,0,1,0,0,0,0,0,0,0,0,0,0,0,0,0,0,0,0,0,0,0,0,0,0,0,0,0,0,0,0,0
VE,Venezuela,,0,3,0,7,0,4,0,8,4,4,5,5,3,0,5,11,12,0,4,2,2,4,4,0,5,0,4,7,0,5,4,0,3,0,3,5,3,0,2,3,2,2,3,5,1,3,3,3,0,0,5,0,1,0,0,1,1,0,0,0,0,17,0,0,0,2,6,0,5,0,5,0,0,0,0,0
VN,Vietnam,,352,318,385,302,366,357,367,381,429,405,422,367,379,317,424,387,339,343,403,476,394,478,400,347,297,298,415,313,195,301,374,362,406,359,325,299,419,249,389,314,359,377,404,360,511,359,328,364,432,370,494,399,398,503,423,524,515,525,548,400,441,368,319,321,343,327,438,406,388,486,378,305,453,337,399,427
WF,Wallis and Futuna,,0,0,0,0,0,0,0,0,0,0,0,0,0,0,0,0,0,0,0,0,0,0,0,0,0,0,0,0,0,0,0,0,0,0,0,0,0,0,0,0,0,0,0,0,0,0,0,0,0,0,0,0,0,0,0,0,0,0,0,0,0,0,0,0,0,0,0,0,0,0,0,0,0,0,0,0
YE,Yemen,,0,0,0,0,0,0,0,0,0,0,0,0,0,0,0,0,0,0,0,0,0,0,0,0,0,0,0,0,0,0,0,0,5,0,0,0,0,0,0,0,0,0,0,0,0,0,0,0,0,0,0,0,0,0,0,0,0,0,0,0,0,0,0,0,0,0,0,0,0,0,0,0,0,0,0,0
ZM,Zambia,,0,0,0,0,1,1,0,1,1,0,1,0,0,0,0,0,0,1,0,1,1,0,0,0,0,0,0,0,0,0,1,1,2,3,2,2,3,2,0,0,0,0,1,0,1,0,0,0,0,0,0,0,0,0,0,0,0,1,0,0,0,0,0,0,0,0,0,0,1,0,0,0,0,0,0,0
ZW,Zimbabwe,,7,7,7,8,10,3,17,2,7,15,6,10,0,33,9,32,12,8,8,8,9,6,1,0,0,1,0,0,1,1,60,12,1,1,0,25,0,14,0,0,1,1,86,1,1,1,1,0,0,0,0,0,0,1,1,1,1,1,0,0,0,0,0,0,0,1,0,1,1,1,0,0,0,0,0,0
D5,Total Non EU [note 4],,18393,16567,18573,18552,18118,18602,19357,20982,19031,19956,19759,19511,23237,23588,22953,20957,19716,18186,19412,20136,20186,19946,17592,17175,18398,19679,16566,13762,12892,15101,16458,16087,18308,18962,20589,21861,20741,21153,19398,20582,19777,20451,22251,21284,22286,22022,22794,24178,27736,27689,28933,27105,28315,27550,27123,32537,30289,25045,25415,26276,25410,24144,22597,22482,24477,20249,20604,21162,19531,22214,20855,19106,20378,19868,19958,23242
W1,Total,,41314,37964,41100,40636,41341,40858,41485,42840,40783,42637,42602,41734,46667,47524,48511,42064,41110,40315,41706,42740,42875,44229,38014,37445,38562,39586,35954,27457,26996,32641,35163,35215,38980,41012,43406,46783,38538,39683,38639,39925,39169,40778,42582,41194,43241,42234,43415,44942,51227,50811,53696,52934,55374,52867,53281,58634,53972,50932,52439,54492,51399,50750,49948,48369,51862,48031,47389,47489,44469,49401,47377,44709,45977,45721,45046,50951
,,,,,,,,,,,,,,,,,,,,,,,,,,,,,,,,,,,,,,,,,,,,,,,,,,,,,,,,,,,,,,,,,,,,,,,,,,,,,,
