"5. Monthly Exports: UK trade in goods monthly exports to all countries, current prices, seasonally adjusted, [note 1]",,,,,,,,,,,,,,,,,,,,,,,,,,,,,,,,,,,,,,,,,,,,,,,,,,,,,,,,,,,,,,,,,,,,,,,,,,,,,
This worksheet contains one table and notes which can be found on the notes worksheet.,,,,,,,,,,,,,,,,,,,,,,,,,,,,,,,,,,,,,,,,,,,,,,,,,,,,,,,,,,,,,,,,,,,,,,,,,,,,,
"Source: Office for National Statistics - UK trade statistics, current prices, seasonally adjusted",,,,,,,,,,,,,,,,,,,,,,,,,,,,,,,,,,,,,,,,,,,,,,,,,,,,,,,,,,,,,,,,,,,,,,,,,,,,,
Country Code,Country Name,,2018Jan,2018Feb,2018Mar,2018Apr,2018May,2018Jun,2018Jul,2018Aug,2018Sep,2018Oct,2018Nov,2018Dec,2019Jan,2019Feb,2019Mar,2019Apr,2019May,2019Jun,2019Jul,2019Aug,2019Sep,2019Oct,2019Nov,2019Dec,2020Jan,2020Feb,2020Mar,2020Apr,2020May,2020Jun,2020Jul,2020Aug,2020Sep,2020Oct,2020Nov,2020Dec,2021Jan,2021Feb,2021Mar,2021Apr,2021May,2021Jun,2021Jul,2021Aug,2021Sep,2021Oct,2021Nov,2021Dec,2022Jan,2022Feb,2022Mar,2022Apr,2022May,2022Jun,2022Jul,2022Aug,2022Sep,2022Oct,2022Nov,2022Dec,2023Jan,2023Feb,2023Mar,2023Apr,2023May,2023Jun,2023Jul,2023Aug,2023Sep,2023Oct,2023Nov,2023Dec,2024Jan,2024Feb,2024Mar
AT,Austria,,192,179,206,160,171,178,156,145,170,191,180,141,184,178,201,151,170,180,158,143,165,170,130,109,145,136,126,321,113,114,122,118,144,135,145,164,77,111,149,143,141,167,135,128,119,130,171,143,78,132,130,143,146,137,137,345,211,127,120,131,136,139,179,137,140,135,140,142,137,148,154,135,138,143,113
BE,Belgium,,1123,1084,1158,1241,1204,1358,1388,1447,1285,1047,1119,1108,1216,1187,1273,996,1195,1158,950,1039,1117,1129,906,1028,1043,1031,915,676,787,900,878,900,883,971,1045,1028,770,1443,1374,1188,1414,1225,1275,1239,1334,1840,1553,1743,1515,2086,2466,2682,2244,2301,2732,3520,2846,2088,1843,2810,1451,1450,1463,1444,1379,1485,1421,1481,1404,1415,1700,1544,1634,1716,1396
BG,Bulgaria,,52,35,38,40,43,40,31,35,37,42,40,30,34,34,36,31,34,28,35,26,37,43,32,28,36,32,32,19,20,21,30,50,40,37,40,33,29,22,34,20,21,21,20,20,24,24,27,29,16,38,35,31,26,25,26,24,25,41,59,43,36,37,41,26,28,31,26,27,31,37,41,35,24,29,57
HR,Croatia,,17,26,18,19,16,16,71,14,20,19,20,21,19,24,23,16,24,19,17,14,22,22,15,15,20,17,17,13,12,17,40,17,21,18,18,21,9,8,13,23,16,15,11,15,10,12,11,10,10,13,12,15,26,11,18,13,24,12,12,14,13,14,17,14,14,15,14,14,12,17,16,22,16,14,15
CY,Cyprus,,30,32,36,30,31,43,32,28,31,32,34,39,67,33,50,28,39,42,34,28,37,32,34,26,33,40,35,51,23,28,34,29,69,36,37,56,15,22,30,25,45,24,25,22,19,23,31,34,26,23,29,22,33,32,34,27,26,35,34,35,25,28,43,64,34,35,34,33,31,42,37,40,38,24,46
CZ,Czechia,,189,192,211,212,212,191,187,211,191,184,200,193,191,209,254,183,200,228,199,188,188,186,173,173,185,180,168,155,162,162,207,172,185,183,185,212,78,133,172,162,194,168,157,155,207,161,163,180,135,197,164,222,190,185,210,189,191,195,196,194,188,178,199,199,207,202,194,220,171,191,214,187,181,178,175
DK,Denmark,,231,229,221,236,237,241,209,318,216,217,229,215,232,274,284,190,217,222,202,218,219,251,215,213,230,233,199,181,167,192,195,182,194,187,195,242,128,179,192,228,247,218,229,220,202,209,299,245,187,216,322,265,257,200,267,375,273,266,282,218,306,231,272,203,215,239,213,296,174,227,175,201,205,227,192
EE,Estonia,,19,21,22,22,35,25,20,21,19,29,22,19,23,19,26,19,23,21,20,18,25,30,18,17,18,18,24,14,13,19,18,17,21,22,23,25,13,19,22,26,19,19,20,27,20,22,26,23,12,27,35,35,27,26,29,20,27,23,23,36,26,25,38,26,24,23,24,21,31,34,38,23,16,22,21
FI,Finland,,121,127,125,111,129,128,126,122,109,116,119,100,133,156,121,94,121,87,112,100,102,119,127,86,106,105,115,86,119,108,112,99,122,89,101,101,62,86,82,87,85,83,84,78,84,86,76,126,76,99,159,164,148,166,155,114,94,131,134,95,119,174,111,188,123,87,89,88,136,98,111,111,151,128,141
FR,France,,1998,1898,2009,2030,2010,2043,1909,2296,1909,1916,2103,1967,2141,2109,2663,1918,1876,1964,2078,2120,2028,2050,1891,1929,1855,1873,1566,1038,1156,1603,1564,1572,1671,1681,1509,1640,846,1542,1743,1658,1841,1878,1699,1644,1596,1642,1762,1843,1290,2035,2009,2122,2419,2203,2426,2389,2323,2104,2382,2252,2222,2071,2024,1999,1962,1948,2032,2064,1952,2366,2001,2161,1876,2000,2060
DE,Germany,,3100,3002,3018,2850,3062,3017,3231,3063,2907,3104,3005,3110,3164,3312,3056,2672,3083,2876,3261,3109,3214,3217,2849,3252,3177,3131,2355,2382,2265,2811,2410,2666,2634,2890,2964,3231,1625,2383,2651,2741,2874,2715,2578,2256,2389,2488,2724,2687,2006,2721,3066,2801,2883,2793,2966,3035,3060,2907,2739,2902,2747,3152,2712,2984,2796,2778,2778,2678,2721,2704,2717,3008,2654,2723,2590
GR,Greece,,157,76,94,82,190,171,229,121,180,153,113,129,116,87,92,81,81,90,85,76,133,93,102,99,94,86,119,58,54,64,112,109,87,98,83,82,34,46,83,58,68,102,77,50,74,89,75,82,68,77,110,110,78,65,68,62,75,110,124,92,55,114,111,133,91,71,89,169,91,171,102,69,74,78,79
HU,Hungary,,118,120,124,134,127,124,158,132,122,128,127,127,118,122,115,109,114,121,120,139,116,128,105,103,117,107,111,88,91,91,91,96,113,111,128,116,62,105,126,101,107,80,125,120,173,109,120,120,83,123,91,158,119,114,108,105,110,143,111,119,117,125,120,148,132,128,120,119,123,121,125,131,119,131,129
IE,Ireland,,1706,1743,1780,1687,1810,1784,1830,1814,1772,1767,1764,1726,1781,1794,2301,1803,1740,1799,1799,1822,1814,1919,1556,1809,1759,1628,1700,1395,1596,1626,1770,1740,1844,2120,2391,2339,1005,1417,1884,1864,1892,2094,1801,1751,1823,1967,1857,2486,1948,2628,2537,2529,2513,2637,2864,2826,2474,2526,2273,2581,2474,2639,2253,2422,2427,2555,2353,2371,2311,2205,2217,1865,2146,2029,2108
IT,Italy,,944,889,864,912,888,851,828,908,924,906,907,911,862,876,955,841,884,892,911,810,844,857,777,947,756,844,700,488,508,734,802,798,742,811,797,858,352,799,804,790,880,960,805,719,809,763,806,730,521,829,874,831,796,762,735,789,837,824,781,835,869,822,807,844,824,833,855,899,839,759,1137,897,656,749,818
LV,Latvia,,30,28,30,28,33,32,40,37,33,39,38,30,31,33,32,25,26,31,36,46,40,40,31,28,33,28,32,21,22,29,40,37,49,48,55,35,12,23,35,33,38,29,43,43,46,40,63,37,35,45,32,19,17,22,24,22,31,33,41,38,27,33,37,32,26,26,35,33,30,27,39,31,17,23,37
LT,Lithuania,,35,34,38,45,47,84,46,38,37,55,45,29,35,34,97,37,105,43,48,32,49,39,56,27,32,31,33,87,26,36,32,33,75,42,37,36,20,41,50,51,42,50,52,47,42,43,66,97,79,53,170,101,47,166,166,162,39,43,111,98,94,54,57,88,92,50,40,44,38,107,54,87,89,82,93
LU,Luxembourg,,22,18,16,18,19,53,26,16,21,23,20,19,20,22,26,20,20,20,20,21,22,21,19,18,19,18,21,17,17,21,21,17,22,21,25,20,37,19,49,30,38,82,33,31,52,53,59,121,64,64,40,70,53,39,59,84,71,26,50,23,67,54,46,40,24,51,42,77,39,48,33,81,61,37,70
MT,Malta,,43,74,37,57,52,46,33,42,74,41,45,47,37,124,224,47,87,31,86,30,63,65,33,26,65,42,35,43,32,30,26,49,31,42,54,44,43,33,39,41,35,23,34,20,22,26,25,23,14,23,29,23,22,38,29,45,21,26,41,58,24,40,24,38,43,33,28,25,50,31,26,24,19,196,33
NL,Netherlands,,2244,2210,2047,2286,2117,2555,2421,2091,2164,2546,2186,2145,2235,2167,2308,1704,2162,1948,1966,2107,2059,2185,1782,2078,2028,2126,1714,1445,1381,1443,1553,1489,1667,1733,1792,1994,1477,2174,2121,2203,2314,2307,2281,2476,2592,2922,2757,2759,2745,2547,3023,3311,3444,3327,3327,3495,3330,2971,3262,2951,2879,2815,2971,2640,2599,2434,2692,2599,2526,2219,2294,2275,2340,1999,2389
PL,Poland,,397,420,448,476,472,486,491,426,478,491,522,501,538,534,513,470,497,495,448,446,442,434,414,409,456,418,416,306,433,437,377,412,439,398,461,453,196,419,392,342,386,386,426,382,303,411,388,457,397,489,451,561,456,503,630,641,469,628,507,730,407,496,634,669,667,586,548,590,631,472,941,516,735,696,588
PT,Portugal,,139,147,143,134,143,147,132,140,129,120,160,116,137,128,127,149,177,154,116,183,145,136,109,90,186,121,134,119,96,121,142,153,124,137,120,139,67,123,107,87,80,91,149,86,132,112,105,183,87,100,182,132,132,104,122,88,108,129,114,129,129,111,141,135,109,108,131,110,126,92,123,111,89,130,117
RO,Romania,,125,117,107,126,114,121,112,118,121,114,133,129,119,138,135,112,109,128,118,120,114,119,95,94,181,107,90,70,95,88,100,101,105,100,117,97,87,82,94,85,89,89,76,86,79,72,84,178,78,96,101,101,98,91,102,85,83,135,85,118,132,106,104,114,106,109,110,113,115,107,102,98,142,122,105
SK,Slovakia,,50,52,53,48,51,54,50,51,54,62,66,42,60,68,73,59,69,68,72,70,78,80,68,50,67,56,48,32,35,43,47,50,62,55,54,59,49,64,67,63,67,60,63,65,54,48,55,64,41,56,64,64,71,74,62,59,62,72,68,81,73,76,77,70,69,75,74,68,85,92,95,83,84,76,72
SI,Slovenia,,28,24,24,25,26,26,24,25,68,22,28,22,28,27,23,21,22,24,24,22,27,29,23,22,24,24,20,35,23,23,21,19,19,22,22,25,11,17,21,22,20,47,23,25,17,20,19,20,15,21,20,21,22,19,20,21,31,18,24,32,19,25,25,21,19,20,19,21,21,19,23,22,23,24,16
ES,Spain,,896,868,891,873,885,889,847,884,836,827,891,805,865,991,889,843,891,874,974,905,961,987,781,845,872,787,653,550,586,704,639,669,641,689,708,772,482,564,660,681,685,616,678,678,762,617,702,752,564,781,803,811,777,803,781,842,832,830,838,820,862,845,863,854,805,842,796,711,736,793,687,1316,733,782,763
SE,Sweden,,472,447,465,508,447,562,435,460,483,436,433,415,532,431,417,410,391,379,354,475,412,438,365,456,409,393,368,246,313,398,379,406,383,370,388,398,243,396,385,362,420,335,361,336,315,451,496,468,396,604,428,414,602,582,653,647,408,503,351,391,409,377,425,505,382,440,405,385,367,530,404,340,425,405,533
B5,Total EU27 [note 2],,14512,13922,14105,14260,14648,15105,15513,14886,14342,14533,14582,14378,14996,14917,16112,13006,14385,13759,14659,14391,14386,14714,12751,14100,13903,13423,11613,9873,10173,11644,11958,11986,12386,13134,13502,14562,7734,11974,13254,12987,13909,13515,13368,12760,13193,14668,14840,16150,12433,16044,18126,17590,17471,17180,18516,19410,17506,17493,17022,18261,16113,15883,15850,15836,15339,15044,15415,15716,14964,15221,15542,15440,14853,14415,14683
AF,Afghanistan,,15,8,5,2,5,10,3,6,4,23,14,16,8,9,13,11,12,6,10,12,11,8,10,10,11,19,8,1,2,1,1,3,2,1,2,1,10,5,1,1,1,1,0,0,0,0,0,33,0,0,0,0,0,0,0,0,0,1,0,0,0,1,0,0,0,0,0,0,0,0,0,0,0,0,0
AL,Albania,,1,1,1,2,2,1,2,1,1,1,4,1,2,3,3,2,2,1,4,2,2,1,3,2,1,2,1,0,1,1,1,1,1,1,1,1,1,1,2,1,2,1,2,3,2,4,3,2,1,2,2,2,2,4,7,6,3,2,4,3,2,5,2,6,5,5,4,2,5,3,3,3,2,2,2
DZ,Algeria,,33,19,31,30,43,36,33,46,32,44,64,49,39,21,39,24,38,37,28,37,30,31,49,38,28,96,47,21,27,16,22,17,13,15,30,12,20,20,29,16,15,22,16,12,23,24,36,146,56,40,40,22,23,11,20,21,21,21,32,30,20,24,36,32,31,33,26,35,24,27,25,24,21,24,26
AS,American Samoa,,0,0,0,0,0,0,0,0,0,0,0,0,0,0,0,0,0,0,0,0,0,0,0,0,0,0,0,0,0,0,0,0,0,0,0,0,0,0,0,0,0,0,0,0,0,0,0,0,0,0,0,0,0,0,0,0,0,0,0,0,0,0,0,0,0,0,0,0,0,0,0,0,0,0,0
AD,Andorra,,0,1,1,1,0,1,1,1,1,0,1,1,0,1,1,1,1,0,1,0,1,1,0,0,1,1,0,0,0,0,1,1,1,1,1,2,0,0,0,0,0,0,1,0,1,0,1,0,0,1,1,1,1,1,2,1,1,1,1,1,3,2,2,0,0,0,1,0,1,1,0,0,1,0,1
AO,Angola,,15,7,26,15,11,23,16,38,10,17,13,18,14,17,12,14,21,19,20,42,13,29,20,22,17,21,17,21,22,23,35,23,34,15,31,32,16,13,14,10,58,17,15,12,20,24,23,21,13,34,18,23,24,21,46,43,25,45,19,41,26,25,23,21,31,37,26,16,38,24,27,25,30,27,28
AI,Anguilla,,0,0,0,0,0,0,0,0,0,0,0,0,0,0,0,0,0,0,0,0,0,0,0,0,0,0,0,0,0,0,0,0,0,0,0,0,0,6,0,0,0,0,0,0,0,0,0,0,0,0,0,0,0,0,0,0,0,0,0,0,0,0,0,0,0,0,0,0,0,0,0,0,0,0,0
AQ,Antarctica,,0,0,0,0,0,0,0,0,0,0,0,0,0,0,0,0,0,0,0,0,0,0,0,0,0,0,0,0,0,0,0,0,0,0,0,0,0,0,0,0,0,0,0,0,0,0,0,0,0,0,0,0,0,0,0,0,0,0,0,9,0,0,0,0,1,0,0,0,0,8,2,0,0,0,0
AG,Antigua and Barbuda,,1,2,1,1,1,2,1,1,1,1,2,4,1,2,1,1,1,1,1,1,1,1,2,3,2,1,2,0,3,0,1,1,1,1,9,2,1,1,1,1,2,1,1,1,1,1,4,4,2,4,2,1,1,2,1,2,1,1,1,5,2,1,1,1,1,1,2,2,3,2,2,7,2,2,1
AR,Argentina,,37,33,29,36,30,30,27,37,34,28,26,39,37,29,38,35,29,37,35,31,34,37,29,39,27,28,28,17,16,19,16,34,27,27,35,26,33,38,34,24,29,35,35,36,29,33,32,36,59,35,42,38,45,41,84,55,53,37,41,36,32,30,34,33,32,57,42,26,31,34,30,23,37,26,36
AM,Armenia,,1,1,1,3,1,2,1,1,3,1,1,1,1,2,1,1,1,4,1,1,1,1,2,1,2,4,2,0,1,1,1,1,1,1,1,1,1,1,1,1,2,2,2,1,1,1,1,6,3,2,4,2,2,4,5,4,4,6,3,4,4,3,6,4,4,5,7,4,4,2,6,3,3,3,5
AW,Aruba,,2,1,3,2,1,1,2,1,1,1,1,1,2,0,3,3,1,1,1,2,0,0,0,0,1,1,1,0,0,0,0,1,1,1,1,1,0,1,1,0,1,0,0,1,0,0,0,0,0,1,1,1,1,0,1,1,1,0,1,0,0,0,0,1,0,0,0,1,1,2,2,1,1,0,1
AU,Australia,,434,394,362,453,378,379,369,370,424,383,387,389,450,406,390,333,393,404,402,382,313,386,336,355,288,356,373,269,312,321,408,423,399,407,408,377,390,388,398,409,429,382,372,350,457,345,352,349,394,361,400,394,373,402,399,410,405,443,439,450,438,441,387,438,436,436,456,461,408,408,415,426,390,419,432
AZ,Azerbaijan,,29,51,32,20,54,17,32,21,30,31,27,33,24,39,15,16,13,31,34,15,34,17,52,54,37,42,27,44,12,44,13,36,47,30,26,42,27,25,37,30,17,21,61,20,30,38,24,53,29,20,45,28,19,29,34,30,25,46,53,99,36,40,29,31,49,41,45,35,37,57,65,45,56,40,44
BS,The Bahamas,,2,2,20,3,2,2,2,2,2,3,2,13,3,2,5,10,3,2,1,1,2,2,2,2,3,2,4,3,2,5,2,2,2,3,2,4,16,1,3,20,2,2,2,30,1,2,3,2,2,2,3,2,3,2,2,3,2,2,2,2,2,1,3,2,1,2,2,1,2,3,2,2,1,2,61
BH,Bahrain,,39,40,31,52,40,36,35,39,66,44,68,25,28,47,34,32,25,41,49,111,55,19,54,27,40,24,36,25,43,17,21,14,9,22,4,27,27,31,27,20,25,26,18,29,19,29,28,22,27,25,25,32,29,22,27,25,84,32,37,37,23,16,26,24,29,38,32,35,28,22,31,30,25,44,40
BD,Bangladesh,,20,16,25,33,35,26,25,28,30,24,31,26,32,39,29,35,39,40,41,62,51,22,21,24,21,15,20,8,28,13,16,11,40,25,17,36,37,30,33,33,36,46,46,26,31,37,49,46,48,130,68,49,37,56,43,41,35,27,13,22,13,79,27,43,26,31,26,76,25,51,52,22,29,18,14
BB,Barbados,,2,4,3,4,4,3,4,3,3,4,4,3,5,5,4,4,3,4,3,3,3,4,4,5,5,4,5,3,2,3,4,2,6,5,4,4,3,3,4,3,5,5,3,3,5,3,5,6,3,5,5,5,5,7,7,9,4,10,8,8,7,36,7,7,6,6,5,5,5,7,6,6,4,6,4
BY,Belarus,,14,13,11,12,15,16,15,17,14,11,15,14,14,14,17,6,11,12,15,13,13,12,11,4,4,4,6,4,4,6,5,9,8,7,8,9,6,11,13,9,17,13,6,6,6,6,5,7,3,7,4,3,2,2,1,2,1,2,1,2,2,2,1,2,0,2,1,2,1,1,1,0,1,1,1
BZ,Belize,,1,0,0,0,0,1,2,0,0,0,1,0,0,0,0,0,2,0,1,1,0,0,1,1,0,1,0,0,1,1,1,0,1,0,1,1,1,1,1,1,0,0,1,1,1,0,1,1,0,0,0,1,1,1,3,0,0,1,1,0,1,1,0,0,1,1,0,0,0,3,1,1,1,1,1
BJ,Benin,,1,1,1,2,1,1,1,2,2,2,2,2,2,3,4,3,2,2,2,2,2,2,2,3,2,2,2,1,1,1,2,1,2,2,2,2,1,2,2,2,3,4,3,2,1,1,2,2,2,2,3,3,5,4,5,5,4,6,4,4,4,5,4,5,4,5,3,4,3,3,3,4,2,2,1
BM,Bermuda,,2,1,2,36,3,2,2,2,2,3,2,3,2,2,3,3,3,2,3,2,2,3,2,2,2,2,2,2,139,2,2,4,2,4,2,3,3,3,3,54,105,3,2,2,2,4,3,2,4,3,3,3,3,3,2,3,3,4,3,3,3,3,6,9,6,6,9,3,6,4,8,3,3,4,4
BT,Bhutan,,0,0,0,0,0,0,0,0,0,0,0,0,0,0,0,0,0,0,0,0,0,0,0,0,0,0,0,1,0,0,0,0,0,0,0,0,0,0,0,0,0,0,0,0,0,0,0,0,0,0,0,0,0,0,0,0,0,0,0,0,0,0,0,0,0,0,0,0,0,0,0,0,0,0,1
BO,Bolivia,,7,2,5,4,1,13,1,1,4,1,2,1,1,1,5,1,2,4,1,1,1,1,2,1,1,2,1,0,0,1,1,1,1,2,1,1,1,2,1,1,1,1,2,1,1,1,1,1,1,1,1,1,1,1,3,2,1,1,2,2,1,1,1,2,1,2,1,2,3,2,1,2,0,1,1
BQ,"Bonaire, Sint Eustatius & Saba",,0,0,1,0,0,0,0,0,0,0,0,0,0,0,0,0,0,0,0,0,0,0,0,0,0,0,0,0,0,0,0,0,0,0,0,10,0,0,0,0,0,0,0,0,0,0,0,0,0,0,0,0,0,0,0,0,0,0,0,0,0,0,0,0,0,0,0,0,0,0,0,0,0,0,0
BA,Bosnia and Herzegovina,,2,2,3,2,2,2,2,2,2,3,3,2,1,2,3,2,2,2,3,2,3,2,3,2,3,2,2,2,2,2,2,2,3,2,2,4,2,2,3,4,2,2,4,2,2,2,2,3,2,2,2,2,2,2,2,11,2,2,3,3,2,3,3,2,2,2,3,2,3,3,2,4,3,3,3
BW,Botswana,,5,1,5,4,1,5,3,1,2,2,1,5,1,2,3,5,2,2,9,3,1,4,1,1,1,1,1,0,2,1,1,2,1,1,1,1,1,1,1,1,2,1,1,2,1,1,0,1,1,1,0,1,1,1,1,4,1,1,8,1,1,1,0,0,1,1,1,1,1,1,1,1,1,2,1
BV,Bouvet Island,,0,0,0,0,0,0,0,0,0,0,0,0,0,0,0,0,0,0,0,0,0,0,0,0,0,0,0,0,0,0,0,0,0,0,0,0,0,0,0,0,0,0,0,0,0,0,0,0,0,0,0,0,0,0,0,0,0,0,0,0,0,0,0,0,0,0,0,4,0,0,0,0,0,0,0
BR,Brazil,,165,116,124,204,161,181,208,181,185,176,137,192,167,117,143,155,147,226,173,195,172,154,156,206,221,169,150,118,123,163,166,160,110,142,186,182,146,169,188,188,160,139,151,173,153,188,200,168,174,213,272,158,226,221,192,220,229,269,336,216,213,241,206,251,259,202,235,183,212,250,203,251,267,230,279
IO,British Indian Ocean Territory,,0,0,0,0,0,0,0,0,0,0,0,0,0,0,0,0,0,0,0,0,0,0,0,0,0,0,0,0,0,0,0,0,0,0,0,0,0,0,0,0,0,0,0,0,0,0,0,0,0,0,0,0,0,0,0,0,0,0,0,0,0,0,0,0,0,0,0,0,0,0,0,0,0,0,0
VG,British Virgin Islands,,0,1,0,1,1,2,2,2,4,1,1,2,1,2,1,1,1,1,1,3,0,1,1,1,1,0,1,1,13,0,0,2,1,1,1,1,1,0,0,0,0,1,1,1,0,2,1,0,0,0,1,1,0,2,0,0,1,1,0,0,2,1,7,0,1,0,0,1,1,0,0,1,0,0,0
BN,Brunei,,2,4,5,2,11,2,2,6,3,4,5,4,5,4,10,4,3,3,4,4,3,3,6,8,30,3,3,2,33,3,16,75,42,3,5,3,15,7,7,12,10,4,2,8,3,2,2,4,2,21,2,2,3,2,3,2,2,3,2,9,2,2,3,1,4,2,3,2,4,3,3,3,4,4,2
BF,Burkina Faso,,1,1,2,1,1,1,1,1,1,1,4,3,1,28,1,1,2,2,1,2,1,1,1,1,1,1,1,2,1,1,1,2,1,1,1,1,1,1,1,1,2,1,2,2,1,1,1,2,1,0,1,1,1,1,2,1,2,1,1,1,1,0,1,1,1,1,1,1,1,1,2,1,1,1,1
BI,Burundi,,0,0,0,1,0,1,0,0,0,0,1,0,1,0,0,1,1,0,1,0,1,0,0,0,0,0,0,1,0,0,0,0,0,0,0,0,0,1,0,0,0,0,0,0,0,0,0,0,0,0,0,0,0,0,0,0,0,0,0,0,0,1,0,0,0,0,1,0,0,0,0,0,0,0,0
KH,Cambodia,,1,1,2,2,3,4,4,10,5,4,4,2,9,3,5,3,4,3,3,2,3,3,7,4,6,4,4,2,2,1,3,6,2,3,4,3,4,4,8,4,5,3,3,6,4,4,3,3,5,5,5,10,6,4,5,4,3,5,11,11,5,9,11,8,4,5,3,4,4,3,4,7,3,3,4
CM,Cameroon,,4,3,2,7,4,4,4,3,3,4,4,3,2,3,6,5,3,4,4,3,3,8,4,4,3,3,4,3,4,3,4,3,5,5,3,8,2,4,5,3,4,5,4,3,4,6,4,3,3,3,4,3,4,5,4,4,5,3,3,4,3,3,7,5,3,6,4,4,4,4,4,3,2,4,2
CA,Canada,,464,494,460,489,619,586,456,458,583,459,474,431,427,579,520,379,399,371,400,492,619,525,415,519,488,453,423,614,620,580,488,594,490,474,541,456,532,452,533,428,336,641,696,437,459,425,609,480,489,514,514,342,571,415,515,529,438,538,466,578,828,534,618,761,618,539,553,488,578,509,567,516,404,566,745
CV,Cape Verde,,0,0,0,0,0,0,0,0,0,0,0,0,1,0,0,0,0,0,0,0,0,0,0,0,0,0,0,0,0,0,0,0,0,0,0,0,0,0,0,0,0,0,0,0,0,0,1,0,0,1,0,0,0,0,0,0,0,0,0,0,0,0,0,0,0,0,1,0,0,0,0,0,0,0,0
KY,Cayman Islands,,1,1,1,1,1,2,2,2,1,2,1,1,1,1,1,2,1,2,1,2,1,2,2,2,6,3,2,3,2,2,6,2,2,2,5,2,21,2,2,2,3,3,2,1,2,3,4,5,3,2,3,7,2,2,3,2,3,3,4,2,6,3,2,2,3,2,3,5,3,3,2,2,3,2,2
CF,Central African Republic,,0,1,1,1,0,0,0,1,0,0,1,0,0,0,0,0,0,0,0,0,1,0,0,0,0,0,1,0,0,0,1,0,0,1,0,1,0,0,0,0,0,0,0,0,0,0,0,0,0,0,0,0,0,0,0,0,0,0,0,0,0,1,0,0,0,0,0,0,0,0,0,0,0,0,0
TD,Chad,,1,0,2,1,2,2,3,2,3,2,2,3,2,4,3,3,3,1,4,4,3,1,1,1,1,1,2,0,0,1,0,0,0,0,1,2,1,1,2,1,1,0,1,0,1,1,0,1,2,1,1,2,1,1,2,1,1,1,3,2,4,4,4,4,1,1,0,1,0,1,0,0,0,0,0
CL,Chile,,35,30,30,63,35,72,65,82,36,59,51,55,74,38,127,61,79,44,61,75,40,40,48,62,44,27,55,25,27,25,28,48,31,31,35,32,43,42,46,56,38,36,35,46,62,36,65,35,43,38,28,47,40,35,45,55,38,37,42,50,29,38,49,36,38,42,57,48,40,44,38,33,30,36,38
CN,China,,1221,1263,1094,1193,1972,1582,1555,2137,2014,1804,1563,1337,1222,1388,1548,1206,1174,1811,3305,2266,2312,2688,4557,3202,2071,1332,1569,1501,1063,1316,1342,1551,1466,1621,1650,1504,1612,1204,1991,1811,1964,1222,1388,1463,1518,1566,1372,1848,1533,1571,1607,1348,1594,1286,1826,2986,3574,5201,4728,2115,1951,1555,1752,1394,1591,1853,2226,1563,1236,1905,2818,2037,1630,1395,1246
CX,Christmas Island,,0,0,0,0,0,0,0,0,0,0,0,0,0,0,0,0,0,0,0,0,0,0,0,0,0,0,0,0,0,0,0,0,0,0,0,0,0,0,0,0,0,0,0,0,0,0,0,0,0,0,0,0,0,0,0,0,0,0,0,0,0,0,0,0,0,0,0,0,0,0,0,0,0,0,0
CC,Cocos Islands,,0,0,0,0,0,0,0,0,0,0,0,0,0,0,0,0,0,0,0,0,0,0,0,0,0,0,0,0,0,0,0,0,0,0,0,0,0,0,0,0,0,0,0,0,0,0,0,0,0,0,0,0,0,0,0,0,0,0,0,0,0,0,0,0,0,0,0,0,0,0,0,0,0,0,0
CO,Colombia,,37,58,46,30,23,20,34,24,21,48,29,44,61,81,34,29,29,27,53,38,65,351,47,44,23,71,78,24,18,15,39,35,33,39,42,38,22,27,37,28,31,32,27,18,24,29,71,18,91,30,141,64,35,34,74,43,76,46,35,48,46,37,79,46,33,30,78,59,28,56,33,29,15,51,57
KM,Comoros,,0,0,0,0,0,0,0,0,0,0,0,0,0,0,0,0,0,0,0,0,0,0,0,0,0,0,0,0,0,0,0,0,0,0,0,0,0,0,0,0,0,0,0,0,0,0,0,0,0,0,0,0,0,0,0,0,0,0,0,0,0,0,0,0,0,0,0,0,0,0,0,0,0,0,0
CD,Congo (Democratic Republic),,3,2,1,1,3,2,2,2,2,2,7,2,4,2,2,2,3,2,2,3,2,2,2,2,2,1,1,1,2,2,2,3,4,3,3,4,2,2,3,6,3,3,3,3,2,3,4,4,2,4,2,4,2,3,3,4,5,6,7,5,4,3,2,5,4,3,3,4,3,3,2,2,2,4,4
CG,Congo,,2,3,3,2,3,4,2,3,2,2,3,3,3,1,2,2,3,3,2,3,2,2,4,2,2,1,2,2,2,2,2,2,3,2,2,4,2,1,3,2,3,1,1,2,2,3,2,2,1,2,3,2,2,2,3,4,2,3,4,6,2,2,2,2,2,16,3,4,5,5,3,3,3,2,7
CK,Cook Islands,,0,0,0,0,0,0,0,0,0,0,0,0,0,0,0,0,0,0,0,0,0,0,0,0,0,0,0,0,0,0,0,0,0,0,0,0,0,0,0,0,0,0,0,0,0,0,0,0,0,0,0,0,0,0,0,0,0,0,0,0,0,0,0,0,0,0,0,0,0,0,0,0,0,0,0
CR,Costa Rica,,5,5,4,8,6,4,6,7,5,6,7,7,6,5,6,3,4,4,5,5,4,8,6,7,3,8,6,3,2,4,5,3,3,4,5,5,3,7,9,9,4,5,5,4,3,7,6,6,3,5,11,8,7,8,10,8,7,9,7,10,9,10,11,10,10,12,11,8,13,10,11,10,5,8,10
CU,Cuba,,1,1,1,1,1,1,2,1,1,1,1,0,1,1,1,2,1,2,1,1,1,1,1,1,0,1,2,0,0,1,1,1,0,0,1,1,0,0,0,1,0,1,1,0,1,1,0,1,0,1,0,0,1,0,0,1,1,2,0,1,1,1,0,0,0,0,1,1,1,1,0,1,0,0,1
CW,Curacao,,1,1,1,1,1,1,1,2,1,1,1,1,0,1,1,1,2,1,1,0,0,1,0,0,0,1,1,1,0,0,0,1,0,3,0,0,0,0,1,1,1,1,1,1,1,1,1,2,2,1,1,1,1,1,1,1,1,0,0,0,1,1,0,1,1,1,1,1,0,0,1,0,0,0,1
DJ,Djibouti,,1,0,1,1,1,2,1,0,1,1,1,1,1,2,2,1,1,4,2,2,1,2,1,1,1,2,2,3,2,1,2,1,2,2,1,1,1,0,2,2,1,1,1,2,1,2,1,1,0,4,3,3,3,2,1,3,4,3,5,2,3,2,3,1,2,3,1,1,4,3,5,1,1,2,1
DM,Dominica,,1,1,1,1,1,1,1,1,1,1,1,0,1,1,1,1,1,1,1,1,1,0,1,2,0,1,1,0,0,0,1,1,0,1,1,1,0,3,0,0,0,1,1,1,1,1,0,2,0,1,1,1,0,1,1,1,1,1,0,1,0,1,1,0,1,1,0,0,1,1,1,0,1,0,1
DO,Dominican Republic,,8,6,8,7,8,10,7,13,11,12,12,7,6,10,9,7,7,6,8,11,10,11,8,10,7,5,8,5,6,4,7,10,7,9,11,8,5,9,9,11,12,13,17,8,13,16,10,12,8,57,17,41,23,51,17,15,38,21,21,13,10,14,13,11,10,10,20,17,21,16,10,9,10,17,23
TL,East Timor,,0,0,0,0,0,0,0,0,0,0,0,0,0,0,0,0,0,0,0,0,0,0,0,0,0,0,0,0,0,0,0,0,0,0,0,0,0,0,0,0,0,0,0,0,0,0,0,0,0,0,2,0,0,0,0,0,0,0,0,0,0,0,0,0,0,0,0,0,0,0,0,0,0,0,0
EC,Ecuador,,9,5,8,6,7,11,10,7,8,12,8,9,5,12,12,6,12,8,7,6,8,13,4,7,7,12,11,4,3,16,3,2,5,6,3,4,5,5,7,6,4,6,6,5,6,5,6,8,6,6,8,7,7,7,9,8,7,10,8,10,5,10,8,8,7,9,8,12,12,8,7,6,4,11,10
EG,Egypt,,104,106,102,114,102,128,90,123,107,114,113,113,105,259,109,80,97,114,131,97,166,107,104,123,104,107,96,101,110,100,73,61,95,90,97,102,99,176,88,131,118,113,135,148,130,139,145,162,183,130,176,140,169,173,184,154,148,143,161,97,140,125,141,175,125,140,121,146,151,163,148,140,154,163,154
SV,El Salvador,,2,2,2,3,2,2,3,3,4,3,2,2,3,3,3,3,5,4,4,20,1,1,3,2,1,1,1,1,1,1,1,1,2,4,4,3,2,2,3,2,1,3,2,1,2,2,3,3,2,2,2,2,1,1,1,1,3,1,2,1,2,2,5,3,2,3,1,2,2,2,2,2,1,2,2
GQ,Equatorial Guinea,,2,4,1,2,2,1,3,3,2,2,6,1,8,4,3,5,6,2,4,4,3,2,2,3,2,2,4,2,3,3,3,3,3,2,4,2,5,2,3,1,2,2,2,4,2,5,3,3,1,2,2,2,2,3,2,3,2,3,3,2,3,1,4,2,3,2,4,4,7,5,6,2,6,12,2
ER,Eritrea,,0,0,1,0,0,0,0,0,0,0,2,0,1,0,0,0,0,0,0,0,0,0,0,0,0,0,0,0,0,0,0,1,0,0,0,0,0,0,0,0,0,1,0,0,0,0,0,0,0,0,0,0,1,0,0,4,0,0,0,0,0,0,1,0,1,0,0,1,0,0,0,0,0,0,0
SZ,Eswatini,,0,0,0,0,0,0,0,0,0,0,0,0,1,0,0,0,0,0,0,0,0,0,0,0,0,0,0,0,0,0,0,0,0,0,0,0,0,0,0,0,1,0,1,1,1,1,1,0,1,0,0,0,1,1,0,0,0,0,0,0,0,0,0,0,0,0,1,0,0,0,0,0,0,0,0
ET,Ethiopia,,56,11,12,11,32,31,11,35,17,21,38,11,86,38,18,44,38,50,19,64,40,24,70,19,43,67,17,9,34,59,13,8,16,15,12,13,11,34,35,31,36,56,67,37,68,31,10,36,39,38,29,82,15,43,74,14,15,7,7,6,5,4,8,33,7,27,41,7,6,7,8,11,6,8,8
FK,Falkland Islands,,5,2,5,2,9,2,7,6,2,5,11,0,15,2,2,4,5,2,7,2,8,2,10,4,8,0,10,3,3,2,5,6,2,6,6,3,5,2,5,2,7,0,8,5,7,4,6,17,16,2,5,0,9,6,8,3,5,7,6,4,9,10,6,8,2,12,8,10,4,15,16,5,8,5,4
FO,Faroe Islands,,1,1,2,2,2,1,3,6,2,5,1,8,4,5,2,1,1,1,2,2,2,3,2,1,2,2,2,3,2,3,3,3,6,3,2,3,3,1,1,2,1,1,1,1,1,2,1,2,3,1,2,1,1,1,2,1,1,1,2,1,1,1,5,1,3,6,1,1,2,2,1,1,1,1,1
FJ,Fiji,,1,1,2,1,1,1,2,1,1,1,4,2,1,1,1,1,1,1,1,1,1,1,2,2,1,1,1,0,1,1,0,0,1,0,1,0,1,1,0,0,1,0,0,1,0,1,1,0,0,0,0,0,1,0,0,0,0,9,0,1,0,1,1,0,0,1,0,1,0,0,0,0,0,0,0
PF,French Polynesia,,1,1,1,1,1,1,0,0,1,1,0,0,0,1,1,0,1,1,1,1,1,1,1,0,1,0,1,0,0,0,1,1,0,1,0,1,0,1,1,0,0,0,1,0,1,0,1,0,0,1,1,1,1,0,1,1,0,1,1,1,0,0,1,1,0,0,0,0,1,0,0,0,1,1,0
TF,French Southern Territories,,0,0,0,0,0,0,0,0,0,0,0,0,0,0,0,0,0,0,0,0,0,0,0,0,0,0,0,0,0,0,0,0,0,0,0,0,0,0,0,0,0,0,0,0,0,0,0,0,0,0,0,0,0,0,0,0,0,0,0,0,0,0,0,0,0,0,0,0,0,0,0,0,0,0,0
GA,Gabon,,6,1,2,2,2,2,3,2,3,2,3,3,2,2,3,2,3,3,4,3,8,4,3,8,4,2,2,3,2,2,5,2,2,11,1,6,3,3,3,4,5,5,3,3,2,4,3,3,2,3,8,2,2,3,19,4,3,8,5,6,5,3,3,3,3,7,6,2,2,3,4,2,2,3,3
GM,The Gambia,,2,2,2,3,3,2,3,2,2,3,4,2,2,9,2,2,3,2,2,2,2,3,3,3,2,2,2,2,1,2,2,2,2,3,3,3,2,2,3,3,2,2,2,2,2,3,2,2,2,3,3,3,2,2,2,2,3,3,4,2,2,3,3,2,4,3,3,2,2,2,3,3,2,3,2
GE,Georgia,,5,4,4,6,6,8,13,5,7,9,6,3,4,4,15,12,5,7,11,11,8,7,6,10,9,10,7,3,2,3,4,10,6,7,5,7,6,5,7,8,7,6,5,6,13,8,7,11,6,9,9,8,9,9,17,14,12,11,12,17,8,11,11,13,11,16,16,12,20,14,15,15,10,14,18
GH,Ghana,,26,26,32,33,30,42,39,33,24,35,32,28,32,28,34,26,32,42,28,32,30,35,37,35,26,29,30,18,26,27,31,31,31,33,30,26,32,40,35,54,38,33,41,40,36,32,46,32,26,28,39,33,33,87,60,39,38,45,40,31,19,37,31,30,31,33,32,45,27,32,42,31,31,23,31
GI,Gibraltar,,11,31,30,32,73,50,25,23,19,28,28,36,49,24,28,42,42,39,34,31,23,161,47,51,18,22,42,11,23,75,38,13,27,230,108,58,15,35,44,52,47,19,28,21,32,20,61,34,44,12,45,55,18,62,133,41,11,77,46,49,14,16,44,27,27,39,30,11,15,21,14,49,28,9,38
GL,Greenland,,0,0,0,0,0,1,0,0,0,0,0,0,0,0,0,0,1,0,0,0,0,0,0,0,0,0,0,0,0,0,0,0,0,0,1,0,0,0,0,0,0,0,1,0,0,0,0,0,0,0,0,0,1,0,1,0,0,0,0,0,0,0,0,0,0,3,0,0,0,0,0,0,0,0,0
GD,Grenada,,1,2,1,1,1,1,2,1,1,1,1,1,1,1,1,1,1,1,1,1,1,1,1,1,0,1,1,0,0,1,1,1,0,1,1,1,0,1,1,1,1,1,1,1,1,1,1,1,1,1,1,1,1,1,1,1,1,2,0,1,0,1,1,1,1,1,1,1,1,1,1,1,0,1,1
GU,Guam,,0,0,0,0,0,0,0,0,0,0,0,0,0,0,0,0,0,0,0,0,0,0,0,0,0,0,0,0,0,0,0,0,0,0,0,0,0,0,0,0,0,0,0,0,3,1,0,0,0,0,0,0,0,0,0,0,0,0,0,0,1,0,0,0,0,0,1,1,0,0,0,0,0,0,0
GT,Guatemala,,3,2,2,3,2,2,3,6,4,3,3,3,3,3,5,2,4,4,9,15,5,6,4,4,3,4,4,2,2,2,3,2,3,3,2,4,2,2,4,4,4,3,4,2,4,4,3,4,1,4,3,4,4,3,31,4,3,5,3,4,4,3,3,3,6,3,2,4,8,4,7,5,4,6,4
GG,Guernsey,,33,29,31,25,31,28,26,26,29,30,26,26,41,67,73,35,55,37,36,34,38,34,34,34,25,20,14,16,16,25,14,17,16,24,16,17,9,8,7,31,29,25,30,25,27,13,12,11,11,15,12,69,53,57,38,35,28,21,29,18,15,12,13,3,4,3,21,20,20,27,27,25,70,55,65
GN,Guinea,,1,3,3,2,2,1,1,1,1,2,2,3,2,4,2,2,2,2,2,2,2,2,2,2,1,1,2,1,2,2,2,1,2,2,5,9,1,2,3,1,2,1,1,3,2,2,2,3,1,2,2,1,2,4,1,12,2,1,2,3,2,3,4,6,1,3,1,2,1,1,2,2,3,1,1
GW,Guinea Bissau,,0,0,0,0,0,0,0,0,0,0,0,0,0,0,0,0,0,0,0,0,0,0,0,0,0,0,0,0,0,0,0,0,0,0,0,0,0,0,0,0,0,0,0,0,0,0,0,0,0,0,0,0,0,0,0,0,0,0,0,0,0,0,0,0,0,0,0,0,0,0,0,0,0,0,0
GY,Guyana,,1,3,3,2,2,3,2,3,2,3,3,2,2,6,3,6,8,5,3,2,2,4,4,2,5,3,6,12,15,6,5,5,4,4,5,4,4,5,6,6,4,9,6,8,6,12,5,6,8,5,9,8,9,11,15,7,12,9,12,9,20,13,10,14,10,13,9,15,10,13,13,11,9,19,22
HT,Haiti,,1,1,1,1,1,1,1,1,2,1,1,1,1,1,1,1,1,1,1,1,1,0,1,1,1,1,1,1,1,1,0,1,0,1,1,1,0,1,1,1,1,1,1,2,1,1,0,1,1,1,1,1,1,1,1,0,0,0,0,0,1,0,0,1,0,0,1,0,1,0,0,0,0,2,0
HM,Heard and McDonald Islands,,0,0,0,0,0,0,0,0,0,0,0,0,0,0,0,0,0,0,0,0,0,0,0,0,0,0,0,0,0,0,0,0,0,0,0,0,0,0,0,0,0,0,0,0,0,0,0,0,0,0,0,0,0,0,0,0,0,0,0,0,0,0,0,0,0,0,0,0,0,0,0,0,0,0,0
HN,Honduras,,1,1,1,1,1,1,1,1,1,1,2,1,1,1,1,1,1,1,1,1,1,1,1,1,0,1,1,0,0,1,1,1,1,1,1,1,1,1,1,1,1,3,3,1,2,1,1,0,1,1,1,1,1,24,1,0,1,1,1,1,1,1,1,1,2,1,0,1,1,1,1,2,1,1,2
HK,Hong Kong,,673,509,651,697,630,529,672,642,694,717,743,609,595,541,740,619,685,598,631,906,784,734,589,683,566,540,845,854,742,577,534,567,647,759,726,625,521,524,612,549,649,608,659,620,569,669,575,769,476,424,481,677,563,784,1239,1573,1078,897,1679,3003,1151,927,703,654,734,803,783,693,816,879,999,639,724,771,568
IS,Iceland,,21,21,31,28,33,30,23,28,31,34,32,31,21,36,38,22,32,24,30,22,22,25,24,19,22,20,24,19,22,24,30,27,27,50,28,25,38,26,30,21,30,23,26,23,21,38,33,29,23,24,26,29,33,23,28,26,28,70,87,26,39,35,32,28,29,32,30,32,33,30,28,24,24,27,27
IN,India,,363,550,642,451,312,358,402,392,438,425,364,510,356,304,354,382,502,595,404,385,291,349,292,422,298,313,269,208,160,200,244,304,254,277,352,350,342,336,426,313,349,276,318,311,486,648,399,576,513,399,473,413,518,501,586,571,679,537,540,519,477,387,433,431,389,411,453,479,403,1183,552,393,582,857,459
ID,Indonesia,,57,66,50,81,52,42,61,73,77,75,75,64,70,43,51,46,60,51,71,56,54,68,67,51,45,51,52,34,74,50,46,43,52,45,41,51,42,48,83,57,59,58,64,65,67,84,68,59,51,59,73,58,72,151,70,72,64,74,59,65,84,84,87,95,70,73,79,79,56,79,68,59,54,50,84
IR,Iran,,16,14,21,11,16,14,12,22,14,15,10,8,7,6,9,4,6,7,9,7,6,9,5,8,4,5,3,4,3,10,8,6,5,4,5,5,6,8,4,4,5,8,6,5,5,7,6,6,3,5,6,3,5,4,4,4,5,7,8,10,5,6,6,4,3,5,5,6,8,5,6,9,3,8,3
IQ,Iraq,,20,20,23,21,33,34,34,27,28,55,41,40,37,53,34,24,35,20,29,32,29,35,37,48,30,33,39,27,26,34,39,26,22,25,34,31,37,22,37,30,37,27,28,20,23,35,45,23,24,44,23,31,30,42,55,44,27,45,55,45,41,26,41,43,52,43,43,46,40,34,49,34,38,44,52
IM,Isle of Man,,0,0,0,0,0,0,0,0,0,0,0,0,0,0,0,0,0,0,0,0,0,0,0,0,0,0,0,0,0,0,0,0,0,0,0,0,0,0,0,0,0,0,0,0,0,0,0,0,0,0,0,0,0,0,0,0,0,0,0,0,1,1,1,0,0,0,0,0,0,0,0,0,16,18,18
IL,Israel,,99,195,92,97,100,120,95,80,92,96,83,91,103,118,136,111,98,107,125,93,112,132,157,121,144,110,120,105,77,113,131,131,170,285,193,104,111,116,110,114,160,115,133,149,127,118,129,151,127,144,152,194,149,176,131,140,145,173,147,173,151,151,157,138,108,144,192,117,111,116,125,103,112,107,105
CI,Ivory Coast,,6,8,8,7,9,9,12,7,5,10,9,6,9,5,5,8,6,4,5,6,6,5,7,7,10,14,10,11,9,7,10,6,11,8,7,7,8,12,10,9,9,12,8,10,7,8,7,9,6,7,8,6,10,12,9,17,17,18,18,15,12,12,37,36,28,9,14,10,8,11,9,8,17,8,9
JM,Jamaica,,4,3,3,4,5,4,6,6,4,5,4,3,3,4,4,5,6,6,5,5,6,6,4,5,3,4,5,5,3,3,5,4,3,3,4,4,3,6,3,4,4,4,5,4,4,3,3,4,3,3,6,4,5,4,5,5,4,4,6,4,5,5,6,5,8,8,6,5,5,7,6,6,5,4,8
JP,Japan,,503,577,501,522,500,694,579,641,599,593,649,550,600,559,653,578,582,635,629,596,538,562,572,542,469,499,515,497,420,463,548,541,640,594,540,615,718,605,542,566,658,591,471,513,533,485,466,568,588,573,561,622,748,583,620,537,557,535,571,539,585,546,550,760,440,572,592,490,460,499,573,505,615,477,553
JE,Jersey,,14,11,15,14,16,16,14,14,14,15,14,15,14,15,14,12,13,12,14,15,15,14,13,15,64,22,16,15,23,21,48,21,30,25,22,33,9,10,10,10,11,11,17,16,17,18,19,17,11,11,10,22,20,20,15,16,15,14,16,15,17,16,16,12,9,10,17,18,17,14,14,15,22,19,22
JO,Jordan,,23,25,23,23,22,19,21,17,19,25,18,21,17,20,24,23,26,22,22,21,27,25,23,22,17,22,23,14,15,14,15,15,37,18,14,43,15,12,20,16,22,19,16,18,45,19,21,21,18,16,23,26,30,23,27,22,47,28,36,35,22,46,31,51,24,29,46,46,43,37,25,19,51,50,37
KZ,Kazakhstan,,26,25,31,28,20,24,41,20,42,39,30,27,33,56,42,24,37,26,33,37,29,37,34,27,65,38,26,19,16,21,12,19,13,13,10,13,11,16,16,44,28,17,47,18,18,19,22,69,22,17,35,18,23,26,28,25,34,26,36,36,32,27,27,37,27,36,31,27,29,32,28,33,41,24,34
KE,Kenya,,34,58,25,43,21,55,25,25,27,17,21,48,27,22,29,26,33,27,47,29,28,28,27,26,17,31,22,26,13,20,24,26,28,17,25,28,24,25,30,27,36,28,25,28,23,25,25,24,22,56,23,24,23,26,26,23,23,43,28,23,19,22,23,18,23,22,40,23,20,21,15,16,19,25,37
KI,Kiribati,,0,0,0,0,0,0,0,0,0,0,0,0,0,0,0,0,0,0,0,0,0,0,0,0,0,0,0,0,0,0,0,0,0,0,0,0,0,0,0,0,0,0,0,0,0,0,0,0,0,0,0,0,0,0,0,0,0,0,0,0,0,0,0,0,0,0,0,0,0,0,0,0,0,0,0
XK,Kosovo,,0,0,1,1,1,1,0,1,0,1,1,1,1,0,1,0,1,1,1,0,1,0,1,1,1,0,0,0,2,1,1,1,1,1,1,1,1,1,2,1,1,1,1,1,1,1,1,1,0,1,1,1,1,1,1,1,1,1,1,1,0,1,1,1,1,1,1,1,2,1,1,1,1,1,1
KW,Kuwait,,42,49,53,50,42,47,59,44,53,44,47,53,53,46,54,52,41,35,44,46,48,45,43,52,40,35,38,32,28,29,30,30,38,40,39,49,37,47,83,54,40,38,57,46,53,38,63,45,35,27,47,64,51,46,57,48,43,62,105,69,56,62,50,72,93,79,59,46,54,53,95,63,33,51,48
KG,Kyrgyzstan,,0,0,1,0,0,0,1,1,0,0,1,0,0,0,1,0,0,1,0,0,0,0,1,1,0,0,1,1,0,1,0,0,0,0,0,1,0,0,0,0,0,1,0,0,0,0,0,0,0,0,0,0,1,1,1,2,7,6,7,6,3,5,4,4,11,4,3,4,3,3,5,3,3,4,3
LA,Laos,,0,1,1,1,1,1,1,0,0,1,1,1,1,2,0,1,1,1,0,1,1,1,1,1,0,0,0,0,0,0,0,1,0,0,0,1,0,0,1,0,0,0,2,0,2,1,2,3,2,1,0,1,0,1,1,1,1,1,1,0,0,0,0,1,0,0,0,0,1,0,1,0,0,1,0
LB,Lebanon,,23,26,35,30,35,31,32,25,39,39,40,37,27,29,35,29,26,25,36,28,42,28,28,19,18,28,23,17,15,34,10,7,15,15,13,20,10,10,17,18,13,12,15,9,11,25,19,40,21,20,26,19,20,15,27,31,19,32,27,21,26,17,22,24,22,29,25,22,26,20,18,27,25,25,21
LS,Lesotho,,0,0,0,0,0,0,1,0,0,0,0,0,0,0,0,0,0,0,0,0,0,0,0,0,0,0,0,0,0,0,0,0,0,0,0,0,0,1,0,0,0,0,0,0,0,0,0,0,0,0,0,0,0,0,0,0,0,0,0,0,0,0,0,0,0,1,0,0,0,0,0,0,0,0,0
LR,Liberia,,1,1,1,1,1,2,2,2,1,1,1,1,1,1,1,1,1,1,0,0,1,0,0,1,0,1,1,1,1,0,1,1,0,0,0,0,1,1,1,1,1,1,1,1,1,1,1,1,1,1,2,2,3,3,4,2,4,1,1,1,22,4,3,3,5,1,1,1,0,1,1,1,1,1,2
LY,Libya,,13,11,7,13,19,7,16,11,8,19,17,13,13,14,54,12,9,11,17,10,15,26,16,13,10,9,10,8,22,14,26,6,10,8,13,11,2,10,13,11,13,13,7,9,7,11,17,36,22,10,14,16,6,16,8,8,12,13,14,21,16,11,15,12,24,15,15,20,18,13,17,23,18,11,10
LI,Liechtenstein,,2,2,1,2,2,1,2,2,2,2,2,1,2,2,2,2,2,1,2,2,2,1,2,2,7,2,2,1,3,1,1,1,1,1,1,49,1,1,1,1,1,1,1,2,1,2,1,2,1,2,1,3,1,2,1,1,11,1,4,1,0,0,0,0,0,1,1,0,1,0,0,0,0,0,0
MO,Macao,,5,4,5,4,6,6,5,6,7,6,6,5,17,6,9,9,8,9,7,6,6,7,6,6,8,7,8,4,5,8,14,14,17,15,12,12,12,13,18,14,15,19,18,17,20,14,21,25,22,21,22,25,23,18,8,22,23,30,27,23,21,26,29,26,18,21,17,15,14,19,18,15,14,10,14
MG,Madagascar,,1,2,1,1,1,1,1,1,1,1,1,1,1,1,1,1,0,1,1,1,1,1,2,1,1,1,1,0,0,0,0,0,0,1,1,1,0,1,1,1,1,1,0,1,0,1,1,1,1,2,1,1,1,1,2,2,1,1,1,1,1,3,1,1,1,1,2,1,1,1,1,0,1,1,1
MW,Malawi,,1,1,2,1,1,1,2,1,2,1,1,1,1,1,1,1,1,1,1,4,2,2,1,1,1,1,1,1,1,1,1,1,1,1,1,2,0,1,1,1,1,1,1,1,2,2,3,2,5,1,1,1,1,1,1,1,1,1,1,1,1,1,1,1,3,2,1,1,1,2,1,1,2,1,1
MY,Malaysia,,151,113,100,112,101,107,103,111,128,109,110,104,109,109,116,116,107,115,116,120,123,133,113,116,126,131,117,86,89,111,119,122,120,123,135,137,125,190,134,130,152,126,126,126,144,136,167,131,155,143,152,164,165,155,175,159,145,150,144,136,150,150,139,152,145,185,137,138,119,134,143,142,139,155,152
MV,Maldives,,1,1,2,1,3,1,2,1,2,2,1,1,1,1,1,1,2,2,6,2,2,1,2,4,2,2,2,1,0,0,0,1,0,1,1,2,2,1,1,2,2,1,1,1,1,2,1,3,1,1,2,1,1,1,2,2,1,2,2,3,2,2,3,4,3,4,2,4,2,1,2,2,3,2,2
ML,Mali,,0,1,2,2,2,1,1,42,2,0,0,2,1,1,2,1,1,0,1,1,26,1,2,1,1,2,1,1,40,5,2,2,1,2,2,2,3,2,2,2,3,3,4,2,3,3,3,1,1,2,2,2,1,2,3,2,1,2,2,1,1,3,1,2,2,1,1,1,1,2,1,2,2,3,3
MH,Marshall Islands,,0,0,0,0,0,0,0,1,0,0,1,0,0,0,0,0,0,0,0,2,0,0,0,0,0,0,0,0,0,0,9,0,0,0,13,0,0,0,0,0,0,0,0,0,0,0,0,0,3,0,0,0,0,0,0,14,4,0,12,0,0,4,0,1,0,0,0,0,1,0,0,0,0,0,0
MR,Mauritania,,1,1,0,1,1,1,0,1,0,0,0,2,0,1,1,4,1,1,0,2,7,2,1,6,0,0,1,0,2,0,0,1,1,1,1,2,0,0,0,1,1,1,1,1,1,1,0,5,2,1,2,2,26,5,5,7,8,1,1,2,8,2,5,5,2,3,2,2,2,2,2,4,4,2,2
MU,Mauritius,,5,6,7,13,7,7,5,6,6,7,6,6,6,7,8,6,8,7,6,7,6,8,7,6,4,5,7,3,3,3,5,5,5,4,5,4,3,5,4,6,5,4,6,4,4,4,4,5,4,4,5,6,10,7,5,7,6,6,7,7,6,5,9,7,7,8,8,7,6,7,6,6,5,6,8
MX,Mexico,,137,125,116,122,140,119,125,137,142,175,127,263,135,119,121,136,114,129,122,102,126,112,116,105,110,120,122,64,56,96,89,77,73,88,108,92,97,93,80,111,104,98,82,110,65,123,94,96,111,112,108,100,136,115,117,133,142,126,122,143,122,141,172,181,136,135,156,129,142,157,122,157,160,246,155
FM,Micronesia,,0,0,0,0,0,0,0,0,0,0,0,0,0,0,0,0,0,0,0,0,0,0,0,0,0,0,0,0,0,0,0,0,0,0,0,0,0,0,0,0,0,0,0,0,0,0,0,0,0,0,0,0,0,0,0,0,0,0,0,0,0,0,0,0,0,0,0,0,0,0,0,0,0,0,0
MD,Moldova,,3,4,4,3,3,5,3,4,2,3,4,3,3,4,2,2,1,2,2,2,2,2,3,2,2,4,4,1,1,1,2,2,3,2,3,3,2,5,2,3,2,1,1,1,3,2,3,5,1,3,4,4,3,3,2,3,2,2,3,2,2,3,4,3,2,6,4,3,4,4,5,4,4,3,5
MN,Mongolia,,2,1,1,2,4,3,3,1,1,1,1,1,2,1,2,2,1,1,2,1,1,2,2,2,2,1,1,1,1,1,1,1,1,1,2,3,1,12,2,1,2,7,1,1,2,1,1,1,2,2,2,2,2,2,2,2,3,2,1,3,3,3,2,2,2,2,3,3,1,2,1,1,2,1,2
ME,Montenegro,,1,1,1,2,2,1,4,1,0,1,1,1,1,2,2,4,7,7,6,3,4,8,2,2,1,1,1,1,4,1,1,2,1,1,1,1,0,1,2,1,2,2,10,2,3,1,4,2,0,1,1,1,1,1,0,1,1,1,0,1,1,1,1,1,1,1,1,1,1,1,1,1,1,1,1
MS,Montserrat,,0,1,0,0,0,0,0,0,0,0,0,0,0,0,0,0,0,0,0,0,0,0,0,0,0,0,0,0,0,0,0,0,0,0,0,0,0,0,0,0,0,0,0,0,0,0,0,0,0,0,0,0,0,0,0,0,0,0,0,0,0,0,0,0,0,0,0,0,0,0,0,0,0,0,0
MA,Morocco incl. Western Sahara,,65,62,82,63,69,53,73,42,69,66,45,52,54,76,71,60,45,57,45,51,71,78,31,34,39,47,73,30,25,26,58,46,41,36,24,82,52,41,48,49,48,46,99,66,48,35,52,94,65,132,157,42,105,86,84,219,36,86,57,92,75,84,96,81,68,92,120,109,85,71,67,79,63,54,63
MZ,Mozambique,,1,3,2,4,2,1,2,1,2,2,4,2,2,1,4,2,2,1,4,24,6,22,2,46,16,4,10,1,1,3,2,1,2,2,10,2,3,3,5,3,4,3,7,3,4,4,4,2,2,5,3,2,3,2,2,1,2,1,3,3,2,2,2,1,2,3,4,2,2,4,2,2,2,3,5
MM,Myanmar (Burma),,2,2,8,3,2,4,3,3,2,3,5,2,1,2,2,3,4,2,2,3,3,3,4,4,3,3,3,2,3,2,3,2,3,3,2,5,3,2,1,0,2,1,2,3,2,2,3,1,2,2,2,3,3,2,3,1,2,2,3,1,1,1,1,2,1,2,1,2,2,2,2,2,2,1,1
NA,Namibia,,3,3,3,3,4,4,4,6,3,6,4,4,2,3,2,3,4,4,4,4,4,5,4,5,2,2,3,2,2,4,4,5,3,4,5,15,4,7,5,5,4,4,5,6,5,16,7,7,5,5,5,7,9,6,4,7,9,8,6,8,9,4,9,10,6,4,7,9,7,7,4,4,5,6,7
NR,Nauru,,0,0,0,0,0,0,0,0,0,0,0,0,0,0,0,0,0,0,0,0,0,0,0,0,0,0,0,0,0,0,0,0,0,0,0,0,0,0,0,0,0,0,0,0,0,0,0,0,0,0,0,0,0,0,0,0,0,0,0,0,0,0,0,0,0,0,0,0,0,0,0,0,0,0,0
NP,Nepal,,1,1,2,1,1,2,1,1,1,1,1,2,1,1,0,1,2,1,1,6,1,1,2,1,1,2,0,0,0,0,1,0,1,1,1,1,1,1,1,1,0,1,1,2,1,1,1,1,1,2,2,1,2,1,1,1,1,1,1,1,1,1,1,1,1,1,1,1,1,1,1,1,1,1,3
NC,New Caledonia,,2,1,0,1,1,3,1,2,1,3,1,2,1,2,0,3,1,1,1,2,2,1,1,2,1,1,1,1,1,0,1,1,2,3,1,3,1,1,1,1,1,0,1,2,1,1,1,1,1,1,3,1,2,2,1,2,2,1,1,2,1,2,1,2,1,1,2,1,1,1,1,1,1,1,1
NZ,New Zealand,,81,79,81,76,75,83,125,67,73,65,76,72,71,106,73,69,78,70,65,65,75,74,64,68,82,89,61,43,35,47,67,68,61,75,64,77,72,65,97,74,79,76,70,75,70,63,67,96,75,73,83,77,78,66,87,78,74,118,100,80,85,107,59,149,97,110,85,97,86,105,61,80,92,91,75
NI,Nicaragua,,1,1,1,0,0,1,0,0,0,0,0,0,0,0,1,0,0,0,0,0,0,0,0,1,1,0,1,0,0,0,0,0,0,0,0,1,0,0,0,0,1,0,1,1,1,0,0,0,0,0,1,0,0,0,0,0,1,0,0,1,0,0,0,1,0,0,0,0,0,1,0,0,0,2,0
NE,Niger,,0,0,0,0,0,0,0,0,0,0,0,0,0,1,1,0,0,0,0,0,0,0,0,0,0,0,0,0,0,0,0,0,0,1,1,0,0,0,1,1,1,0,1,2,1,1,3,0,0,0,1,0,1,2,0,0,0,0,1,0,1,0,7,1,1,1,1,0,0,1,1,0,0,0,1
NG,Nigeria,,96,133,128,124,143,69,140,104,111,172,224,146,132,144,73,153,174,125,177,99,106,137,143,117,167,91,122,54,73,79,62,114,102,111,77,132,140,88,108,121,111,162,124,128,137,89,96,177,124,159,335,105,62,192,130,141,88,101,99,93,84,75,234,173,69,113,127,106,94,143,138,217,64,94,59
NU,Niue Island,,0,0,0,0,0,4,0,0,0,0,0,0,0,0,0,0,0,0,1,0,0,0,0,0,0,0,0,0,0,0,0,0,0,0,0,0,0,0,0,0,0,0,0,0,0,0,0,0,0,0,0,0,0,0,0,0,0,0,0,18,0,0,0,0,0,0,0,0,0,0,0,0,0,0,0
NF,Norfolk Island,,0,0,0,0,0,0,0,0,0,0,0,0,0,0,0,0,0,0,0,0,0,0,0,0,0,0,0,0,0,0,0,0,0,0,0,0,0,0,0,0,0,0,0,0,0,0,0,0,0,0,0,0,0,0,0,0,0,0,0,0,0,0,0,0,0,0,0,0,0,0,0,0,0,0,0
KP,North Korea,,0,0,0,0,0,0,0,0,0,0,0,0,0,0,0,0,0,0,0,0,0,0,0,1,0,0,0,0,0,0,0,0,0,0,0,0,0,0,0,0,0,0,0,0,0,0,0,0,0,0,0,0,0,0,0,0,0,0,0,0,0,0,0,0,0,0,0,0,0,0,0,0,0,0,0
MK,North Macedonia,,78,71,61,71,65,76,65,72,80,117,86,40,96,93,158,131,88,86,110,113,65,93,103,127,64,119,61,2,36,91,132,116,119,166,98,142,147,158,117,212,145,140,119,168,62,120,105,131,111,160,114,173,150,131,102,149,201,159,141,147,100,121,129,125,113,133,98,73,116,94,104,99,87,86,72
MP,Northern Mariana Islands,,0,0,0,0,0,0,0,0,0,0,0,0,0,0,0,0,0,0,0,0,0,0,0,0,0,0,0,0,0,0,0,0,0,0,0,0,0,0,0,0,0,0,0,0,0,0,0,0,0,0,0,0,0,0,0,0,0,0,0,0,0,0,0,0,0,0,0,0,0,0,0,0,0,0,0
NO,Norway,,270,266,237,269,335,292,430,295,360,324,301,283,327,282,331,294,258,280,302,362,336,312,394,418,411,277,419,246,259,437,236,291,299,336,307,383,287,365,309,461,242,301,232,251,284,293,263,274,238,353,267,245,372,299,372,338,427,494,315,293,329,261,514,307,434,330,345,252,312,327,266,259,198,235,269
PS,Occupied Palestinian Territory,,0,1,1,1,1,0,1,0,1,1,1,0,1,0,1,0,0,0,0,0,1,1,0,0,2,1,1,0,0,0,0,0,0,0,0,0,0,0,0,0,0,0,0,0,1,0,1,2,0,1,1,1,0,1,1,1,1,1,1,1,1,0,1,1,0,0,0,0,1,0,0,1,0,0,0
OM,Oman,,40,246,61,37,59,271,60,51,89,64,46,47,42,35,56,49,38,33,40,36,71,42,57,45,33,119,34,40,22,23,30,26,34,30,32,40,35,24,27,58,26,22,44,21,22,46,27,26,59,19,32,34,66,39,29,51,29,27,40,30,51,30,88,60,50,36,33,35,38,53,48,54,68,44,61
PK,Pakistan,,64,54,65,63,73,75,58,77,57,59,73,63,44,67,93,94,65,84,61,44,58,60,86,58,39,45,54,35,91,40,51,50,42,52,54,49,58,48,57,55,59,57,49,40,78,82,76,68,57,65,61,47,42,47,79,52,55,46,54,62,31,26,40,30,40,44,42,41,59,54,39,40,33,29,55
PW,Palau,,0,0,0,0,0,0,0,0,0,0,0,0,0,0,0,0,0,0,0,0,0,0,0,0,0,0,0,0,0,0,0,0,0,0,0,0,0,0,0,0,0,0,0,0,0,0,0,0,0,0,0,0,0,0,0,0,0,0,0,0,0,0,0,0,0,0,0,0,0,0,0,0,0,0,0
PA,Panama,,11,13,18,16,9,10,17,11,15,13,26,16,15,18,15,14,11,16,12,17,14,17,13,12,10,12,14,8,7,7,9,6,8,12,8,8,12,12,10,15,11,19,10,14,23,13,15,10,24,22,21,83,21,36,673,25,25,33,26,40,9,12,26,14,9,33,15,19,16,14,9,14,7,14,19
PG,Papua New Guinea,,1,0,1,1,0,0,1,1,2,1,1,1,1,1,0,1,1,1,1,4,0,1,1,1,0,1,0,1,1,1,1,0,0,1,0,1,1,2,2,0,1,5,1,1,1,1,1,1,1,1,0,1,0,1,2,1,0,1,0,1,1,0,1,1,0,0,0,1,1,1,1,2,0,2,1
PY,Paraguay,,3,5,3,4,4,2,3,2,4,2,4,4,2,3,6,3,3,2,2,2,2,2,3,4,2,3,3,1,1,1,1,2,1,1,1,2,2,2,2,2,1,2,2,2,3,2,2,1,4,3,3,1,4,2,2,2,4,4,2,3,1,2,4,3,3,3,2,2,2,3,3,4,2,2,3
PE,Peru,,18,14,13,12,13,14,17,17,14,19,17,14,12,24,15,14,17,13,14,15,13,13,12,13,14,15,12,5,12,8,10,6,8,12,13,11,11,15,13,26,10,13,11,13,11,16,15,12,12,11,103,12,15,19,19,15,16,17,18,16,15,22,36,17,15,21,15,20,18,22,18,13,11,9,13
PH,Philippines,,47,38,42,39,39,43,68,44,42,50,52,57,47,62,47,57,120,56,142,46,48,56,47,45,48,56,42,28,33,40,38,42,31,37,38,68,34,38,36,37,43,40,32,36,34,32,39,44,52,32,49,49,60,49,53,60,82,62,106,48,60,96,78,57,45,46,52,44,47,55,47,52,50,53,51
PN,Pitcairn,,0,0,0,0,0,0,0,0,0,0,0,0,0,0,0,0,0,0,0,0,0,0,0,0,0,0,0,0,0,0,0,0,0,0,0,0,0,0,0,0,0,0,0,0,0,0,0,0,0,0,0,0,0,0,0,0,0,0,0,0,0,0,0,0,0,0,0,0,0,0,0,0,0,0,0
QA,Qatar,,236,279,187,183,117,326,180,165,196,177,197,179,217,262,189,190,208,349,201,173,224,196,226,206,217,219,221,230,330,205,250,221,169,216,207,180,157,40,166,177,147,129,167,131,123,146,107,154,149,21,129,169,554,166,169,838,220,196,730,226,207,223,452,119,284,605,176,183,391,161,520,368,237,264,232
RU,Russia,,256,239,253,259,220,226,198,187,241,207,228,211,233,225,237,228,222,284,236,225,249,219,199,220,236,211,210,173,201,219,201,217,206,200,207,198,204,247,228,234,244,208,261,253,283,335,345,331,336,301,105,34,55,87,74,55,80,40,58,63,123,62,46,115,87,46,60,81,58,67,74,47,82,74,72
RW,Rwanda,,1,3,1,1,1,1,2,1,1,1,1,0,1,1,1,1,2,2,4,1,1,1,1,1,1,0,1,1,0,1,1,1,1,1,2,4,2,1,1,2,2,2,1,1,1,1,3,2,1,1,0,1,1,2,1,2,1,1,1,1,1,1,1,1,1,2,1,1,1,2,1,1,1,1,0
WS,Samoa,,0,0,0,0,0,0,0,0,0,0,0,0,0,0,0,0,0,0,0,0,0,0,0,0,0,0,0,0,0,0,0,0,0,0,0,0,0,0,0,0,0,0,0,0,0,0,0,0,0,0,0,0,0,0,11,0,0,0,0,0,0,0,0,0,0,0,0,0,0,0,0,0,0,0,0
SM,San Marino,,0,1,1,1,1,1,0,1,1,0,0,0,0,1,1,1,0,0,0,0,0,0,1,0,0,1,0,0,0,0,0,0,0,0,0,0,0,0,0,0,0,0,0,0,0,0,0,0,0,0,0,0,0,0,0,0,0,0,0,0,0,0,0,0,0,0,0,0,0,0,0,0,0,0,0
ST,Sao Tome and Principe,,0,0,0,0,0,0,0,0,0,0,0,0,0,0,0,0,0,0,0,0,0,0,0,0,0,0,0,0,0,0,0,1,0,0,0,0,0,0,0,0,0,0,0,0,0,0,0,0,0,0,0,0,0,0,0,0,0,0,0,0,0,0,0,0,0,0,0,0,0,0,0,0,0,0,0
SA,Saudi Arabia,,222,243,371,351,329,259,303,229,449,423,249,334,216,210,322,415,253,283,314,206,231,319,312,295,267,210,223,212,181,200,217,189,188,242,334,260,271,205,264,215,257,244,244,212,191,454,240,311,249,251,302,292,313,272,315,269,339,312,455,613,347,378,486,304,510,417,340,442,338,459,403,405,343,569,350
SN,Senegal,,3,8,20,31,14,8,28,29,26,5,31,4,23,26,11,21,24,7,20,8,41,5,28,28,22,3,14,22,7,5,4,8,4,8,4,4,7,8,13,7,14,17,17,11,26,4,40,6,32,11,52,16,9,16,11,9,20,21,36,17,60,40,11,11,17,13,7,8,9,7,26,6,8,9,5
RS,Serbia,,15,27,17,16,19,21,17,16,21,24,25,19,20,22,24,15,17,15,19,16,17,16,26,29,28,49,28,8,15,18,16,11,18,16,16,19,8,12,18,13,16,16,15,17,18,22,30,72,43,21,30,17,21,41,22,23,19,20,24,28,18,19,28,23,22,22,22,20,25,25,27,30,20,29,27
SC,Seychelles,,2,1,1,2,2,2,58,10,3,3,2,2,1,1,3,2,2,2,2,2,4,3,3,3,1,3,3,1,1,1,2,2,1,1,3,3,1,1,1,2,2,1,2,1,2,3,2,2,2,1,2,2,1,2,2,2,3,2,2,3,1,2,2,2,2,2,2,2,2,2,34,3,2,2,2
SL,Sierra Leone,,1,5,2,2,3,6,2,2,2,3,4,3,5,3,4,3,2,4,4,2,2,3,3,2,2,1,3,2,1,1,3,3,5,3,2,3,2,3,3,3,3,2,3,4,2,3,4,3,3,2,3,2,3,3,3,3,2,4,5,5,2,2,2,5,3,3,3,3,2,3,3,3,2,3,2
SG,Singapore,,443,359,431,404,414,381,369,359,407,481,410,496,391,384,517,469,464,369,542,468,511,542,468,431,465,471,460,309,447,292,421,326,318,399,298,335,289,309,311,380,378,486,399,316,343,530,772,445,402,413,370,487,502,408,615,660,673,563,488,507,480,911,546,485,457,643,540,513,560,472,504,497,709,653,490
SX,Sint Maarten,,0,1,0,1,0,1,1,0,0,1,1,1,1,1,1,0,0,1,0,0,1,1,1,1,1,1,1,1,0,0,0,1,0,1,0,1,0,1,1,0,1,1,0,1,1,1,1,1,1,0,1,1,1,0,1,1,1,1,1,1,0,0,1,0,1,0,1,1,0,1,1,1,0,1,1
SB,Solomon Islands,,0,0,0,0,0,0,0,0,0,0,0,0,0,0,0,0,0,0,0,0,0,0,0,0,0,0,0,0,0,0,0,0,0,0,0,0,0,0,0,9,0,0,0,4,0,0,0,0,0,0,1,0,0,0,0,0,0,0,0,0,0,0,0,0,0,0,0,0,0,0,0,0,0,0,0
SO,Somalia,,1,1,2,1,1,2,1,2,1,1,1,1,1,1,1,1,1,1,1,0,1,4,1,0,1,0,1,2,2,1,1,1,0,3,1,1,2,0,1,1,2,2,1,2,1,1,1,0,1,1,4,1,0,0,1,2,1,1,2,2,1,2,2,1,1,1,1,2,1,1,1,1,1,1,0
ZA,South Africa,,237,186,180,172,162,158,157,144,148,148,178,165,148,180,164,150,150,158,194,169,204,143,154,139,139,138,134,86,80,88,117,134,131,135,134,129,128,145,197,146,148,138,145,127,121,139,130,152,176,143,211,131,165,123,158,207,168,174,166,163,153,151,154,174,161,165,156,160,171,151,156,172,138,139,129
GS,South Georgia,,0,0,0,0,0,0,0,0,0,0,0,0,0,0,0,0,0,0,0,0,0,0,0,0,0,0,0,0,0,0,0,0,0,0,0,0,0,0,0,0,0,0,0,0,0,0,0,0,0,0,0,0,0,0,0,0,0,0,0,0,0,0,0,0,0,0,0,0,0,0,0,0,0,0,0
KR,South Korea,,394,357,659,774,581,538,1047,554,526,541,540,278,298,516,280,268,354,409,731,307,281,324,308,410,237,387,431,208,200,630,393,419,528,480,458,491,282,580,571,307,351,370,285,328,633,688,885,489,716,734,866,690,908,305,346,1202,457,414,355,566,561,408,414,336,427,339,458,408,666,525,333,701,289,377,320
SS,South Sudan,,1,0,0,0,0,0,0,0,0,0,1,0,0,0,0,1,4,0,0,0,0,0,2,0,3,3,0,2,1,0,0,0,0,0,0,0,0,1,1,1,0,1,0,1,0,0,1,0,0,1,1,0,0,0,0,0,1,0,0,1,0,0,1,0,0,1,0,1,1,1,1,1,1,0,0
LK,Sri Lanka,,23,21,25,21,24,25,36,25,26,24,35,24,28,21,22,22,20,25,22,21,27,26,32,25,27,13,16,8,5,9,8,10,10,9,12,12,10,11,12,11,15,18,12,11,13,13,13,35,9,11,20,8,13,8,9,8,12,10,9,14,8,11,10,8,8,31,14,11,8,12,14,9,9,8,8
KN,St Kitts and Nevis,,0,0,0,0,0,1,1,0,0,1,1,0,0,0,0,3,0,0,2,1,1,0,0,0,0,0,0,1,0,0,3,0,1,1,0,0,0,0,1,0,0,0,1,1,1,0,0,1,0,1,0,1,0,1,1,1,1,1,1,0,1,0,1,0,0,0,0,0,0,1,1,0,1,1,1
LC,St Lucia,,1,2,3,1,1,2,2,2,2,2,2,1,1,1,2,2,2,2,2,1,2,2,2,2,1,2,2,4,1,2,1,2,2,1,1,1,0,1,1,1,2,2,2,1,2,2,1,2,1,1,2,1,2,2,2,2,1,3,2,2,2,2,3,2,2,3,2,3,2,3,3,2,2,2,2
VC,St Vincent,,1,1,1,1,1,1,2,1,1,2,2,1,1,1,1,1,1,1,1,1,2,1,3,1,1,1,1,1,1,1,1,1,1,2,4,1,0,1,1,1,1,2,1,1,2,1,1,2,0,2,1,2,1,1,1,2,1,3,2,2,1,1,2,1,2,2,2,3,2,2,3,3,1,1,4
SH,St. Helena,,1,2,2,1,1,1,1,1,1,2,3,2,3,1,1,2,2,1,2,1,2,1,1,2,5,1,2,2,2,1,2,3,1,1,2,1,1,1,2,1,4,1,3,1,2,1,2,1,2,0,1,0,3,3,1,1,1,3,1,0,2,1,1,3,0,2,1,2,2,4,1,1,2,0,1
SD,Sudan,,8,5,5,8,9,8,5,7,5,9,15,9,10,11,14,9,6,4,12,10,10,19,18,18,9,11,9,5,4,4,7,8,10,7,10,7,4,7,4,10,5,4,7,4,3,4,2,2,5,7,5,2,4,3,5,7,3,5,5,3,3,3,5,3,1,1,2,2,2,2,3,1,2,1,2
SR,Suriname,,0,0,1,0,1,1,1,0,0,1,1,1,1,1,1,1,0,1,1,1,1,2,0,4,1,0,1,0,0,1,0,1,0,0,1,5,1,0,1,4,1,1,0,0,0,0,1,1,0,0,1,0,1,0,1,2,2,1,1,1,2,2,1,1,1,2,1,1,0,0,1,0,0,1,1
CH,Switzerland,,499,679,623,395,577,645,680,558,549,659,652,575,568,593,557,658,579,834,706,652,689,865,1757,1489,895,701,589,2474,3041,967,553,676,610,609,526,530,540,503,572,1137,717,369,615,641,544,2082,2103,561,523,586,462,395,539,324,872,3139,3894,3396,3035,1255,1273,1309,1961,1400,1308,1104,901,821,655,815,768,516,1634,839,462
SY,Syria,,1,2,2,0,1,1,1,1,1,2,1,1,0,1,1,1,1,1,1,1,1,1,1,0,1,1,0,0,0,0,0,0,0,1,0,0,0,0,0,0,0,0,1,0,0,0,1,0,0,0,0,0,0,1,1,0,0,0,0,1,0,0,0,0,0,0,0,0,0,1,0,0,0,0,0
TW,Taiwan,,117,82,118,109,142,127,125,100,114,102,118,125,130,113,113,123,116,117,108,111,107,129,120,141,112,115,149,104,93,94,120,125,124,121,117,109,121,120,124,122,136,126,125,144,116,115,134,111,110,148,121,159,165,151,149,149,157,163,155,176,164,163,166,158,130,212,175,164,138,137,160,120,176,187,154
TJ,Tajikistan,,1,0,0,0,4,0,0,0,0,0,0,0,0,0,0,0,0,0,0,2,2,1,1,0,0,0,0,0,0,0,0,0,0,0,0,0,0,0,0,0,0,0,0,0,0,0,0,0,0,0,0,0,0,0,0,0,0,0,0,0,0,0,0,0,0,0,0,2,0,0,0,0,0,0,0
TZ,Tanzania,,10,8,9,9,7,12,10,9,11,7,13,10,13,7,10,10,12,8,19,10,9,9,8,10,8,8,8,8,4,6,9,9,8,9,11,11,6,7,8,7,8,9,9,9,7,9,8,10,8,5,9,10,10,10,7,12,9,13,9,20,11,11,14,9,15,11,11,14,11,19,14,7,9,9,11
TH,Thailand,,122,170,120,254,132,129,120,106,123,119,108,101,106,107,100,92,102,120,92,98,98,103,123,114,144,91,101,109,73,80,92,90,92,90,96,120,95,101,109,85,127,97,126,103,110,114,111,113,95,109,121,150,120,148,207,107,214,135,200,136,137,129,204,147,131,127,106,144,110,154,157,120,125,131,141
TG,Togo,,1,2,2,2,2,2,20,2,4,4,24,2,1,2,1,2,3,2,2,1,2,3,1,2,1,2,14,1,2,2,2,16,2,2,2,3,1,1,1,20,1,15,2,4,2,2,2,2,1,1,1,53,40,1,21,2,2,3,4,24,1,2,22,1,5,4,2,2,85,31,3,29,9,11,2
TK,Tokelau Islands,,0,0,0,0,0,0,0,0,0,0,0,0,0,0,0,0,0,0,0,0,0,0,0,0,0,0,0,0,0,0,0,0,0,0,0,0,0,0,0,0,0,0,0,0,0,0,0,0,0,0,0,0,0,0,0,0,0,0,0,0,0,0,0,0,0,0,0,0,0,0,0,0,0,0,0
TO,Tonga,,0,0,0,0,0,0,0,0,0,0,0,0,1,0,0,0,0,0,0,0,0,0,0,0,0,0,0,0,0,0,0,0,0,0,0,0,0,0,0,0,0,0,0,0,0,0,0,0,0,0,0,0,0,0,0,0,0,0,0,0,0,0,0,0,1,0,0,0,0,0,0,0,0,0,0
TT,Trinidad and Tobago,,8,11,6,11,8,8,6,16,8,9,9,70,9,8,9,8,9,10,7,9,11,8,11,12,11,12,14,9,4,2,79,8,9,16,12,9,13,12,11,9,11,8,11,6,11,8,7,9,12,8,8,10,56,7,8,10,9,7,12,10,8,12,12,15,6,9,6,7,13,8,10,10,9,12,16
TN,Tunisia,,17,10,12,19,11,13,15,11,12,42,14,9,13,12,28,10,26,11,17,10,19,17,16,16,17,15,31,22,7,12,9,7,10,13,29,14,6,11,12,11,11,15,15,31,10,35,34,20,32,13,17,17,12,12,13,8,13,15,13,16,12,10,16,12,10,16,14,18,16,16,17,17,14,22,16
TR,Turkey,,594,459,420,482,426,445,421,413,478,317,358,352,356,361,394,363,444,340,341,396,403,436,839,876,992,348,341,207,219,246,419,412,448,381,454,449,396,413,405,423,426,394,384,371,376,443,442,645,478,387,522,515,524,524,554,790,586,587,551,560,626,668,563,602,486,609,612,565,613,603,487,534,543,465,531
TM,Turkmenistan,,5,2,3,2,2,3,1,3,1,2,3,3,1,1,1,1,3,1,2,1,1,1,1,1,1,1,1,1,1,1,1,2,1,1,1,1,1,0,0,0,1,1,0,1,0,5,1,1,2,3,1,1,1,1,1,1,1,1,1,2,2,1,2,5,4,2,2,2,1,1,1,1,1,2,1
TC,Turks and Caicos Islands,,0,0,1,0,0,0,0,0,1,1,1,0,0,0,0,0,0,0,1,0,0,1,0,0,0,0,0,0,1,0,1,0,0,0,0,0,1,1,1,0,0,1,1,0,1,0,1,1,0,0,0,0,0,0,0,1,0,1,1,0,1,0,0,0,0,0,1,0,1,1,1,0,0,1,1
TV,Tuvalu,,0,0,0,0,0,0,0,0,0,0,0,0,0,0,0,0,0,0,0,0,0,0,0,0,0,0,0,0,0,0,0,0,0,0,0,0,0,0,0,0,0,0,0,0,0,0,0,0,0,0,0,0,0,0,0,0,0,0,0,0,0,0,0,0,0,0,0,0,0,0,0,0,0,0,0
UG,Uganda,,3,2,4,4,5,4,4,3,3,3,4,3,2,2,3,4,3,3,4,4,3,4,4,4,2,3,3,2,2,3,4,5,5,4,5,6,6,4,6,5,4,4,5,3,4,4,3,3,3,6,4,4,5,4,5,5,4,5,6,4,3,6,8,5,4,4,3,6,4,4,4,4,3,5,4
UA,Ukraine,,29,36,46,46,53,57,40,40,85,85,47,67,41,47,56,66,54,68,47,53,55,72,44,64,82,103,84,30,25,25,32,33,44,42,38,37,46,58,60,76,51,43,53,56,58,54,86,194,94,97,40,16,26,30,39,36,36,52,58,69,66,72,67,61,53,55,54,55,58,68,60,56,67,74,76
AE,United Arab Emirates,,468,548,554,513,433,625,538,656,591,542,495,495,564,541,572,368,557,597,514,512,491,559,1083,894,647,440,481,258,278,290,358,375,322,288,308,299,350,367,326,585,380,373,384,350,415,442,491,431,387,456,461,603,524,444,876,969,1480,1276,947,573,520,545,631,583,521,775,651,695,502,556,629,769,814,1142,659
US,United States inc Puerto Rico,,4369,4077,4448,4055,3963,4520,4267,4443,4876,4726,4724,4247,4573,4957,4569,4623,3960,4559,4903,4956,5239,4891,4744,6919,5271,4521,4426,3124,3437,3515,3811,3947,3338,3807,4264,3962,4254,4091,4418,4325,4445,4134,4200,3899,3538,4352,3886,4178,4182,4129,4464,4700,5107,5082,4694,5327,5612,5013,5855,5775,4963,5278,4669,5548,5268,5047,5220,4854,4833,4755,4824,5173,4672,4970,4990
UY,Uruguay,,14,16,10,17,10,7,12,11,14,10,11,11,13,13,17,10,8,8,11,15,10,16,9,9,11,12,10,5,4,3,7,5,6,7,9,8,6,8,9,7,5,7,7,9,9,10,15,7,8,7,8,8,10,13,14,13,11,11,12,15,9,13,14,15,12,12,14,13,9,10,15,9,14,12,10
UM,US Minor Outlying Islands,,0,0,0,0,0,0,0,0,0,0,0,0,0,0,0,0,0,0,0,0,0,0,0,0,0,0,0,0,0,0,0,0,0,0,0,0,0,0,0,0,0,0,0,0,0,0,0,0,0,0,0,0,0,0,0,0,0,0,0,0,0,0,0,0,0,0,0,0,1,0,0,0,0,0,0
VI,US Virgin Islands,,0,0,0,0,0,0,0,0,0,1,1,0,0,0,1,2,0,1,0,0,0,1,2,0,0,0,0,0,0,0,0,0,1,25,5,4,0,0,0,0,1,0,0,0,0,0,1,0,0,0,0,0,0,0,44,3,0,0,2,1,0,0,1,0,0,0,0,0,1,0,0,1,0,0,0
UZ,Uzbekistan,,2,2,2,1,1,3,1,2,7,1,5,10,1,2,3,5,2,3,2,2,2,19,3,4,1,22,1,0,1,14,3,1,1,1,1,1,3,2,18,7,2,4,18,11,2,2,2,9,25,3,2,2,3,3,3,3,3,28,7,7,2,5,5,6,8,6,6,9,5,5,6,3,2,3,3
VU,Vanuatu,,0,0,0,0,0,0,1,0,0,0,0,0,0,0,0,0,0,0,0,0,0,0,0,0,0,0,0,0,0,0,0,0,0,0,0,0,0,0,0,0,0,0,0,0,0,0,0,0,0,0,0,0,0,0,0,0,0,0,0,0,1,0,0,0,0,0,0,0,0,0,0,0,0,0,0
VA,Vatican City,,0,0,0,0,0,0,1,0,0,0,0,0,0,0,0,0,0,0,0,0,0,0,0,0,0,0,0,0,0,0,0,0,0,0,0,0,0,0,0,0,0,0,0,0,0,0,0,0,0,0,0,0,0,0,0,0,0,0,0,0,0,0,0,0,0,0,0,0,0,0,0,0,0,0,0
VE,Venezuela,,2,1,1,0,0,2,63,3,5,3,1,2,1,6,5,2,1,1,2,2,1,1,1,1,1,1,2,1,0,1,0,1,0,1,1,1,0,1,1,1,1,2,2,2,1,2,1,1,1,1,4,1,3,1,2,1,3,3,3,3,2,2,2,2,1,0,1,1,2,2,2,2,1,2,2
VN,Vietnam,,57,31,48,43,59,51,48,52,46,55,118,53,42,41,59,42,70,41,59,63,60,56,55,54,42,47,52,48,35,55,53,42,57,49,51,51,73,44,46,45,57,75,46,49,40,47,50,46,42,47,64,58,77,64,67,61,69,94,74,71,58,61,68,57,72,62,72,64,63,66,60,87,54,44,80
WF,Wallis and Futuna,,0,0,0,0,0,0,0,0,0,0,0,0,0,0,0,0,0,0,0,0,0,0,0,0,0,0,0,0,0,0,0,0,0,0,0,0,0,0,0,0,0,0,0,0,0,0,0,0,0,0,0,0,0,0,0,0,0,0,0,0,0,0,0,0,0,0,0,0,0,0,0,0,0,0,0
YE,Yemen,,1,2,5,4,1,5,2,2,6,2,5,4,3,7,6,6,5,4,6,4,3,1,3,1,2,2,2,1,3,3,2,2,1,6,5,2,3,6,5,3,3,6,5,2,1,5,4,2,3,2,4,2,1,3,6,4,2,3,5,2,6,5,3,3,2,1,2,2,2,2,2,2,2,2,1
ZM,Zambia,,5,6,5,5,7,7,7,8,9,8,7,6,4,6,7,6,6,4,6,5,6,5,6,7,6,5,4,3,6,5,5,5,4,6,6,6,4,6,6,5,5,5,6,4,6,5,5,6,7,4,7,7,6,5,6,8,9,11,8,9,7,5,8,5,6,4,7,5,5,7,3,5,2,4,3
ZW,Zimbabwe,,3,11,4,3,4,5,4,5,4,5,5,4,2,3,3,3,4,2,5,4,4,4,4,3,3,2,4,2,2,4,4,4,3,6,7,5,4,6,6,5,4,4,3,4,3,4,4,4,3,3,3,4,3,3,4,5,4,5,4,6,4,3,4,3,4,6,4,5,4,4,4,2,3,3,2
D5,Total Non EU [note 4],,14574,14127,14501,14359,14874,15602,15283,15114,16058,15666,15279,13781,14694,14890,14696,14415,14071,15781,17362,15988,16191,17088,20071,20780,16686,14127,14001,13759,14249,13286,12792,13293,12714,13565,13743,13378,14082,13266,14367,15551,15201,13666,13697,12968,13340,16534,15820,15291,15249,14744,15278,15601,17508,15360,18295,22489,23744,24032,24283,20488,18309,17957,17903,18114,17269,17812,17581,15692,15670,16898,17220,16728,17165,17302,15532
W1,Total,,29086,28049,28606,28619,29522,30707,30796,30000,30400,30199,29861,28159,29690,29807,30808,27421,28456,29540,32021,30379,30577,31802,32822,34880,30589,27550,25614,23632,24422,24930,24750,25279,25100,26699,27245,27940,21816,25240,27621,28538,29110,27181,27065,25728,26533,31202,30660,31441,27682,30788,33404,33191,34979,32540,36811,41899,41250,41525,41305,38749,34422,33840,33753,33950,32608,32856,32996,31408,30634,32119,32762,32168,32018,31717,30215
